jktz_object_id,source,identifier_type,identifier_value,scope,match_status
JKTZ-OBJ-000001,Geoportal_PIG,PIG_ID,4587,cave_context,cave_single_object_assumed
JKTZ-OBJ-000001,TPN,GLOBALID,{D7C052E6-D584-4320-B886-367312D2219F},object,source_object
JKTZ-OBJ-000001,TPN,NR_INWENT,T.E-08.75,cave_context,matched_inventory
JKTZ-OBJ-000002,Geoportal_PIG,PIG_ID,1205,cave_context,cave_single_object_assumed
JKTZ-OBJ-000002,TPN,GLOBALID,{38626571-CAA6-4317-8900-D61A995020E9},object,source_object
JKTZ-OBJ-000002,TPN,NR_INWENT,T.D-13.05,cave_context,matched_inventory
JKTZ-OBJ-000003,Geoportal_PIG,PIG_ID,1691,cave_context,cave_single_object_assumed
JKTZ-OBJ-000003,TPN,GLOBALID,{998C78C8-FE66-4FF5-A708-B7FCEB35E0C8},object,source_object
JKTZ-OBJ-000003,TPN,NR_INWENT,T.F-09.32,cave_context,matched_inventory
JKTZ-OBJ-000004,Geoportal_PIG,PIG_ID,1612,cave_context,cave_single_object_assumed
JKTZ-OBJ-000004,TPN,GLOBALID,{3385780F-49AE-4A44-88D2-B5E0A44A6EEF},object,source_object
JKTZ-OBJ-000004,TPN,NR_INWENT,T.E-12.65,cave_context,matched_inventory
JKTZ-OBJ-000005,Geoportal_PIG,PIG_ID,1136,cave_context,cave_single_object_assumed
JKTZ-OBJ-000005,TPN,GLOBALID,{814F5451-68F8-4DB0-A52F-D7469D588938},object,source_object
JKTZ-OBJ-000005,TPN,NR_INWENT,T.D-08.45,cave_context,matched_inventory
JKTZ-OBJ-000006,Geoportal_PIG,PIG_ID,1184,cave_context,cave_single_object_assumed
JKTZ-OBJ-000006,TPN,GLOBALID,{1D079841-BA86-4F16-A9CD-DC89A215567E},object,source_object
JKTZ-OBJ-000006,TPN,NR_INWENT,T.D-09.11,cave_context,matched_inventory
JKTZ-OBJ-000007,TPN,GLOBALID,{A92FF1D1-6B71-4A2F-995D-9F7F56003701},object,source_object
JKTZ-OBJ-000008,Geoportal_PIG,PIG_ID,1226,cave_context,cave_single_object_assumed
JKTZ-OBJ-000008,TPN,GLOBALID,{6CE25FC0-E936-4473-BF8C-374DDAD70FF8},object,source_object
JKTZ-OBJ-000008,TPN,NR_INWENT,T.D-16.02,cave_context,matched_inventory
JKTZ-OBJ-000009,Geoportal_PIG,PIG_ID,1495,cave_context,cave_single_object_assumed
JKTZ-OBJ-000009,TPN,GLOBALID,{23287A45-D91F-46D7-A9B2-2C6EBFDA9764},object,source_object
JKTZ-OBJ-000009,TPN,NR_INWENT,T.E-11.18,cave_context,matched_inventory
JKTZ-OBJ-000010,Geoportal_PIG,PIG_ID,1210,cave_context,cave_single_object_assumed
JKTZ-OBJ-000010,TPN,GLOBALID,{F8CD0A11-3239-40F3-9473-2F3F67F09177},object,source_object
JKTZ-OBJ-000010,TPN,NR_INWENT,T.D-12.03,cave_context,matched_inventory
JKTZ-OBJ-000011,Geoportal_PIG,PIG_ID,1464,cave_context,cave_single_object_assumed
JKTZ-OBJ-000011,TPN,GLOBALID,{FBFEAEEE-59BD-41A0-80F7-5DF22CCFFDC4},object,source_object
JKTZ-OBJ-000011,TPN,NR_INWENT,T.E-09.25,cave_context,matched_inventory
JKTZ-OBJ-000012,Geoportal_PIG,PIG_ID,1199,cave_context,cave_single_object_assumed
JKTZ-OBJ-000012,TPN,GLOBALID,{9DD1974D-1112-4D96-B545-149DEFF404F8},object,source_object
JKTZ-OBJ-000012,TPN,NR_INWENT,T.D-11.03,cave_context,matched_inventory
JKTZ-OBJ-000013,Geoportal_PIG,PIG_ID,1342,cave_context,cave_single_object_assumed
JKTZ-OBJ-000013,TPN,GLOBALID,{B6F7153B-1D72-4F3E-9B70-BEBBF10E52CF},object,source_object
JKTZ-OBJ-000013,TPN,NR_INWENT,T.E-07.38,cave_context,matched_inventory
JKTZ-OBJ-000014,Geoportal_PIG,PIG_ID,1363,cave_context,cave_single_object_assumed
JKTZ-OBJ-000014,TPN,GLOBALID,{F98E8983-73F8-411C-AC19-A8159D2509EE},object,source_object
JKTZ-OBJ-000014,TPN,NR_INWENT,T.E-08.25,cave_context,matched_inventory
JKTZ-OBJ-000015,Geoportal_PIG,PIG_ID,1123,cave_context,cave_single_object_assumed
JKTZ-OBJ-000015,TPN,GLOBALID,{999266F2-D9FD-4E23-95C7-B33DF9249882},object,source_object
JKTZ-OBJ-000015,TPN,NR_INWENT,T.D-08.34,cave_context,matched_inventory
JKTZ-OBJ-000016,TPN,GLOBALID,{4B93FEA3-BF1A-4B34-BD98-0E41E9535BE9},object,source_object
JKTZ-OBJ-000017,Geoportal_PIG,PIG_ID,1570,cave_context,cave_single_object_assumed
JKTZ-OBJ-000017,TPN,GLOBALID,{AE41691D-E8DC-446A-803F-0CEF3B31291E},object,source_object
JKTZ-OBJ-000017,TPN,NR_INWENT,T.E-12.35,cave_context,matched_inventory
JKTZ-OBJ-000018,TPN,GLOBALID,{61A88B7E-F4D7-448E-89C5-22F89BA5BAEF},object,source_object
JKTZ-OBJ-000019,TPN,GLOBALID,{5760C06D-8E78-4D2C-A4DF-2A3FCB0BF8B2},object,source_object
JKTZ-OBJ-000020,Geoportal_PIG,PIG_ID,1216,cave_context,cave_single_object_assumed
JKTZ-OBJ-000020,TPN,GLOBALID,{D1D15AFB-85BE-4030-9CDE-B5185CA4AEDB},object,source_object
JKTZ-OBJ-000020,TPN,NR_INWENT,T.D-12.06,cave_context,matched_inventory
JKTZ-OBJ-000021,Geoportal_PIG,PIG_ID,1312,cave_context,cave_single_object_assumed
JKTZ-OBJ-000021,TPN,GLOBALID,{D3CBAA6B-3606-410F-966E-C456312CA3C2},object,source_object
JKTZ-OBJ-000021,TPN,NR_INWENT,T.E-07.17,cave_context,matched_inventory
JKTZ-OBJ-000022,Geoportal_PIG,PIG_ID,4106,cave_context,cave_single_object_assumed
JKTZ-OBJ-000022,TPN,GLOBALID,{0B841FD6-F169-4101-B7A1-13349B2E1714},object,source_object
JKTZ-OBJ-000022,TPN,NR_INWENT,T.B-12.11,cave_context,matched_inventory
JKTZ-OBJ-000023,Geoportal_PIG,PIG_ID,1460,cave_context,cave_single_object_assumed
JKTZ-OBJ-000023,TPN,GLOBALID,{B1F9FAAC-54C4-4E08-A474-CB2CEAD0F2A9},object,source_object
JKTZ-OBJ-000023,TPN,NR_INWENT,T.E-09.21,cave_context,matched_inventory
JKTZ-OBJ-000024,Geoportal_PIG,PIG_ID,1473,cave_context,cave_single_object_assumed
JKTZ-OBJ-000024,TPN,GLOBALID,{E03549BE-8CD5-4C62-865B-15FC23EC2AB2},object,source_object
JKTZ-OBJ-000024,TPN,NR_INWENT,T.E-11.06,cave_context,matched_inventory
JKTZ-OBJ-000025,Geoportal_PIG,PIG_ID,1558,cave_context,cave_single_object_assumed
JKTZ-OBJ-000025,TPN,GLOBALID,{B342F3C4-2EB2-4F37-BAA0-C0356B2332DD},object,source_object
JKTZ-OBJ-000025,TPN,NR_INWENT,T.E-12.23,cave_context,matched_inventory
JKTZ-OBJ-000026,Geoportal_PIG,PIG_ID,4146,cave_context,cave_single_object_assumed
JKTZ-OBJ-000026,TPN,GLOBALID,{7214936D-EDAA-436F-919F-4E57B947EA74},object,source_object
JKTZ-OBJ-000026,TPN,NR_INWENT,T.D-08.65,cave_context,matched_inventory
JKTZ-OBJ-000027,TPN,GLOBALID,{B70FDCF8-521F-4619-9B06-77D598113DCF},object,source_object
JKTZ-OBJ-000028,Geoportal_PIG,PIG_ID,1165,cave_context,cave_single_object_assumed
JKTZ-OBJ-000028,TPN,GLOBALID,{828E69B9-913C-4FEC-BB29-A74214B52584},object,source_object
JKTZ-OBJ-000028,TPN,NR_INWENT,T.D-08.57,cave_context,matched_inventory
JKTZ-OBJ-000029,Geoportal_PIG,PIG_ID,1493,cave_context,cave_single_object_assumed
JKTZ-OBJ-000029,TPN,GLOBALID,{6765FD85-422E-4241-A4CC-6E06612D0EB1},object,source_object
JKTZ-OBJ-000029,TPN,NR_INWENT,T.E-11.38,cave_context,matched_inventory
JKTZ-OBJ-000030,Geoportal_PIG,PIG_ID,4720,cave_context,cave_single_object_assumed
JKTZ-OBJ-000030,TPN,GLOBALID,{F67B912E-F7AA-4F5E-AF7E-EF9EFEAE6C64},object,source_object
JKTZ-OBJ-000030,TPN,NR_INWENT,T.D-22.04,cave_context,matched_inventory
JKTZ-OBJ-000031,Geoportal_PIG,PIG_ID,1424,cave_context,cave_single_object_assumed
JKTZ-OBJ-000031,TPN,GLOBALID,{8700627C-CF7F-4AD8-8365-131FD3EDC9BE},object,source_object
JKTZ-OBJ-000031,TPN,NR_INWENT,T.E-08.49,cave_context,matched_inventory
JKTZ-OBJ-000032,Geoportal_PIG,PIG_ID,1296,cave_context,cave_single_object_assumed
JKTZ-OBJ-000032,TPN,GLOBALID,{26CC4BA6-2813-4889-9312-D65B431DB780},object,source_object
JKTZ-OBJ-000032,TPN,NR_INWENT,T.E-07.06,cave_context,matched_inventory
JKTZ-OBJ-000033,Geoportal_PIG,PIG_ID,1605,cave_context,cave_single_object_assumed
JKTZ-OBJ-000033,TPN,GLOBALID,{A2896787-3BDE-4F05-94AF-189809FB5825},object,source_object
JKTZ-OBJ-000033,TPN,NR_INWENT,T.E-13.14,cave_context,matched_inventory
JKTZ-OBJ-000034,Geoportal_PIG,PIG_ID,1402,cave_context,cave_single_object_assumed
JKTZ-OBJ-000034,TPN,GLOBALID,{78811F4C-AD7F-4979-998E-9E6F998F446C},object,source_object
JKTZ-OBJ-000034,TPN,NR_INWENT,T.E-08.33,cave_context,matched_inventory
JKTZ-OBJ-000035,Geoportal_PIG,PIG_ID,1350,cave_context,cave_single_object_assumed
JKTZ-OBJ-000035,TPN,GLOBALID,{F194637E-621B-4B2C-8EDF-283C3FA343C3},object,source_object
JKTZ-OBJ-000035,TPN,NR_INWENT,T.E-07.44,cave_context,matched_inventory
JKTZ-OBJ-000036,TPN,GLOBALID,{32002BF4-19E5-4BDC-8EF1-93D2E7B54909},object,source_object
JKTZ-OBJ-000037,TPN,GLOBALID,{5811B4F0-9466-491F-A4A5-28ED700D1A5D},object,source_object
JKTZ-OBJ-000038,TPN,GLOBALID,{AFC28DA7-F21D-4303-8707-C5412DD4C64E},object,source_object
JKTZ-OBJ-000039,Geoportal_PIG,PIG_ID,1090,cave_context,cave_single_object_assumed
JKTZ-OBJ-000039,TPN,GLOBALID,{CBCA9AB2-077A-44A4-ACA8-973CEE8B7111},object,source_object
JKTZ-OBJ-000039,TPN,NR_INWENT,T.D-08.26,cave_context,matched_inventory
JKTZ-OBJ-000040,Geoportal_PIG,PIG_ID,986,cave_context,cave_single_object_assumed
JKTZ-OBJ-000040,TPN,GLOBALID,{E83DDD29-C1ED-4024-80E0-C661BFFEC1C2},object,source_object
JKTZ-OBJ-000040,TPN,NR_INWENT,T.D-06.03,cave_context,matched_inventory
JKTZ-OBJ-000041,Geoportal_PIG,PIG_ID,1555,cave_context,cave_single_object_assumed
JKTZ-OBJ-000041,TPN,GLOBALID,{2BE48BA1-AA64-4C81-BC60-19BF9348CAB8},object,source_object
JKTZ-OBJ-000041,TPN,NR_INWENT,T.E-12.20,cave_context,matched_inventory
JKTZ-OBJ-000042,Geoportal_PIG,PIG_ID,4289,cave_context,cave_single_object_assumed
JKTZ-OBJ-000042,TPN,GLOBALID,{1E5492F0-EDC5-4BD3-A6D8-8B73A03F059D},object,source_object
JKTZ-OBJ-000042,TPN,NR_INWENT,T.C-15.12,cave_context,matched_inventory
JKTZ-OBJ-000043,Geoportal_PIG,PIG_ID,1562,cave_context,cave_single_object_assumed
JKTZ-OBJ-000043,TPN,GLOBALID,{81318770-25A4-4060-93DD-59E069D20EC7},object,source_object
JKTZ-OBJ-000043,TPN,NR_INWENT,T.E-12.27,cave_context,matched_inventory
JKTZ-OBJ-000044,Geoportal_PIG,PIG_ID,1400,cave_context,cave_single_object_assumed
JKTZ-OBJ-000044,TPN,GLOBALID,{4E4EA3F1-E282-453F-84B2-D982B498ADF4},object,source_object
JKTZ-OBJ-000044,TPN,NR_INWENT,T.E-08.21,cave_context,matched_inventory
JKTZ-OBJ-000045,Geoportal_PIG,PIG_ID,495,cave_context,cave_single_object_assumed
JKTZ-OBJ-000045,TPN,GLOBALID,{ECA70A41-1AD6-452F-861C-ED58D62E7F94},object,source_object
JKTZ-OBJ-000045,TPN,NR_INWENT,T.E-12.64,cave_context,matched_inventory
JKTZ-OBJ-000046,TPN,GLOBALID,{F4D11F48-14AF-4A26-9FBC-A3366D5BF8D2},object,source_object
JKTZ-OBJ-000047,Geoportal_PIG,PIG_ID,1581,cave_context,cave_single_object_assumed
JKTZ-OBJ-000047,TPN,GLOBALID,{E70A776D-C9AC-48BB-995F-303241B61670},object,source_object
JKTZ-OBJ-000047,TPN,NR_INWENT,T.E-12.43,cave_context,matched_inventory
JKTZ-OBJ-000048,TPN,GLOBALID,{AF10A02B-D9B1-4697-950C-C58015B51296},object,source_object
JKTZ-OBJ-000049,Geoportal_PIG,PIG_ID,1086,cave_context,cave_single_object_assumed
JKTZ-OBJ-000049,TPN,GLOBALID,{2A1DB3F5-3264-4C30-97F2-96525AA7AE9A},object,source_object
JKTZ-OBJ-000049,TPN,NR_INWENT,T.D-06.16,cave_context,matched_inventory
JKTZ-OBJ-000050,Geoportal_PIG,PIG_ID,1449,cave_context,cave_single_object_assumed
JKTZ-OBJ-000050,TPN,GLOBALID,{192FF205-AACF-4A53-A1BF-C5B44B89846E},object,source_object
JKTZ-OBJ-000050,TPN,NR_INWENT,T.E-09.16,cave_context,matched_inventory
JKTZ-OBJ-000051,Geoportal_PIG,PIG_ID,1430,cave_context,cave_single_object_assumed
JKTZ-OBJ-000051,TPN,GLOBALID,{BFD29C11-0C0C-4F4F-9577-18E86BA1FBD1},object,source_object
JKTZ-OBJ-000051,TPN,NR_INWENT,T.E-08.54,cave_context,matched_inventory
JKTZ-OBJ-000052,Geoportal_PIG,PIG_ID,1345,cave_context,cave_single_object_assumed
JKTZ-OBJ-000052,TPN,GLOBALID,{3CE9AF97-B67A-47F3-9309-60A8442F46E7},object,source_object
JKTZ-OBJ-000052,TPN,NR_INWENT,T.E-06.13,cave_context,matched_inventory
JKTZ-OBJ-000053,Geoportal_PIG,PIG_ID,1206,cave_context,cave_single_object_assumed
JKTZ-OBJ-000053,TPN,GLOBALID,{17B71AD0-C006-49F2-B2F0-E0094F4DD061},object,source_object
JKTZ-OBJ-000053,TPN,NR_INWENT,T.D-13.06,cave_context,matched_inventory
JKTZ-OBJ-000054,Geoportal_PIG,PIG_ID,1302,cave_context,cave_single_object_assumed
JKTZ-OBJ-000054,TPN,GLOBALID,{E64BC09B-435E-4D2A-86FF-F67516F671D6},object,source_object
JKTZ-OBJ-000054,TPN,NR_INWENT,T.E-07.09,cave_context,matched_inventory
JKTZ-OBJ-000055,TPN,GLOBALID,{C92929A3-56C0-4CE7-A989-3F2E432AF387},object,source_object
JKTZ-OBJ-000056,Geoportal_PIG,PIG_ID,1526,cave_context,cave_single_object_assumed
JKTZ-OBJ-000056,TPN,GLOBALID,{EE94CEE2-4D9C-49DF-94E5-5AFC8EFE020B},object,source_object
JKTZ-OBJ-000056,TPN,NR_INWENT,T.E-11.32,cave_context,matched_inventory
JKTZ-OBJ-000057,Geoportal_PIG,PIG_ID,1235,cave_context,cave_single_object_assumed
JKTZ-OBJ-000057,TPN,GLOBALID,{81F8A0BB-6D7F-4E11-A86C-AD579575AC13},object,source_object
JKTZ-OBJ-000057,TPN,NR_INWENT,T.D-16.08,cave_context,matched_inventory
JKTZ-OBJ-000058,Geoportal_PIG,PIG_ID,1367,cave_context,cave_single_object_assumed
JKTZ-OBJ-000058,TPN,GLOBALID,{5D25E8E1-4107-4E28-807D-318D7D0C0EF3},object,source_object
JKTZ-OBJ-000058,TPN,NR_INWENT,T.E-08.29,cave_context,matched_inventory
JKTZ-OBJ-000059,Geoportal_PIG,PIG_ID,1068,cave_context,cave_single_object_assumed
JKTZ-OBJ-000059,TPN,GLOBALID,{42E28FBC-EA46-4966-AF00-6C30A195195F},object,source_object
JKTZ-OBJ-000059,TPN,NR_INWENT,T.D-04.02,cave_context,matched_inventory
JKTZ-OBJ-000060,Geoportal_PIG,PIG_ID,4370,cave_context,cave_single_object_assumed
JKTZ-OBJ-000060,TPN,GLOBALID,{618BB524-677E-40BC-83ED-EA213385FA49},object,source_object
JKTZ-OBJ-000060,TPN,NR_INWENT,T.E-09.42,cave_context,matched_inventory
JKTZ-OBJ-000061,TPN,GLOBALID,{D1372576-F8E4-440B-BFDE-A01BFDE6BCF2},object,source_object
JKTZ-OBJ-000062,TPN,GLOBALID,{D22B814F-00F6-46BE-A245-547F46E810C1},object,source_object
JKTZ-OBJ-000063,Geoportal_PIG,PIG_ID,1564,cave_context,cave_single_object_assumed
JKTZ-OBJ-000063,TPN,GLOBALID,{49C610D9-1F24-4303-82A8-9E077342683E},object,source_object
JKTZ-OBJ-000063,TPN,NR_INWENT,T.E-12.29,cave_context,matched_inventory
JKTZ-OBJ-000064,TPN,GLOBALID,{BA97358D-C961-45B2-8A59-F1423AD3E8A9},object,source_object
JKTZ-OBJ-000065,Geoportal_PIG,PIG_ID,1284,cave_context,cave_single_object_assumed
JKTZ-OBJ-000065,TPN,GLOBALID,{A5AC9B07-F788-4069-8D07-D7D775B1BF2C},object,source_object
JKTZ-OBJ-000065,TPN,NR_INWENT,T.E-07.01,cave_context,matched_inventory
JKTZ-OBJ-000066,Geoportal_PIG,PIG_ID,1190,cave_context,cave_single_object_assumed
JKTZ-OBJ-000066,TPN,GLOBALID,{5CB9D2A5-061C-4E63-809A-6A25603C7F8D},object,source_object
JKTZ-OBJ-000066,TPN,NR_INWENT,T.D-10.04,cave_context,matched_inventory
JKTZ-OBJ-000067,TPN,GLOBALID,{86E6E8C9-8495-4E9B-8E89-BC4BC2ADEC06},object,source_object
JKTZ-OBJ-000068,Geoportal_PIG,PIG_ID,1340,cave_context,cave_single_object_assumed
JKTZ-OBJ-000068,TPN,GLOBALID,{D54F8971-A987-4EC7-9C67-DFE1B2F4BA0C},object,source_object
JKTZ-OBJ-000068,TPN,NR_INWENT,T.E-07.36,cave_context,matched_inventory
JKTZ-OBJ-000069,Geoportal_PIG,PIG_ID,1405,cave_context,cave_single_object_assumed
JKTZ-OBJ-000069,TPN,GLOBALID,{A8872736-80B6-4D68-BD07-7FE4F614CBA5},object,source_object
JKTZ-OBJ-000069,TPN,NR_INWENT,T.E-08.36,cave_context,matched_inventory
JKTZ-OBJ-000070,Geoportal_PIG,PIG_ID,1395,cave_context,cave_single_object_assumed
JKTZ-OBJ-000070,TPN,GLOBALID,{351F2F77-2551-4AE3-B265-F5F16650E8DE},object,source_object
JKTZ-OBJ-000070,TPN,NR_INWENT,T.E-08.17,cave_context,matched_inventory
JKTZ-OBJ-000071,Geoportal_PIG,PIG_ID,1327,cave_context,cave_single_object_assumed
JKTZ-OBJ-000071,TPN,GLOBALID,{89115F60-C282-4C40-938A-229569CE132E},object,source_object
JKTZ-OBJ-000071,TPN,NR_INWENT,T.E-07.28,cave_context,matched_inventory
JKTZ-OBJ-000072,Geoportal_PIG,PIG_ID,4422,cave_context,cave_single_object_assumed
JKTZ-OBJ-000072,TPN,GLOBALID,{89707F71-ADEB-45FD-BCC7-E742BA6867FF},object,source_object
JKTZ-OBJ-000072,TPN,NR_INWENT,T.F-11.08,cave_context,matched_inventory
JKTZ-OBJ-000073,Geoportal_PIG,PIG_ID,4351,cave_context,cave_single_object_assumed
JKTZ-OBJ-000073,TPN,GLOBALID,{B79197F0-C5A7-4141-B05A-9E2AEE44FAA3},object,source_object
JKTZ-OBJ-000073,TPN,NR_INWENT,T.E-09.37,cave_context,matched_inventory
JKTZ-OBJ-000074,Geoportal_PIG,PIG_ID,1501,cave_context,cave_single_object_assumed
JKTZ-OBJ-000074,TPN,GLOBALID,{E7AEB398-23B8-4263-A174-E85DF8FAC176},object,source_object
JKTZ-OBJ-000074,TPN,NR_INWENT,T.E-11.43,cave_context,matched_inventory
JKTZ-OBJ-000075,Geoportal_PIG,PIG_ID,1655,cave_context,cave_single_object_assumed
JKTZ-OBJ-000075,TPN,GLOBALID,{44D5526F-B287-47F6-8DA5-DF5615A512F5},object,source_object
JKTZ-OBJ-000075,TPN,NR_INWENT,T.F-09.04,cave_context,matched_inventory
JKTZ-OBJ-000076,Geoportal_PIG,PIG_ID,1326,cave_context,cave_single_object_assumed
JKTZ-OBJ-000076,TPN,GLOBALID,{D22B7269-0B61-4D30-9E8E-D6BEC62E1313},object,source_object
JKTZ-OBJ-000076,TPN,NR_INWENT,T.E-06.07,cave_context,matched_inventory
JKTZ-OBJ-000077,Geoportal_PIG,PIG_ID,1485,cave_context,cave_single_object_assumed
JKTZ-OBJ-000077,TPN,GLOBALID,{76ACE9B4-C7AD-4B71-98C3-57BFB5D3D6B7},object,source_object
JKTZ-OBJ-000077,TPN,NR_INWENT,T.E-09.34,cave_context,matched_inventory
JKTZ-OBJ-000078,Geoportal_PIG,PIG_ID,11040,cave_context,cave_single_object_assumed
JKTZ-OBJ-000078,TPN,GLOBALID,{14FF6C3F-B38F-4AD2-B1DF-B5BE096EE464},object,source_object
JKTZ-OBJ-000078,TPN,NR_INWENT,T.A-23.02,cave_context,matched_inventory
JKTZ-OBJ-000079,Geoportal_PIG,PIG_ID,4846,cave_context,cave_single_object_assumed
JKTZ-OBJ-000079,TPN,GLOBALID,{0A21805B-CA7B-42FB-BE38-FC4615E28C2B},object,source_object
JKTZ-OBJ-000079,TPN,NR_INWENT,T.A-16.01,cave_context,matched_inventory
JKTZ-OBJ-000080,Geoportal_PIG,PIG_ID,1540,cave_context,cave_single_object_assumed
JKTZ-OBJ-000080,TPN,GLOBALID,{1EBBBB08-F5B4-496B-88FD-3F0DF099F549},object,source_object
JKTZ-OBJ-000080,TPN,NR_INWENT,T.E-12.09,cave_context,matched_inventory
JKTZ-OBJ-000081,Geoportal_PIG,PIG_ID,1660,cave_context,cave_single_object_assumed
JKTZ-OBJ-000081,TPN,GLOBALID,{524DED86-FF47-4A92-AD52-1D79D1BB0CE0},object,source_object
JKTZ-OBJ-000081,TPN,NR_INWENT,T.F-09.09,cave_context,matched_inventory
JKTZ-OBJ-000082,Geoportal_PIG,PIG_ID,1390,cave_context,cave_single_object_assumed
JKTZ-OBJ-000082,TPN,GLOBALID,{902C0DF0-F53D-4DAB-B3DC-2CE16D9240AF},object,source_object
JKTZ-OBJ-000082,TPN,NR_INWENT,T.E-08.12,cave_context,matched_inventory
JKTZ-OBJ-000083,Geoportal_PIG,PIG_ID,1445,cave_context,cave_level_source_record
JKTZ-OBJ-000083,TPN,GLOBALID,{B918424F-9161-4841-8BC8-0051445A4D29},object,source_object
JKTZ-OBJ-000084,Geoportal_PIG,PIG_ID,4326,cave_context,cave_single_object_assumed
JKTZ-OBJ-000084,TPN,GLOBALID,{E939B7F8-14B9-4DA3-96CC-4797B4FFC957},object,source_object
JKTZ-OBJ-000084,TPN,NR_INWENT,T.E-08.68,cave_context,matched_inventory
JKTZ-OBJ-000085,Geoportal_PIG,PIG_ID,1704,cave_context,cave_single_object_assumed
JKTZ-OBJ-000085,TPN,GLOBALID,{AE72E4C2-DE63-4A82-BBDE-EB4737E7C96E},object,source_object
JKTZ-OBJ-000085,TPN,NR_INWENT,T.J-21.02,cave_context,matched_inventory
JKTZ-OBJ-000086,TPN,GLOBALID,{A3228025-863C-4833-9DA9-2AC6337E1F66},object,source_object
JKTZ-OBJ-000087,Geoportal_PIG,PIG_ID,1283,cave_context,cave_single_object_assumed
JKTZ-OBJ-000087,TPN,GLOBALID,{7E200520-8625-46CB-B5F0-27B8C0526FC8},object,source_object
JKTZ-OBJ-000087,TPN,NR_INWENT,T.E-05.01,cave_context,matched_inventory
JKTZ-OBJ-000088,Geoportal_PIG,PIG_ID,1083,cave_context,cave_single_object_assumed
JKTZ-OBJ-000088,TPN,GLOBALID,{1519106B-EFAE-4FFD-89FB-66ECF9B97C30},object,source_object
JKTZ-OBJ-000088,TPN,NR_INWENT,T.D-06.13,cave_context,matched_inventory
JKTZ-OBJ-000089,TPN,GLOBALID,{5DEECEF0-D133-4954-9235-6229FC686B9F},object,source_object
JKTZ-OBJ-000090,Geoportal_PIG,PIG_ID,1208,cave_context,cave_single_object_assumed
JKTZ-OBJ-000090,TPN,GLOBALID,{05425E8B-3834-443F-9B98-84AE0A28C558},object,source_object
JKTZ-OBJ-000090,TPN,NR_INWENT,T.D-13.07,cave_context,matched_inventory
JKTZ-OBJ-000091,Geoportal_PIG,PIG_ID,1416,cave_context,cave_single_object_assumed
JKTZ-OBJ-000091,TPN,GLOBALID,{4A2E89DD-C0BF-4E5D-BFA8-9E7D8ADCAA3D},object,source_object
JKTZ-OBJ-000091,TPN,NR_INWENT,T.E-09.03,cave_context,matched_inventory
JKTZ-OBJ-000092,Geoportal_PIG,PIG_ID,11043,cave_context,cave_single_object_assumed
JKTZ-OBJ-000092,TPN,GLOBALID,{EE12FF57-96EE-40FD-A663-DCAEA84BBF41},object,source_object
JKTZ-OBJ-000092,TPN,NR_INWENT,T.A-23.03,cave_context,matched_inventory
JKTZ-OBJ-000093,Geoportal_PIG,PIG_ID,1175,cave_context,cave_single_object_assumed
JKTZ-OBJ-000093,TPN,GLOBALID,{5E109AAD-EC27-43C8-AF97-E9492B597F11},object,source_object
JKTZ-OBJ-000093,TPN,NR_INWENT,T.D-09.06,cave_context,matched_inventory
JKTZ-OBJ-000094,Geoportal_PIG,PIG_ID,1344,cave_context,cave_single_object_assumed
JKTZ-OBJ-000094,TPN,GLOBALID,{F24A8A97-D766-469F-89FD-820E6DC620AE},object,source_object
JKTZ-OBJ-000094,TPN,NR_INWENT,T.E-07.40,cave_context,matched_inventory
JKTZ-OBJ-000095,Geoportal_PIG,PIG_ID,951,cave_context,cave_single_object_assumed
JKTZ-OBJ-000095,TPN,GLOBALID,{B0E22FDF-7578-4B2F-A4F7-3EEE8AB78A77},object,source_object
JKTZ-OBJ-000095,TPN,NR_INWENT,T.A-12.01,cave_context,matched_inventory
JKTZ-OBJ-000096,Geoportal_PIG,PIG_ID,1137,cave_context,cave_single_object_assumed
JKTZ-OBJ-000096,TPN,GLOBALID,{6BC083E5-EF96-4B9F-85BD-E6ED886486B0},object,source_object
JKTZ-OBJ-000096,TPN,NR_INWENT,T.D-08.47,cave_context,matched_inventory
JKTZ-OBJ-000097,Geoportal_PIG,PIG_ID,1324,cave_context,cave_single_object_assumed
JKTZ-OBJ-000097,TPN,GLOBALID,{F8EBFB04-FBA4-43FB-B027-7B7C4D3BEF30},object,source_object
JKTZ-OBJ-000097,TPN,NR_INWENT,T.E-07.26,cave_context,matched_inventory
JKTZ-OBJ-000098,Geoportal_PIG,PIG_ID,1657,cave_context,cave_single_object_assumed
JKTZ-OBJ-000098,TPN,GLOBALID,{ECDF2AB2-13A3-4F53-8B99-1B2BFBEE2D0A},object,source_object
JKTZ-OBJ-000098,TPN,NR_INWENT,T.F-09.06,cave_context,matched_inventory
JKTZ-OBJ-000099,Geoportal_PIG,PIG_ID,1229,cave_context,cave_level_source_record
JKTZ-OBJ-000099,TPN,GLOBALID,{7954AF44-5E53-42D8-A3EC-2C817D4A5421},object,source_object
JKTZ-OBJ-000099,TPN,NR_INWENT,T.D-12.10,cave_context,matched_inventory
JKTZ-OBJ-000100,Geoportal_PIG,PIG_ID,1690,cave_context,cave_single_object_assumed
JKTZ-OBJ-000100,TPN,GLOBALID,{71E373C5-CEB5-409E-8B36-1BA95C7DE17F},object,source_object
JKTZ-OBJ-000100,TPN,NR_INWENT,T.F-09.31,cave_context,matched_inventory
JKTZ-OBJ-000101,TPN,GLOBALID,{4C30384D-7D8D-48D8-8D57-AEA8CC59687C},object,source_object
JKTZ-OBJ-000102,Geoportal_PIG,PIG_ID,1347,cave_context,cave_single_object_assumed
JKTZ-OBJ-000102,TPN,GLOBALID,{9202C685-6AA8-4E4B-95D6-ED9D24166BC3},object,source_object
JKTZ-OBJ-000102,TPN,NR_INWENT,T.E-07.42,cave_context,matched_inventory
JKTZ-OBJ-000103,Geoportal_PIG,PIG_ID,4719,cave_context,cave_single_object_assumed
JKTZ-OBJ-000103,TPN,GLOBALID,{1F704D07-E20F-45A0-9D42-CBC0A19163FE},object,source_object
JKTZ-OBJ-000103,TPN,NR_INWENT,T.D-22.02,cave_context,matched_inventory
JKTZ-OBJ-000104,Geoportal_PIG,PIG_ID,4416,cave_context,cave_single_object_assumed
JKTZ-OBJ-000104,TPN,GLOBALID,{1B3C3A21-95DF-4879-83C6-FEA85C95E7AA},object,source_object
JKTZ-OBJ-000104,TPN,NR_INWENT,T.F-10.22,cave_context,matched_inventory
JKTZ-OBJ-000105,Geoportal_PIG,PIG_ID,1289,cave_context,cave_single_object_assumed
JKTZ-OBJ-000105,TPN,GLOBALID,{ACAF21E8-6600-4C10-8BE9-09F9502AE7BD},object,source_object
JKTZ-OBJ-000105,TPN,NR_INWENT,T.E-07.04,cave_context,matched_inventory
JKTZ-OBJ-000106,Geoportal_PIG,PIG_ID,1414,cave_context,cave_single_object_assumed
JKTZ-OBJ-000106,TPN,GLOBALID,{FFCFAB90-7CFA-42F5-8050-BC13F041A3CE},object,source_object
JKTZ-OBJ-000106,TPN,NR_INWENT,T.E-08.44,cave_context,matched_inventory
JKTZ-OBJ-000107,TPN,GLOBALID,{1B23AA17-69C9-486D-B03B-089AADB88194},object,source_object
JKTZ-OBJ-000108,Geoportal_PIG,PIG_ID,4374,cave_context,cave_single_object_assumed
JKTZ-OBJ-000108,TPN,GLOBALID,{5D102BCA-7697-444F-B98A-AF5027B41B3F},object,source_object
JKTZ-OBJ-000108,TPN,NR_INWENT,T.E-09.46,cave_context,matched_inventory
JKTZ-OBJ-000109,Geoportal_PIG,PIG_ID,1610,cave_context,cave_single_object_assumed
JKTZ-OBJ-000109,TPN,GLOBALID,{F243F916-6346-4DE3-BE9F-8CB9EEE0ECA3},object,source_object
JKTZ-OBJ-000109,TPN,NR_INWENT,T.E-12.62,cave_context,matched_inventory
JKTZ-OBJ-000110,Geoportal_PIG,PIG_ID,1259,cave_context,cave_single_object_assumed
JKTZ-OBJ-000110,TPN,GLOBALID,{B080E627-E031-4C6B-BE69-B88ABDEC0B36},object,source_object
JKTZ-OBJ-000110,TPN,NR_INWENT,T.D-12.22,cave_context,matched_inventory
JKTZ-OBJ-000111,Geoportal_PIG,PIG_ID,1516,cave_context,cave_single_object_assumed
JKTZ-OBJ-000111,TPN,GLOBALID,{FF043CA8-B739-4323-848E-6FF5898BB486},object,source_object
JKTZ-OBJ-000111,TPN,NR_INWENT,T.E-11.26,cave_context,matched_inventory
JKTZ-OBJ-000112,Geoportal_PIG,PIG_ID,1522,cave_context,cave_single_object_assumed
JKTZ-OBJ-000112,TPN,GLOBALID,{E2E3CEBB-86BF-4564-9A8E-FBE69771F394},object,source_object
JKTZ-OBJ-000112,TPN,NR_INWENT,T.E-11.55,cave_context,matched_inventory
JKTZ-OBJ-000113,Geoportal_PIG,PIG_ID,1629,cave_context,cave_single_object_assumed
JKTZ-OBJ-000113,TPN,GLOBALID,{088C1F4A-7C5B-4F1B-BCAD-527D58944742},object,source_object
JKTZ-OBJ-000113,TPN,NR_INWENT,T.E-13.24,cave_context,matched_inventory
JKTZ-OBJ-000114,Geoportal_PIG,PIG_ID,4448,cave_context,cave_single_object_assumed
JKTZ-OBJ-000114,TPN,GLOBALID,{8E71492B-6D42-445F-A274-55643FB31390},object,source_object
JKTZ-OBJ-000114,TPN,NR_INWENT,T.Z-21.01,cave_context,matched_inventory
JKTZ-OBJ-000115,Geoportal_PIG,PIG_ID,1687,cave_context,cave_single_object_assumed
JKTZ-OBJ-000115,TPN,GLOBALID,{A8FED4CD-2E6C-44E9-B7E7-37B6A0ACB20A},object,source_object
JKTZ-OBJ-000115,TPN,NR_INWENT,T.F-09.26,cave_context,matched_inventory
JKTZ-OBJ-000116,Geoportal_PIG,PIG_ID,1515,cave_context,cave_single_object_assumed
JKTZ-OBJ-000116,TPN,GLOBALID,{F39B8A6B-C967-491A-9E0A-C1E5C7B7E30E},object,source_object
JKTZ-OBJ-000116,TPN,NR_INWENT,T.E-11.52,cave_context,matched_inventory
JKTZ-OBJ-000117,Geoportal_PIG,PIG_ID,1716,cave_context,cave_single_object_assumed
JKTZ-OBJ-000117,TPN,GLOBALID,{4CFCD808-D82B-4786-8BF0-36DFE7178B04},object,source_object
JKTZ-OBJ-000117,TPN,NR_INWENT,T.F-10.11,cave_context,matched_inventory
JKTZ-OBJ-000118,Geoportal_PIG,PIG_ID,1093,cave_context,cave_single_object_assumed
JKTZ-OBJ-000118,TPN,GLOBALID,{95763B5B-269A-4A91-B8BB-0417988E978D},object,source_object
JKTZ-OBJ-000118,TPN,NR_INWENT,T.D-08.06,cave_context,matched_inventory
JKTZ-OBJ-000119,TPN,GLOBALID,{0606A079-D986-44F9-BC11-22BE576A107E},object,source_object
JKTZ-OBJ-000120,Geoportal_PIG,PIG_ID,1278,cave_context,cave_single_object_assumed
JKTZ-OBJ-000120,TPN,GLOBALID,{89D967B0-2FCC-4557-AC77-BC25689156FA},object,source_object
JKTZ-OBJ-000120,TPN,NR_INWENT,T.D-18.06,cave_context,matched_inventory
JKTZ-OBJ-000121,Geoportal_PIG,PIG_ID,1189,cave_context,cave_single_object_assumed
JKTZ-OBJ-000121,TPN,GLOBALID,{DB1988C1-E24D-4770-9EB1-A3318C513815},object,source_object
JKTZ-OBJ-000121,TPN,NR_INWENT,T.D-10.03,cave_context,matched_inventory
JKTZ-OBJ-000122,Geoportal_PIG,PIG_ID,1171,cave_context,cave_single_object_assumed
JKTZ-OBJ-000122,TPN,GLOBALID,{347E9678-1439-45D4-B7A1-F3F8F7D66921},object,source_object
JKTZ-OBJ-000122,TPN,NR_INWENT,T.D-08.62,cave_context,matched_inventory
JKTZ-OBJ-000123,Geoportal_PIG,PIG_ID,1432,cave_context,cave_single_object_assumed
JKTZ-OBJ-000123,TPN,GLOBALID,{2D720753-31D1-4190-99BE-A5C2C9709B92},object,source_object
JKTZ-OBJ-000123,TPN,NR_INWENT,T.E-08.56,cave_context,matched_inventory
JKTZ-OBJ-000124,Geoportal_PIG,PIG_ID,1290,cave_context,cave_single_object_assumed
JKTZ-OBJ-000124,TPN,GLOBALID,{02BC3513-59CD-4DEA-B46C-DDB0D0FE8665},object,source_object
JKTZ-OBJ-000124,TPN,NR_INWENT,T.E-05.04,cave_context,matched_inventory
JKTZ-OBJ-000125,Geoportal_PIG,PIG_ID,4207,cave_context,cave_single_object_assumed
JKTZ-OBJ-000125,TPN,GLOBALID,{C242E183-BA4E-4792-B7AD-961E8D3C0F08},object,source_object
JKTZ-OBJ-000125,TPN,NR_INWENT,T.B-14.05,cave_context,matched_inventory
JKTZ-OBJ-000126,Geoportal_PIG,PIG_ID,4436,cave_context,cave_single_object_assumed
JKTZ-OBJ-000126,TPN,GLOBALID,{8E29E068-8568-4D5A-83F4-BFEBE59FC95A},object,source_object
JKTZ-OBJ-000126,TPN,NR_INWENT,T.H-23.01,cave_context,matched_inventory
JKTZ-OBJ-000127,Geoportal_PIG,PIG_ID,1194,cave_context,cave_single_object_assumed
JKTZ-OBJ-000127,TPN,GLOBALID,{D1D5D5F1-2530-4A20-92B4-E7E90BC5F5D7},object,source_object
JKTZ-OBJ-000127,TPN,NR_INWENT,T.D-10.08,cave_context,matched_inventory
JKTZ-OBJ-000128,TPN,GLOBALID,{840F8DD0-1013-4E80-9156-14863D013448},object,source_object
JKTZ-OBJ-000129,Geoportal_PIG,PIG_ID,4431,cave_context,cave_single_object_assumed
JKTZ-OBJ-000129,TPN,GLOBALID,{4FC50BEB-F256-44C8-9F80-0F1F82000086},object,source_object
JKTZ-OBJ-000129,TPN,NR_INWENT,T.F-11.19,cave_context,matched_inventory
JKTZ-OBJ-000130,Geoportal_PIG,PIG_ID,1115,cave_context,cave_single_object_assumed
JKTZ-OBJ-000130,TPN,GLOBALID,{8FF59A68-A36F-45F1-A1CD-0886CFCFA15C},object,source_object
JKTZ-OBJ-000130,TPN,NR_INWENT,T.D-08.25,cave_context,matched_inventory
JKTZ-OBJ-000131,Geoportal_PIG,PIG_ID,1294,cave_context,cave_single_object_assumed
JKTZ-OBJ-000131,TPN,GLOBALID,{64959601-03DE-4D5F-97B7-0D7B3AD605A1},object,source_object
JKTZ-OBJ-000131,TPN,NR_INWENT,T.E-05.07,cave_context,matched_inventory
JKTZ-OBJ-000132,Geoportal_PIG,PIG_ID,962,cave_context,cave_single_object_assumed
JKTZ-OBJ-000132,TPN,GLOBALID,{0257A120-426E-4B7D-B47F-1D9F853C6C85},object,source_object
JKTZ-OBJ-000132,TPN,NR_INWENT,T.B-09.02,cave_context,matched_inventory
JKTZ-OBJ-000133,Geoportal_PIG,PIG_ID,1696,cave_context,cave_single_object_assumed
JKTZ-OBJ-000133,TPN,GLOBALID,{31379085-223B-4255-804D-B8FE31E0865A},object,source_object
JKTZ-OBJ-000133,TPN,NR_INWENT,T.G-19.04,cave_context,matched_inventory
JKTZ-OBJ-000134,Geoportal_PIG,PIG_ID,1471,cave_context,cave_single_object_assumed
JKTZ-OBJ-000134,TPN,GLOBALID,{A7462111-5667-464E-AC98-6191F66412C5},object,source_object
JKTZ-OBJ-000134,TPN,NR_INWENT,T.E-11.04,cave_context,matched_inventory
JKTZ-OBJ-000135,Geoportal_PIG,PIG_ID,4073,cave_context,cave_single_object_assumed
JKTZ-OBJ-000135,TPN,GLOBALID,{9BE7870B-E6E5-4B59-9A0E-907DB8D4EC8D},object,source_object
JKTZ-OBJ-000135,TPN,NR_INWENT,T.B-09.18,cave_context,matched_inventory
JKTZ-OBJ-000136,Geoportal_PIG,PIG_ID,1574,cave_context,cave_single_object_assumed
JKTZ-OBJ-000136,TPN,GLOBALID,{29508047-79F7-4739-BAD5-FC2D7E4CAD8B},object,source_object
JKTZ-OBJ-000136,TPN,NR_INWENT,T.E-13.03,cave_context,matched_inventory
JKTZ-OBJ-000137,Geoportal_PIG,PIG_ID,4071,cave_context,cave_single_object_assumed
JKTZ-OBJ-000137,TPN,GLOBALID,{4939EEC8-117A-4FC5-97CA-82A9ECEB565C},object,source_object
JKTZ-OBJ-000137,TPN,NR_INWENT,T.B-04.07,cave_context,matched_inventory
JKTZ-OBJ-000138,Geoportal_PIG,PIG_ID,1197,cave_context,cave_single_object_assumed
JKTZ-OBJ-000138,TPN,GLOBALID,{32B460B7-EE70-42D2-991B-798FF9AEEE46},object,source_object
JKTZ-OBJ-000138,TPN,NR_INWENT,T.D-11.01,cave_context,matched_inventory
JKTZ-OBJ-000139,Geoportal_PIG,PIG_ID,1332,cave_context,cave_single_object_assumed
JKTZ-OBJ-000139,TPN,GLOBALID,{F8EFA103-21D1-4E22-9652-A4B21DB05B28},object,source_object
JKTZ-OBJ-000139,TPN,NR_INWENT,T.E-07.31,cave_context,matched_inventory
JKTZ-OBJ-000140,TPN,GLOBALID,{D06EAAA8-1A55-4ECB-8C1C-3D5E7C499BDD},object,source_object
JKTZ-OBJ-000141,Geoportal_PIG,PIG_ID,1357,cave_context,cave_single_object_assumed
JKTZ-OBJ-000141,TPN,GLOBALID,{FB71F07A-6BAC-40E0-9E45-7A32EFFE49C0},object,source_object
JKTZ-OBJ-000141,TPN,NR_INWENT,T.E-07.48,cave_context,matched_inventory
JKTZ-OBJ-000142,TPN,GLOBALID,{74EBCFAC-7BBB-4D82-A73F-524887F40151},object,source_object
JKTZ-OBJ-000143,Geoportal_PIG,PIG_ID,1681,cave_context,cave_single_object_assumed
JKTZ-OBJ-000143,TPN,GLOBALID,{92E40144-6EFD-4D36-B306-4D32B4E56D59},object,source_object
JKTZ-OBJ-000143,TPN,NR_INWENT,T.G-19.01,cave_context,matched_inventory
JKTZ-OBJ-000144,Geoportal_PIG,PIG_ID,1183,cave_context,cave_single_object_assumed
JKTZ-OBJ-000144,TPN,GLOBALID,{65B7B865-77D5-43A4-94F1-0A31EBA041DB},object,source_object
JKTZ-OBJ-000144,TPN,NR_INWENT,T.D-09.09,cave_context,matched_inventory
JKTZ-OBJ-000145,TPN,GLOBALID,{E306CFB8-DE61-4E12-B244-DFFE0ACA3586},object,source_object
JKTZ-OBJ-000146,Geoportal_PIG,PIG_ID,1467,cave_context,cave_single_object_assumed
JKTZ-OBJ-000146,TPN,GLOBALID,{0021B205-658A-4117-BFF5-E29A95612527},object,source_object
JKTZ-OBJ-000146,TPN,NR_INWENT,T.E-09.29,cave_context,matched_inventory
JKTZ-OBJ-000147,Geoportal_PIG,PIG_ID,1726,cave_context,cave_single_object_assumed
JKTZ-OBJ-000147,TPN,GLOBALID,{3C6678C5-9B82-4DB8-8DE9-AB31B1F31A5D},object,source_object
JKTZ-OBJ-000147,TPN,NR_INWENT,T.F-10.17,cave_context,matched_inventory
JKTZ-OBJ-000148,Geoportal_PIG,PIG_ID,1365,cave_context,cave_single_object_assumed
JKTZ-OBJ-000148,TPN,GLOBALID,{06B61B57-90EB-48CA-8FF2-DC177585F725},object,source_object
JKTZ-OBJ-000148,TPN,NR_INWENT,T.E-08.26,cave_context,matched_inventory
JKTZ-OBJ-000149,Geoportal_PIG,PIG_ID,1580,cave_context,cave_single_object_assumed
JKTZ-OBJ-000149,TPN,GLOBALID,{7B2AA2B6-021E-4E82-9917-3CA034CC9A2D},object,source_object
JKTZ-OBJ-000149,TPN,NR_INWENT,T.E-13.05,cave_context,matched_inventory
JKTZ-OBJ-000150,Geoportal_PIG,PIG_ID,1519,cave_context,cave_single_object_assumed
JKTZ-OBJ-000150,TPN,GLOBALID,{B6C15540-AA7A-40D4-8413-729340088802},object,source_object
JKTZ-OBJ-000150,TPN,NR_INWENT,T.E-11.54,cave_context,matched_inventory
JKTZ-OBJ-000151,Geoportal_PIG,PIG_ID,1543,cave_context,cave_single_object_assumed
JKTZ-OBJ-000151,TPN,GLOBALID,{125AB922-4EED-48FE-AE4A-E12D5453BD26},object,source_object
JKTZ-OBJ-000151,TPN,NR_INWENT,T.E-11.63,cave_context,matched_inventory
JKTZ-OBJ-000152,TPN,GLOBALID,{9C221920-8DB8-42B8-9363-FF0D31EB6CBF},object,source_object
JKTZ-OBJ-000153,Geoportal_PIG,PIG_ID,1465,cave_context,cave_single_object_assumed
JKTZ-OBJ-000153,TPN,GLOBALID,{70E23A03-450D-43C9-9578-0CD5E598B65C},object,source_object
JKTZ-OBJ-000153,TPN,NR_INWENT,T.E-09.27,cave_context,matched_inventory
JKTZ-OBJ-000154,TPN,GLOBALID,{A8920EDC-9F80-4B86-AA53-B0628CD02173},object,source_object
JKTZ-OBJ-000155,Geoportal_PIG,PIG_ID,1677,cave_context,cave_single_object_assumed
JKTZ-OBJ-000155,TPN,GLOBALID,{1AE231CE-01B5-404E-BE33-9DF945BEF690},object,source_object
JKTZ-OBJ-000155,TPN,NR_INWENT,T.F-11.14,cave_context,matched_inventory
JKTZ-OBJ-000156,TPN,GLOBALID,{42D3F366-F55C-48CF-A5BC-1EAABE01CC7F},object,source_object
JKTZ-OBJ-000157,Geoportal_PIG,PIG_ID,1325,cave_context,cave_single_object_assumed
JKTZ-OBJ-000157,TPN,GLOBALID,{90721570-515B-4EB9-A3F6-D01B25187407},object,source_object
JKTZ-OBJ-000157,TPN,NR_INWENT,T.E-07.27,cave_context,matched_inventory
JKTZ-OBJ-000158,Geoportal_PIG,PIG_ID,4492,cave_context,cave_single_object_assumed
JKTZ-OBJ-000158,TPN,GLOBALID,{F109B6A3-6ABD-4ECA-A4F6-7F342F61371C},object,source_object
JKTZ-OBJ-000158,TPN,NR_INWENT,T.F-09.43,cave_context,matched_inventory
JKTZ-OBJ-000159,Geoportal_PIG,PIG_ID,1359,cave_context,cave_single_object_assumed
JKTZ-OBJ-000159,TPN,GLOBALID,{3CE5E8DE-4CD1-400E-A642-D66663ECFDB2},object,source_object
JKTZ-OBJ-000159,TPN,NR_INWENT,T.E-07.49,cave_context,matched_inventory
JKTZ-OBJ-000160,TPN,GLOBALID,{D6DA794E-6CD4-4CDC-9342-B94BE4734FCA},object,source_object
JKTZ-OBJ-000161,Geoportal_PIG,PIG_ID,1182,cave_context,cave_single_object_assumed
JKTZ-OBJ-000161,TPN,GLOBALID,{92F2C4AF-5932-4666-BD1E-96985A1B17DA},object,source_object
JKTZ-OBJ-000161,TPN,NR_INWENT,T.D-05.10,cave_context,matched_inventory
JKTZ-OBJ-000162,Geoportal_PIG,PIG_ID,1141,cave_context,cave_single_object_assumed
JKTZ-OBJ-000162,TPN,GLOBALID,{51AB7014-9FEB-4E1A-97FA-902ABE7CC018},object,source_object
JKTZ-OBJ-000162,TPN,NR_INWENT,T.D-08.51,cave_context,matched_inventory
JKTZ-OBJ-000163,TPN,GLOBALID,{07247104-AFDF-41DE-82F4-3C841DC0CA24},object,source_object
JKTZ-OBJ-000164,Geoportal_PIG,PIG_ID,1135,cave_context,cave_single_object_assumed
JKTZ-OBJ-000164,TPN,GLOBALID,{7759C129-816F-4BE2-9E60-BE844111364E},object,source_object
JKTZ-OBJ-000164,TPN,NR_INWENT,T.D-08.46,cave_context,matched_inventory
JKTZ-OBJ-000165,Geoportal_PIG,PIG_ID,1627,cave_context,cave_single_object_assumed
JKTZ-OBJ-000165,TPN,GLOBALID,{6F686C88-D161-433B-B965-9575E18E0DE8},object,source_object
JKTZ-OBJ-000165,TPN,NR_INWENT,T.E-13.02,cave_context,matched_inventory
JKTZ-OBJ-000166,TPN,GLOBALID,{2B10B023-5F25-4CC3-B9F8-3BA313D9C527},object,source_object
JKTZ-OBJ-000167,Geoportal_PIG,PIG_ID,1622,cave_context,cave_single_object_assumed
JKTZ-OBJ-000167,TPN,GLOBALID,{40A3AA6A-A1F7-4A6F-B1FD-AE2174C03C07},object,source_object
JKTZ-OBJ-000167,TPN,NR_INWENT,T.E-13.21,cave_context,matched_inventory
JKTZ-OBJ-000168,Geoportal_PIG,PIG_ID,1243,cave_context,cave_single_object_assumed
JKTZ-OBJ-000168,TPN,GLOBALID,{0F21A995-EA21-4992-9864-B1A4D54E1A66},object,source_object
JKTZ-OBJ-000168,TPN,NR_INWENT,T.D-16.14,cave_context,matched_inventory
JKTZ-OBJ-000169,Geoportal_PIG,PIG_ID,1134,cave_context,cave_single_object_assumed
JKTZ-OBJ-000169,TPN,GLOBALID,{F0614B4C-6C7E-47D4-8DEC-5395464813FC},object,source_object
JKTZ-OBJ-000169,TPN,NR_INWENT,T.D-08.41,cave_context,matched_inventory
JKTZ-OBJ-000170,Geoportal_PIG,PIG_ID,1336,cave_context,cave_single_object_assumed
JKTZ-OBJ-000170,TPN,GLOBALID,{685F7459-2F5D-4AC5-A5E8-B305D8BB865B},object,source_object
JKTZ-OBJ-000170,TPN,NR_INWENT,T.E-07.32,cave_context,matched_inventory
JKTZ-OBJ-000171,Geoportal_PIG,PIG_ID,4488,cave_context,cave_single_object_assumed
JKTZ-OBJ-000171,TPN,GLOBALID,{A607DCA7-51AE-4907-B011-95BA6F6694D1},object,source_object
JKTZ-OBJ-000171,TPN,NR_INWENT,T.F-09.39,cave_context,matched_inventory
JKTZ-OBJ-000172,Geoportal_PIG,PIG_ID,4435,cave_context,cave_single_object_assumed
JKTZ-OBJ-000172,TPN,GLOBALID,{20F45B20-D1ED-4CA6-BD79-7EE08043C244},object,source_object
JKTZ-OBJ-000172,TPN,NR_INWENT,T.G-11.01,cave_context,matched_inventory
JKTZ-OBJ-000173,Geoportal_PIG,PIG_ID,1164,cave_context,cave_single_object_assumed
JKTZ-OBJ-000173,TPN,GLOBALID,{1AF0D677-C56C-4EC1-A632-01E0251BBF63},object,source_object
JKTZ-OBJ-000173,TPN,NR_INWENT,T.D-08.56,cave_context,matched_inventory
JKTZ-OBJ-000174,Geoportal_PIG,PIG_ID,1106,cave_context,cave_single_object_assumed
JKTZ-OBJ-000174,TPN,GLOBALID,{137D8706-5BB5-4E9E-BBB8-7DC60B3E75EB},object,source_object
JKTZ-OBJ-000174,TPN,NR_INWENT,T.D-08.16,cave_context,matched_inventory
JKTZ-OBJ-000175,Geoportal_PIG,PIG_ID,1594,cave_context,cave_single_object_assumed
JKTZ-OBJ-000175,TPN,GLOBALID,{C0A51F78-6A05-48B7-A711-50CE5639E102},object,source_object
JKTZ-OBJ-000175,TPN,NR_INWENT,T.E-12.52,cave_context,matched_inventory
JKTZ-OBJ-000176,Geoportal_PIG,PIG_ID,1550,cave_context,cave_single_object_assumed
JKTZ-OBJ-000176,TPN,GLOBALID,{CCAF34A2-D592-479A-98B6-CE886F7C6196},object,source_object
JKTZ-OBJ-000176,TPN,NR_INWENT,T.E-12.15,cave_context,matched_inventory
JKTZ-OBJ-000177,Geoportal_PIG,PIG_ID,4390,cave_context,cave_single_object_assumed
JKTZ-OBJ-000177,TPN,GLOBALID,{FAC8752A-ACB1-4752-B26A-B7211F5A9FCD},object,source_object
JKTZ-OBJ-000177,TPN,NR_INWENT,T.E-09.49,cave_context,matched_inventory
JKTZ-OBJ-000178,Geoportal_PIG,PIG_ID,1420,cave_context,cave_single_object_assumed
JKTZ-OBJ-000178,TPN,GLOBALID,{C1595610-9DFA-44BA-A1C7-BE8E66C772D4},object,source_object
JKTZ-OBJ-000178,TPN,NR_INWENT,T.E-08.48,cave_context,matched_inventory
JKTZ-OBJ-000179,Geoportal_PIG,PIG_ID,1066,cave_context,cave_single_object_assumed
JKTZ-OBJ-000179,TPN,GLOBALID,{3AEDA2A7-5D72-4109-85CE-712D12A30946},object,source_object
JKTZ-OBJ-000179,TPN,NR_INWENT,T.C-18.01,cave_context,matched_inventory
JKTZ-OBJ-000180,Geoportal_PIG,PIG_ID,4413,cave_context,cave_single_object_assumed
JKTZ-OBJ-000180,TPN,GLOBALID,{206FB217-1CD7-4D83-8FA3-47D9C1A97AF2},object,source_object
JKTZ-OBJ-000180,TPN,NR_INWENT,T.F-08.05,cave_context,matched_inventory
JKTZ-OBJ-000181,Geoportal_PIG,PIG_ID,1128,cave_context,cave_single_object_assumed
JKTZ-OBJ-000181,TPN,GLOBALID,{D4B6BE5E-3961-497F-8026-D8EE05839468},object,source_object
JKTZ-OBJ-000181,TPN,NR_INWENT,T.D-08.39,cave_context,matched_inventory
JKTZ-OBJ-000182,Geoportal_PIG,PIG_ID,1169,cave_context,cave_single_object_assumed
JKTZ-OBJ-000182,TPN,GLOBALID,{A353E919-B059-433C-8F20-9CD30EA994DB},object,source_object
JKTZ-OBJ-000182,TPN,NR_INWENT,T.D-08.61,cave_context,matched_inventory
JKTZ-OBJ-000183,Geoportal_PIG,PIG_ID,1664,cave_context,cave_single_object_assumed
JKTZ-OBJ-000183,TPN,GLOBALID,{9133C575-03C7-4D67-813E-F340AA446B91},object,source_object
JKTZ-OBJ-000183,TPN,NR_INWENT,T.E-25.02,cave_context,matched_inventory
JKTZ-OBJ-000184,Geoportal_PIG,PIG_ID,1673,cave_context,cave_single_object_assumed
JKTZ-OBJ-000184,TPN,GLOBALID,{BFBFB55B-F346-4792-A9A5-C486E522F931},object,source_object
JKTZ-OBJ-000184,TPN,NR_INWENT,T.F-11.05,cave_context,matched_inventory
JKTZ-OBJ-000185,Geoportal_PIG,PIG_ID,4287,cave_context,cave_single_object_assumed
JKTZ-OBJ-000185,TPN,GLOBALID,{CBDC69E3-11E7-4961-95C5-755CEEC1CC10},object,source_object
JKTZ-OBJ-000185,TPN,NR_INWENT,T.C-12.02,cave_context,matched_inventory
JKTZ-OBJ-000186,Geoportal_PIG,PIG_ID,1392,cave_context,cave_single_object_assumed
JKTZ-OBJ-000186,TPN,GLOBALID,{3B6A8545-C61A-4EC0-A300-36BF455759B8},object,source_object
JKTZ-OBJ-000186,TPN,NR_INWENT,T.E-08.14,cave_context,matched_inventory
JKTZ-OBJ-000187,Geoportal_PIG,PIG_ID,4368,cave_context,cave_single_object_assumed
JKTZ-OBJ-000187,TPN,GLOBALID,{B029AF6C-1FFC-4C64-9968-624EB5FD0EE8},object,source_object
JKTZ-OBJ-000187,TPN,NR_INWENT,T.E-09.40,cave_context,matched_inventory
JKTZ-OBJ-000188,Geoportal_PIG,PIG_ID,4206,cave_context,cave_single_object_assumed
JKTZ-OBJ-000188,TPN,GLOBALID,{4BC3FA60-50ED-4B60-A3E4-767701791A5D},object,source_object
JKTZ-OBJ-000188,TPN,NR_INWENT,T.B-14.04,cave_context,matched_inventory
JKTZ-OBJ-000189,Geoportal_PIG,PIG_ID,1298,cave_context,cave_single_object_assumed
JKTZ-OBJ-000189,TPN,GLOBALID,{4E7CBE59-8470-4963-8247-3C2DAA9EA66D},object,source_object
JKTZ-OBJ-000189,TPN,NR_INWENT,T.E-06.02,cave_context,matched_inventory
JKTZ-OBJ-000190,Geoportal_PIG,PIG_ID,1672,cave_context,cave_single_object_assumed
JKTZ-OBJ-000190,TPN,GLOBALID,{F520650E-65C7-4376-9B23-E4938A42B514},object,source_object
JKTZ-OBJ-000190,TPN,NR_INWENT,T.F-11.04,cave_context,matched_inventory
JKTZ-OBJ-000191,Geoportal_PIG,PIG_ID,1268,cave_context,cave_single_object_assumed
JKTZ-OBJ-000191,TPN,GLOBALID,{93989CC1-336D-40D9-BBBF-AD98B9269993},object,source_object
JKTZ-OBJ-000191,TPN,NR_INWENT,T.D-17.16,cave_context,matched_inventory
JKTZ-OBJ-000192,Geoportal_PIG,PIG_ID,4487,cave_context,cave_single_object_assumed
JKTZ-OBJ-000192,TPN,GLOBALID,{DB33AC30-E5C0-436D-85C6-7AEDE2E905B5},object,source_object
JKTZ-OBJ-000192,TPN,NR_INWENT,T.D-08.68,cave_context,matched_inventory
JKTZ-OBJ-000193,Geoportal_PIG,PIG_ID,1547,cave_context,cave_single_object_assumed
JKTZ-OBJ-000193,TPN,GLOBALID,{62739B69-C1E4-464C-A7F9-B54B78EBF17C},object,source_object
JKTZ-OBJ-000193,TPN,NR_INWENT,T.E-12.12,cave_context,matched_inventory
JKTZ-OBJ-000194,Geoportal_PIG,PIG_ID,1163,cave_context,cave_single_object_assumed
JKTZ-OBJ-000194,TPN,GLOBALID,{6CA87105-875D-4773-98B8-2235192B32F7},object,source_object
JKTZ-OBJ-000194,TPN,NR_INWENT,T.D-08.55,cave_context,matched_inventory
JKTZ-OBJ-000195,TPN,GLOBALID,{25604785-57C9-44E3-A432-B94C85D4551B},object,source_object
JKTZ-OBJ-000196,Geoportal_PIG,PIG_ID,1046,cave_context,cave_single_object_assumed
JKTZ-OBJ-000196,TPN,GLOBALID,{5CC91529-AA65-42C8-9A6C-31CEFF992766},object,source_object
JKTZ-OBJ-000196,TPN,NR_INWENT,T.C-13.02,cave_context,matched_inventory
JKTZ-OBJ-000197,TPN,GLOBALID,{61A58610-C3AE-4D2D-9C78-3E5741214D77},object,source_object
JKTZ-OBJ-000198,Geoportal_PIG,PIG_ID,1313,cave_context,cave_single_object_assumed
JKTZ-OBJ-000198,TPN,GLOBALID,{5A18CEE0-DA04-4700-A785-133EEED3E146},object,source_object
JKTZ-OBJ-000198,TPN,NR_INWENT,T.E-07.18,cave_context,matched_inventory
JKTZ-OBJ-000199,Geoportal_PIG,PIG_ID,1132,cave_context,cave_single_object_assumed
JKTZ-OBJ-000199,TPN,GLOBALID,{568D3748-9ABD-4CCC-AD15-50A7E8EFBFA1},object,source_object
JKTZ-OBJ-000199,TPN,NR_INWENT,T.D-08.43,cave_context,matched_inventory
JKTZ-OBJ-000200,TPN,GLOBALID,{B99B0CF7-4CA0-4B29-A31E-A74E68F936CD},object,source_object
JKTZ-OBJ-000201,Geoportal_PIG,PIG_ID,1659,cave_context,cave_single_object_assumed
JKTZ-OBJ-000201,TPN,GLOBALID,{952AF1CF-F646-4036-BBE0-B8301FCF727E},object,source_object
JKTZ-OBJ-000201,TPN,NR_INWENT,T.F-09.08,cave_context,matched_inventory
JKTZ-OBJ-000202,Geoportal_PIG,PIG_ID,1482,cave_context,cave_single_object_assumed
JKTZ-OBJ-000202,TPN,GLOBALID,{062430D3-83C1-49ED-8004-044B1DD8FB80},object,source_object
JKTZ-OBJ-000202,TPN,NR_INWENT,T.E-11.13,cave_context,matched_inventory
JKTZ-OBJ-000203,Geoportal_PIG,PIG_ID,1172,cave_context,cave_single_object_assumed
JKTZ-OBJ-000203,TPN,GLOBALID,{406BBA8C-54CB-479F-AFA0-B2BD650DD761},object,source_object
JKTZ-OBJ-000203,TPN,NR_INWENT,T.D-09.01,cave_context,matched_inventory
JKTZ-OBJ-000204,Geoportal_PIG,PIG_ID,4346,cave_context,cave_single_object_assumed
JKTZ-OBJ-000204,TPN,GLOBALID,{B33EDD51-A246-4A3A-A8FA-8CE95EEC525D},object,source_object
JKTZ-OBJ-000204,TPN,NR_INWENT,T.E-08.71,cave_context,matched_inventory
JKTZ-OBJ-000205,Geoportal_PIG,PIG_ID,1249,cave_context,cave_single_object_assumed
JKTZ-OBJ-000205,TPN,GLOBALID,{E320A144-4A8A-432D-9988-6A3E0771D959},object,source_object
JKTZ-OBJ-000205,TPN,NR_INWENT,T.D-12.18,cave_context,matched_inventory
JKTZ-OBJ-000206,Geoportal_PIG,PIG_ID,1140,cave_context,cave_single_object_assumed
JKTZ-OBJ-000206,TPN,GLOBALID,{5764BF98-913E-45F9-9FCE-50C498610FA3},object,source_object
JKTZ-OBJ-000206,TPN,NR_INWENT,T.D-08.50,cave_context,matched_inventory
JKTZ-OBJ-000207,TPN,GLOBALID,{1B274BA2-8A70-4FBA-BCE5-50A642876EAA},object,source_object
JKTZ-OBJ-000208,Geoportal_PIG,PIG_ID,993,cave_context,cave_single_object_assumed
JKTZ-OBJ-000208,TPN,GLOBALID,{69C92C32-3F8B-4595-9C4C-B50D38F6B532},object,source_object
JKTZ-OBJ-000208,TPN,NR_INWENT,T.B-10.03,cave_context,matched_inventory
JKTZ-OBJ-000209,TPN,GLOBALID,{E7505F82-A5F5-4C2D-BB98-7DD3399C5651},object,source_object
JKTZ-OBJ-000210,Geoportal_PIG,PIG_ID,1282,cave_context,cave_single_object_assumed
JKTZ-OBJ-000210,TPN,GLOBALID,{7D4C5169-E788-4A65-9ECC-47531E12896B},object,source_object
JKTZ-OBJ-000210,TPN,NR_INWENT,T.E-04.01,cave_context,matched_inventory
JKTZ-OBJ-000211,Geoportal_PIG,PIG_ID,4506,cave_context,cave_single_object_assumed
JKTZ-OBJ-000211,TPN,GLOBALID,{F0F06C12-762C-4C86-A5FC-CF3F9587D9A4},object,source_object
JKTZ-OBJ-000211,TPN,NR_INWENT,T.D-07.01,cave_context,matched_inventory
JKTZ-OBJ-000212,Geoportal_PIG,PIG_ID,1131,cave_context,cave_single_object_assumed
JKTZ-OBJ-000212,TPN,GLOBALID,{9F5DFA29-EA7F-47B0-BBE0-6AE2D6A092B6},object,source_object
JKTZ-OBJ-000212,TPN,NR_INWENT,T.D-08.42,cave_context,matched_inventory
JKTZ-OBJ-000213,Geoportal_PIG,PIG_ID,4371,cave_context,cave_single_object_assumed
JKTZ-OBJ-000213,TPN,GLOBALID,{E595548B-803C-47BF-AA96-59B239B0EF8A},object,source_object
JKTZ-OBJ-000213,TPN,NR_INWENT,T.E-09.43,cave_context,matched_inventory
JKTZ-OBJ-000214,Geoportal_PIG,PIG_ID,1201,cave_context,cave_single_object_assumed
JKTZ-OBJ-000214,TPN,GLOBALID,{4B115F06-4FE7-471D-8061-6145E56581FC},object,source_object
JKTZ-OBJ-000214,TPN,NR_INWENT,T.D-13.02,cave_context,matched_inventory
JKTZ-OBJ-000215,Geoportal_PIG,PIG_ID,1528,cave_context,cave_single_object_assumed
JKTZ-OBJ-000215,TPN,GLOBALID,{61F5CFC1-A9EB-4193-A3B3-E4FD8DD9C60D},object,source_object
JKTZ-OBJ-000215,TPN,NR_INWENT,T.E-11.34,cave_context,matched_inventory
JKTZ-OBJ-000216,Geoportal_PIG,PIG_ID,1231,cave_context,cave_single_object_assumed
JKTZ-OBJ-000216,TPN,GLOBALID,{FF5162FB-9DBD-4EBD-B296-639E970C6ADD},object,source_object
JKTZ-OBJ-000216,TPN,NR_INWENT,T.D-16.05,cave_context,matched_inventory
JKTZ-OBJ-000217,Geoportal_PIG,PIG_ID,10865,cave_context,cave_single_object_assumed
JKTZ-OBJ-000217,TPN,GLOBALID,{A00678A9-E909-4776-B57B-FE446D4FD3E0},object,source_object
JKTZ-OBJ-000217,TPN,NR_INWENT,T.E-04.02,cave_context,matched_inventory
JKTZ-OBJ-000218,Geoportal_PIG,PIG_ID,1286,cave_context,cave_single_object_assumed
JKTZ-OBJ-000218,TPN,GLOBALID,{2921C035-4B83-4092-8734-A131DC108DEF},object,source_object
JKTZ-OBJ-000218,TPN,NR_INWENT,T.E-05.02,cave_context,matched_inventory
JKTZ-OBJ-000219,TPN,GLOBALID,{43E5925D-1348-42E6-ABBC-115D0F255F5A},object,source_object
JKTZ-OBJ-000220,Geoportal_PIG,PIG_ID,1202,cave_context,cave_single_object_assumed
JKTZ-OBJ-000220,TPN,GLOBALID,{8BD895DB-7088-4012-9A28-6872C4A280C9},object,source_object
JKTZ-OBJ-000220,TPN,NR_INWENT,T.D-13.03,cave_context,matched_inventory
JKTZ-OBJ-000221,Geoportal_PIG,PIG_ID,1444,cave_context,cave_single_object_assumed
JKTZ-OBJ-000221,TPN,GLOBALID,{4DCF9F3C-2719-44F3-B6D8-C208E02EDD74},object,source_object
JKTZ-OBJ-000221,TPN,NR_INWENT,T.E-09.14,cave_context,matched_inventory
JKTZ-OBJ-000222,Geoportal_PIG,PIG_ID,1207,cave_context,cave_single_object_assumed
JKTZ-OBJ-000222,TPN,GLOBALID,{CD125C15-5951-41C7-A4BF-EA597AFD2613},object,source_object
JKTZ-OBJ-000222,TPN,NR_INWENT,T.D-12.02,cave_context,matched_inventory
JKTZ-OBJ-000223,Geoportal_PIG,PIG_ID,1489,cave_context,cave_single_object_assumed
JKTZ-OBJ-000223,TPN,GLOBALID,{D929A422-5E8C-4BF8-8BAC-2BBEE56B03AD},object,source_object
JKTZ-OBJ-000223,TPN,NR_INWENT,T.E-11.16,cave_context,matched_inventory
JKTZ-OBJ-000224,TPN,GLOBALID,{3F7018B7-6BB7-4181-9F09-607ADD6EC315},object,source_object
JKTZ-OBJ-000225,Geoportal_PIG,PIG_ID,1349,cave_context,cave_level_source_record
JKTZ-OBJ-000225,TPN,GLOBALID,{CECF8620-A1C8-4941-A5B1-6C2226DC1F88},object,source_object
JKTZ-OBJ-000225,TPN,NR_INWENT,T.E-08.04,cave_context,matched_inventory
JKTZ-OBJ-000226,Geoportal_PIG,PIG_ID,4226,cave_context,cave_single_object_assumed
JKTZ-OBJ-000226,TPN,GLOBALID,{479EC3E3-2B4A-4F0E-B9D5-915901C6A9A9},object,source_object
JKTZ-OBJ-000226,TPN,NR_INWENT,T.C-05.08,cave_context,matched_inventory
JKTZ-OBJ-000227,TPN,GLOBALID,{F8892AF0-67AE-47D1-8E94-9683FD539C7E},object,source_object
JKTZ-OBJ-000228,Geoportal_PIG,PIG_ID,1428,cave_context,cave_single_object_assumed
JKTZ-OBJ-000228,TPN,GLOBALID,{57D7D3F9-32BD-430D-826D-D5A67D07A4F7},object,source_object
JKTZ-OBJ-000228,TPN,NR_INWENT,T.E-08.52,cave_context,matched_inventory
JKTZ-OBJ-000229,Geoportal_PIG,PIG_ID,1396,cave_context,cave_single_object_assumed
JKTZ-OBJ-000229,TPN,GLOBALID,{3E46ACC8-6C9F-4340-B525-8C64C859CAA2},object,source_object
JKTZ-OBJ-000229,TPN,NR_INWENT,T.E-08.18,cave_context,matched_inventory
JKTZ-OBJ-000230,Geoportal_PIG,PIG_ID,1167,cave_context,cave_single_object_assumed
JKTZ-OBJ-000230,TPN,GLOBALID,{7E79EE82-FAD4-436C-9303-3E7FC76702EC},object,source_object
JKTZ-OBJ-000230,TPN,NR_INWENT,T.D-08.59,cave_context,matched_inventory
JKTZ-OBJ-000231,Geoportal_PIG,PIG_ID,1459,cave_context,cave_single_object_assumed
JKTZ-OBJ-000231,TPN,GLOBALID,{29EBB2CB-8AAB-4EF1-A8DC-7728AE2CC368},object,source_object
JKTZ-OBJ-000231,TPN,NR_INWENT,T.E-11.01,cave_context,matched_inventory
JKTZ-OBJ-000232,Geoportal_PIG,PIG_ID,1084,cave_context,cave_single_object_assumed
JKTZ-OBJ-000232,TPN,GLOBALID,{E47E074F-48F3-4CED-BCB9-1C04DA9C8758},object,source_object
JKTZ-OBJ-000232,TPN,NR_INWENT,T.D-06.14,cave_context,matched_inventory
JKTZ-OBJ-000233,Geoportal_PIG,PIG_ID,1468,cave_context,cave_single_object_assumed
JKTZ-OBJ-000233,TPN,GLOBALID,{8047BE78-EEC7-4F4B-B6F2-F9CF6781D3B1},object,source_object
JKTZ-OBJ-000233,TPN,NR_INWENT,T.E-09.30,cave_context,matched_inventory
JKTZ-OBJ-000234,Geoportal_PIG,PIG_ID,11049,cave_context,cave_single_object_assumed
JKTZ-OBJ-000234,TPN,GLOBALID,{E1FB7940-6AE6-4DD7-BA0F-DC79EAA88BAD},object,source_object
JKTZ-OBJ-000234,TPN,NR_INWENT,T.A-23.05,cave_context,matched_inventory
JKTZ-OBJ-000235,Geoportal_PIG,PIG_ID,1212,cave_context,cave_single_object_assumed
JKTZ-OBJ-000235,TPN,GLOBALID,{3524D696-48F6-4958-B00C-8345575257D6},object,source_object
JKTZ-OBJ-000235,TPN,NR_INWENT,T.D-14.01,cave_context,matched_inventory
JKTZ-OBJ-000236,Geoportal_PIG,PIG_ID,1089,cave_context,cave_single_object_assumed
JKTZ-OBJ-000236,TPN,GLOBALID,{EF04F765-43FB-48CE-BEC7-8CA010ABFFA8},object,source_object
JKTZ-OBJ-000236,TPN,NR_INWENT,T.D-08.03,cave_context,matched_inventory
JKTZ-OBJ-000237,Geoportal_PIG,PIG_ID,1067,cave_context,cave_single_object_assumed
JKTZ-OBJ-000237,TPN,GLOBALID,{E70F5D13-0917-470D-ABB0-5D7853D98016},object,source_object
JKTZ-OBJ-000237,TPN,NR_INWENT,T.D-04.01,cave_context,matched_inventory
JKTZ-OBJ-000238,Geoportal_PIG,PIG_ID,11037,cave_context,cave_single_object_assumed
JKTZ-OBJ-000238,TPN,GLOBALID,{9853D570-F007-42EC-B928-8FE0692E8AF1},object,source_object
JKTZ-OBJ-000238,TPN,NR_INWENT,T.B-24.06,cave_context,matched_inventory
JKTZ-OBJ-000239,Geoportal_PIG,PIG_ID,1599,cave_context,cave_single_object_assumed
JKTZ-OBJ-000239,TPN,GLOBALID,{3F48775E-C46C-4DF2-ACAD-CB273DC6AD77},object,source_object
JKTZ-OBJ-000239,TPN,NR_INWENT,T.E-12.55,cave_context,matched_inventory
JKTZ-OBJ-000240,TPN,GLOBALID,{CF3C3737-0919-4FDA-BCBA-AEAE12604FA7},object,source_object
JKTZ-OBJ-000241,Geoportal_PIG,PIG_ID,1393,cave_context,cave_single_object_assumed
JKTZ-OBJ-000241,TPN,GLOBALID,{874BE4A1-F9BF-4FBD-B29C-F648A6FFB026},object,source_object
JKTZ-OBJ-000241,TPN,NR_INWENT,T.E-08.15,cave_context,matched_inventory
JKTZ-OBJ-000242,Geoportal_PIG,PIG_ID,1020,cave_context,cave_single_object_assumed
JKTZ-OBJ-000242,TPN,GLOBALID,{90938460-DADB-4D19-82AB-558B3A45FF85},object,source_object
JKTZ-OBJ-000242,TPN,NR_INWENT,T.B-14.03,cave_context,matched_inventory
JKTZ-OBJ-000243,Geoportal_PIG,PIG_ID,990,cave_context,cave_single_object_assumed
JKTZ-OBJ-000243,TPN,GLOBALID,{F64FAB23-53F9-45FA-A1C2-748D15A67568},object,source_object
JKTZ-OBJ-000243,TPN,NR_INWENT,T.B-09.16,cave_context,matched_inventory
JKTZ-OBJ-000244,Geoportal_PIG,PIG_ID,1556,cave_context,cave_single_object_assumed
JKTZ-OBJ-000244,TPN,GLOBALID,{26BCFA87-B0B2-4830-9D1C-15E391DB0C46},object,source_object
JKTZ-OBJ-000244,TPN,NR_INWENT,T.E-12.21,cave_context,matched_inventory
JKTZ-OBJ-000245,Geoportal_PIG,PIG_ID,1545,cave_context,cave_single_object_assumed
JKTZ-OBJ-000245,TPN,GLOBALID,{DCAD726E-957A-4C2F-81E7-A00DA3BA74DC},object,source_object
JKTZ-OBJ-000245,TPN,NR_INWENT,T.E-11.64,cave_context,matched_inventory
JKTZ-OBJ-000246,Geoportal_PIG,PIG_ID,1626,cave_context,cave_single_object_assumed
JKTZ-OBJ-000246,TPN,GLOBALID,{D48FE3ED-6A07-4BE1-82F2-2FBC84CEFFCC},object,source_object
JKTZ-OBJ-000246,TPN,NR_INWENT,T.E-13.26,cave_context,matched_inventory
JKTZ-OBJ-000247,Geoportal_PIG,PIG_ID,1408,cave_context,cave_single_object_assumed
JKTZ-OBJ-000247,TPN,GLOBALID,{2D06DB10-AD59-4E25-ABD6-25BA344BDC07},object,source_object
JKTZ-OBJ-000247,TPN,NR_INWENT,T.E-09.01,cave_context,matched_inventory
JKTZ-OBJ-000248,Geoportal_PIG,PIG_ID,1339,cave_context,cave_single_object_assumed
JKTZ-OBJ-000248,TPN,GLOBALID,{27D9FB42-F6B9-495D-B6B8-D0F0B6943A5A},object,source_object
JKTZ-OBJ-000248,TPN,NR_INWENT,T.E-07.35,cave_context,matched_inventory
JKTZ-OBJ-000249,Geoportal_PIG,PIG_ID,1233,cave_context,cave_single_object_assumed
JKTZ-OBJ-000249,TPN,GLOBALID,{D10D1340-938D-43B2-8E7F-19D6110CA747},object,source_object
JKTZ-OBJ-000249,TPN,NR_INWENT,T.D-16.06,cave_context,matched_inventory
JKTZ-OBJ-000250,Geoportal_PIG,PIG_ID,1204,cave_context,cave_single_object_assumed
JKTZ-OBJ-000250,TPN,GLOBALID,{2091F15D-54BF-40C7-9CF8-04B2FDE247FE},object,source_object
JKTZ-OBJ-000250,TPN,NR_INWENT,T.D-13.04,cave_context,matched_inventory
JKTZ-OBJ-000251,TPN,GLOBALID,{DDED8478-2649-47DE-9199-DAE3080C4C68},object,source_object
JKTZ-OBJ-000252,Geoportal_PIG,PIG_ID,1538,cave_context,cave_single_object_assumed
JKTZ-OBJ-000252,TPN,GLOBALID,{DBDFE727-C1A8-4F4A-BBE5-706906238F6E},object,source_object
JKTZ-OBJ-000252,TPN,NR_INWENT,T.E-12.08,cave_context,matched_inventory
JKTZ-OBJ-000253,Geoportal_PIG,PIG_ID,1014,cave_context,cave_single_object_assumed
JKTZ-OBJ-000253,TPN,GLOBALID,{9FB3E3A8-FF23-4E7A-A922-89645F410082},object,source_object
JKTZ-OBJ-000253,TPN,NR_INWENT,T.B-12.07,cave_context,matched_inventory
JKTZ-OBJ-000254,Geoportal_PIG,PIG_ID,1665,cave_context,cave_single_object_assumed
JKTZ-OBJ-000254,TPN,GLOBALID,{BA5BC846-7368-45FC-8C32-8A02085FF431},object,source_object
JKTZ-OBJ-000254,TPN,NR_INWENT,T.F-09.12,cave_context,matched_inventory
JKTZ-OBJ-000255,Geoportal_PIG,PIG_ID,1648,cave_context,cave_single_object_assumed
JKTZ-OBJ-000255,TPN,GLOBALID,{859B300C-5F75-4BF0-8BCD-3465A16E5CD2},object,source_object
JKTZ-OBJ-000255,TPN,NR_INWENT,T.F-08.01,cave_context,matched_inventory
JKTZ-OBJ-000256,Geoportal_PIG,PIG_ID,1509,cave_context,cave_single_object_assumed
JKTZ-OBJ-000256,TPN,GLOBALID,{757D675F-2DC5-4C94-9629-133647C09738},object,source_object
JKTZ-OBJ-000256,TPN,NR_INWENT,T.E-11.46,cave_context,matched_inventory
JKTZ-OBJ-000257,Geoportal_PIG,PIG_ID,1732,cave_context,cave_single_object_assumed
JKTZ-OBJ-000257,TPN,GLOBALID,{186CD6B6-1879-4D04-A806-3CCB64555BA0},object,source_object
JKTZ-OBJ-000257,TPN,NR_INWENT,T.L-22.03,cave_context,matched_inventory
JKTZ-OBJ-000258,Geoportal_PIG,PIG_ID,1185,cave_context,cave_single_object_assumed
JKTZ-OBJ-000258,TPN,GLOBALID,{16CB2C1B-D59F-4C30-B9EB-218BD6D437FA},object,source_object
JKTZ-OBJ-000258,TPN,NR_INWENT,T.D-09.12,cave_context,matched_inventory
JKTZ-OBJ-000259,Geoportal_PIG,PIG_ID,4070,cave_context,cave_single_object_assumed
JKTZ-OBJ-000259,TPN,GLOBALID,{5744BD19-1F3D-476A-B74B-09B58891C0A3},object,source_object
JKTZ-OBJ-000259,TPN,NR_INWENT,T.B-04.06,cave_context,matched_inventory
JKTZ-OBJ-000260,Geoportal_PIG,PIG_ID,1614,cave_context,cave_single_object_assumed
JKTZ-OBJ-000260,TPN,GLOBALID,{B3870EF4-6A8B-4617-9A76-8E77BB82B8D3},object,source_object
JKTZ-OBJ-000260,TPN,NR_INWENT,T.E-12.67,cave_context,matched_inventory
JKTZ-OBJ-000261,Geoportal_PIG,PIG_ID,1706,cave_context,cave_single_object_assumed
JKTZ-OBJ-000261,TPN,GLOBALID,{62F9FCCE-67CD-4904-8AA4-874355D6B7CF},object,source_object
JKTZ-OBJ-000261,TPN,NR_INWENT,T.F-10.03,cave_context,matched_inventory
JKTZ-OBJ-000262,TPN,GLOBALID,{BE12C616-1780-44D3-AD82-398987C85B67},object,source_object
JKTZ-OBJ-000263,Geoportal_PIG,PIG_ID,11038,cave_context,cave_single_object_assumed
JKTZ-OBJ-000263,TPN,GLOBALID,{A7D95407-553E-4639-98C2-CE077B883B5D},object,source_object
JKTZ-OBJ-000263,TPN,NR_INWENT,T.B-24.05,cave_context,matched_inventory
JKTZ-OBJ-000264,Geoportal_PIG,PIG_ID,1280,cave_context,cave_single_object_assumed
JKTZ-OBJ-000264,TPN,GLOBALID,{CA1DF9DB-A591-409B-894F-BD65C3E23B17},object,source_object
JKTZ-OBJ-000264,TPN,NR_INWENT,T.D-18.08,cave_context,matched_inventory
JKTZ-OBJ-000265,Geoportal_PIG,PIG_ID,1117,cave_context,cave_single_object_assumed
JKTZ-OBJ-000265,TPN,GLOBALID,{F6CD2736-D198-4677-843B-337BD1C3578E},object,source_object
JKTZ-OBJ-000265,TPN,NR_INWENT,T.D-08.28,cave_context,matched_inventory
JKTZ-OBJ-000266,Geoportal_PIG,PIG_ID,1571,cave_context,cave_single_object_assumed
JKTZ-OBJ-000266,TPN,GLOBALID,{1DA1C57B-60F3-4C4E-B06C-5DDD047AECE6},object,source_object
JKTZ-OBJ-000266,TPN,NR_INWENT,T.E-12.36,cave_context,matched_inventory
JKTZ-OBJ-000267,Geoportal_PIG,PIG_ID,1297,cave_context,cave_single_object_assumed
JKTZ-OBJ-000267,TPN,GLOBALID,{82607F42-7B33-4CD6-A3FD-CD95E53D28D1},object,source_object
JKTZ-OBJ-000267,TPN,NR_INWENT,T.E-06.01,cave_context,matched_inventory
JKTZ-OBJ-000268,Geoportal_PIG,PIG_ID,1719,cave_context,cave_single_object_assumed
JKTZ-OBJ-000268,TPN,GLOBALID,{6842B5C5-69EC-4F77-810F-8A5B2368D16B},object,source_object
JKTZ-OBJ-000268,TPN,NR_INWENT,T.J-24.03,cave_context,matched_inventory
JKTZ-OBJ-000269,Geoportal_PIG,PIG_ID,1494,cave_context,cave_single_object_assumed
JKTZ-OBJ-000269,TPN,GLOBALID,{36D98511-10D8-4182-A7E1-BC7BEAC2792D},object,source_object
JKTZ-OBJ-000269,TPN,NR_INWENT,T.E-11.39,cave_context,matched_inventory
JKTZ-OBJ-000270,Geoportal_PIG,PIG_ID,1311,cave_context,cave_single_object_assumed
JKTZ-OBJ-000270,TPN,GLOBALID,{78C698F2-4463-459C-AC37-E442A4B2604B},object,source_object
JKTZ-OBJ-000270,TPN,NR_INWENT,T.E-07.16,cave_context,matched_inventory
JKTZ-OBJ-000271,Geoportal_PIG,PIG_ID,1112,cave_context,cave_single_object_assumed
JKTZ-OBJ-000271,TPN,GLOBALID,{9884C999-570E-4E21-AB87-AE51E18CD9DC},object,source_object
JKTZ-OBJ-000271,TPN,NR_INWENT,T.D-08.22,cave_context,matched_inventory
JKTZ-OBJ-000272,Geoportal_PIG,PIG_ID,4586,cave_context,cave_single_object_assumed
JKTZ-OBJ-000272,TPN,GLOBALID,{EBEE2DFF-752F-4DBB-BB57-B7753D4025C7},object,source_object
JKTZ-OBJ-000272,TPN,NR_INWENT,T.D-08.69,cave_context,matched_inventory
JKTZ-OBJ-000273,TPN,GLOBALID,{A5C7088E-A2FE-4898-AE2E-B0A9B420B17D},object,source_object
JKTZ-OBJ-000274,Geoportal_PIG,PIG_ID,1693,cave_context,cave_single_object_assumed
JKTZ-OBJ-000274,TPN,GLOBALID,{6D0ADC15-4701-4BC5-AD88-7B442046E34E},object,source_object
JKTZ-OBJ-000274,TPN,NR_INWENT,T.F-09.34,cave_context,matched_inventory
JKTZ-OBJ-000275,Geoportal_PIG,PIG_ID,1177,cave_context,cave_single_object_assumed
JKTZ-OBJ-000275,TPN,GLOBALID,{05993BEA-3B61-4FF8-874E-A8C5070CD292},object,source_object
JKTZ-OBJ-000275,TPN,NR_INWENT,T.D-05.08,cave_context,matched_inventory
JKTZ-OBJ-000276,Geoportal_PIG,PIG_ID,1228,cave_context,cave_single_object_assumed
JKTZ-OBJ-000276,TPN,GLOBALID,{45260486-42B3-4CBF-9109-9940BAF7909F},object,source_object
JKTZ-OBJ-000276,TPN,NR_INWENT,T.D-16.04,cave_context,matched_inventory
JKTZ-OBJ-000277,TPN,GLOBALID,{204A0610-40F4-4D2D-AA17-A138A1237B13},object,source_object
JKTZ-OBJ-000278,Geoportal_PIG,PIG_ID,1361,cave_context,cave_single_object_assumed
JKTZ-OBJ-000278,TPN,GLOBALID,{842A4D5F-B21F-4B09-B55C-E871EB54C356},object,source_object
JKTZ-OBJ-000278,TPN,NR_INWENT,T.E-08.23,cave_context,matched_inventory
JKTZ-OBJ-000279,Geoportal_PIG,PIG_ID,1602,cave_context,cave_single_object_assumed
JKTZ-OBJ-000279,TPN,GLOBALID,{FDA227AB-5051-41CB-819E-BD2635872B4C},object,source_object
JKTZ-OBJ-000279,TPN,NR_INWENT,T.E-13.13,cave_context,matched_inventory
JKTZ-OBJ-000280,Geoportal_PIG,PIG_ID,1480,cave_context,cave_single_object_assumed
JKTZ-OBJ-000280,TPN,GLOBALID,{75225B17-A95F-4673-8D7A-6616F3A1977E},object,source_object
JKTZ-OBJ-000280,TPN,NR_INWENT,T.E-11.12,cave_context,matched_inventory
JKTZ-OBJ-000281,Geoportal_PIG,PIG_ID,1619,cave_context,cave_single_object_assumed
JKTZ-OBJ-000281,TPN,GLOBALID,{EFCB3785-DC34-4845-9E03-073B39626FC7},object,source_object
JKTZ-OBJ-000281,TPN,NR_INWENT,T.E-13.18,cave_context,matched_inventory
JKTZ-OBJ-000282,Geoportal_PIG,PIG_ID,1544,cave_context,cave_single_object_assumed
JKTZ-OBJ-000282,TPN,GLOBALID,{DFDA05BA-3EF6-4EA3-9AEA-4FF83789031D},object,source_object
JKTZ-OBJ-000282,TPN,NR_INWENT,T.E-12.11,cave_context,matched_inventory
JKTZ-OBJ-000283,Geoportal_PIG,PIG_ID,1092,cave_context,cave_single_object_assumed
JKTZ-OBJ-000283,TPN,GLOBALID,{049A3B16-F077-4887-970D-15055B5310DD},object,source_object
JKTZ-OBJ-000283,TPN,NR_INWENT,T.D-08.05,cave_context,matched_inventory
JKTZ-OBJ-000284,Geoportal_PIG,PIG_ID,1470,cave_context,cave_single_object_assumed
JKTZ-OBJ-000284,TPN,GLOBALID,{251BD9EA-04F7-476F-A4EE-C9FB4D8C4BB4},object,source_object
JKTZ-OBJ-000284,TPN,NR_INWENT,T.E-11.03,cave_context,matched_inventory
JKTZ-OBJ-000285,Geoportal_PIG,PIG_ID,1472,cave_context,cave_single_object_assumed
JKTZ-OBJ-000285,TPN,GLOBALID,{C5BCC87D-2F7E-42B5-8433-F72C556B8618},object,source_object
JKTZ-OBJ-000285,TPN,NR_INWENT,T.E-11.05,cave_context,matched_inventory
JKTZ-OBJ-000286,TPN,GLOBALID,{928043CC-4A91-42CF-8FCD-1BBBD1671B28},object,source_object
JKTZ-OBJ-000287,Geoportal_PIG,PIG_ID,1161,cave_context,cave_single_object_assumed
JKTZ-OBJ-000287,TPN,GLOBALID,{8AD7A1A1-9EB3-4D42-BDE3-D747332D0362},object,source_object
JKTZ-OBJ-000287,TPN,NR_INWENT,T.D-08.53,cave_context,matched_inventory
JKTZ-OBJ-000288,TPN,GLOBALID,{98377D8A-8E3D-41E9-BD6D-DA78E5E56745},object,source_object
JKTZ-OBJ-000289,Geoportal_PIG,PIG_ID,1588,cave_context,cave_single_object_assumed
JKTZ-OBJ-000289,TPN,GLOBALID,{70AC2223-B049-4359-AFB7-7069D04FE4F1},object,source_object
JKTZ-OBJ-000289,TPN,NR_INWENT,T.E-12.48,cave_context,matched_inventory
JKTZ-OBJ-000290,Geoportal_PIG,PIG_ID,1095,cave_context,cave_level_source_record
JKTZ-OBJ-000290,TPN,GLOBALID,{2C536A0D-8E71-488D-9204-6BBC400C4BCC},object,source_object
JKTZ-OBJ-000290,TPN,NR_INWENT,T.D-08.08,cave_context,matched_inventory
JKTZ-OBJ-000291,Geoportal_PIG,PIG_ID,1445,cave_context,cave_level_source_record
JKTZ-OBJ-000291,TPN,GLOBALID,{51B5C393-762B-4F82-AE55-2B3AECD95035},object,source_object
JKTZ-OBJ-000291,TPN,NR_INWENT,T.E-09.12,cave_context,matched_inventory
JKTZ-OBJ-000292,Geoportal_PIG,PIG_ID,1279,cave_context,cave_single_object_assumed
JKTZ-OBJ-000292,TPN,GLOBALID,{DBD8CD14-D3F4-4525-A523-0F22E07ABF04},object,source_object
JKTZ-OBJ-000292,TPN,NR_INWENT,T.D-18.07,cave_context,matched_inventory
JKTZ-OBJ-000293,TPN,GLOBALID,{FCF9C91D-76AC-48F2-843E-3193DB34EDD4},object,source_object
JKTZ-OBJ-000294,Geoportal_PIG,PIG_ID,1450,cave_context,cave_single_object_assumed
JKTZ-OBJ-000294,TPN,GLOBALID,{14FAF5E2-6113-40E2-B03F-BB5451BF2919},object,source_object
JKTZ-OBJ-000294,TPN,NR_INWENT,T.E-10.03,cave_context,matched_inventory
JKTZ-OBJ-000295,Geoportal_PIG,PIG_ID,992,cave_context,cave_single_object_assumed
JKTZ-OBJ-000295,TPN,GLOBALID,{04164DCF-2CC7-44FC-9152-98A06F6502B2},object,source_object
JKTZ-OBJ-000295,TPN,NR_INWENT,T.B-10.02,cave_context,matched_inventory
JKTZ-OBJ-000296,Geoportal_PIG,PIG_ID,1097,cave_context,cave_single_object_assumed
JKTZ-OBJ-000296,TPN,GLOBALID,{F16EEFCD-1BEB-4E7A-BE4A-1F4A8EFF3863},object,source_object
JKTZ-OBJ-000296,TPN,NR_INWENT,T.D-05.02,cave_context,matched_inventory
JKTZ-OBJ-000297,Geoportal_PIG,PIG_ID,491,cave_context,cave_single_object_assumed
JKTZ-OBJ-000297,TPN,GLOBALID,{A34CAD7D-C9F0-4951-B83C-23248B05B900},object,source_object
JKTZ-OBJ-000297,TPN,NR_INWENT,T.E-12.01,cave_context,matched_inventory
JKTZ-OBJ-000298,Geoportal_PIG,PIG_ID,1114,cave_context,cave_single_object_assumed
JKTZ-OBJ-000298,TPN,GLOBALID,{2B423CE5-4084-4093-A935-7648032D30E1},object,source_object
JKTZ-OBJ-000298,TPN,NR_INWENT,T.D-08.24,cave_context,matched_inventory
JKTZ-OBJ-000299,TPN,GLOBALID,{EEA9E82F-1DA8-492E-B6E2-A9442252C3A2},object,source_object
JKTZ-OBJ-000300,TPN,GLOBALID,{D6280BA6-C638-4087-B4F8-CF7AAD8BA588},object,source_object
JKTZ-OBJ-000301,Geoportal_PIG,PIG_ID,1429,cave_context,cave_single_object_assumed
JKTZ-OBJ-000301,TPN,GLOBALID,{D1578A9F-222A-404A-B528-C5021BA7F00C},object,source_object
JKTZ-OBJ-000301,TPN,NR_INWENT,T.E-08.53,cave_context,matched_inventory
JKTZ-OBJ-000302,Geoportal_PIG,PIG_ID,1508,cave_context,cave_single_object_assumed
JKTZ-OBJ-000302,TPN,GLOBALID,{F662E414-378F-48F1-B29B-698AAB06F665},object,source_object
JKTZ-OBJ-000302,TPN,NR_INWENT,T.E-11.45,cave_context,matched_inventory
JKTZ-OBJ-000303,Geoportal_PIG,PIG_ID,1054,cave_context,cave_single_object_assumed
JKTZ-OBJ-000303,TPN,GLOBALID,{6350E75C-59F9-459B-B47A-960E737C8AA9},object,source_object
JKTZ-OBJ-000303,TPN,NR_INWENT,T.C-15.03,cave_context,matched_inventory
JKTZ-OBJ-000304,Geoportal_PIG,PIG_ID,4425,cave_context,cave_single_object_assumed
JKTZ-OBJ-000304,TPN,GLOBALID,{5FD3F337-9F29-49AC-9183-3D97AF490C9D},object,source_object
JKTZ-OBJ-000304,TPN,NR_INWENT,T.F-11.11,cave_context,matched_inventory
JKTZ-OBJ-000305,Geoportal_PIG,PIG_ID,1095,cave_context,cave_level_source_record
JKTZ-OBJ-000305,TPN,GLOBALID,{BA3B354A-8BBE-4342-A993-A1988E9006D6},object,source_object
JKTZ-OBJ-000305,TPN,NR_INWENT,T.D-08.08,cave_context,matched_inventory
JKTZ-OBJ-000306,Geoportal_PIG,PIG_ID,1727,cave_context,cave_single_object_assumed
JKTZ-OBJ-000306,TPN,GLOBALID,{30F0A3B7-A808-4C9A-A066-0A758D526192},object,source_object
JKTZ-OBJ-000306,TPN,NR_INWENT,T.L-22.01,cave_context,matched_inventory
JKTZ-OBJ-000307,Geoportal_PIG,PIG_ID,4417,cave_context,cave_single_object_assumed
JKTZ-OBJ-000307,TPN,GLOBALID,{6EB691B5-23DB-4F59-B479-D408A585E062},object,source_object
JKTZ-OBJ-000307,TPN,NR_INWENT,T.F-09.35,cave_context,matched_inventory
JKTZ-OBJ-000308,Geoportal_PIG,PIG_ID,1478,cave_context,cave_single_object_assumed
JKTZ-OBJ-000308,TPN,GLOBALID,{AF271E37-C205-48CA-B546-B3F0663ED2F4},object,source_object
JKTZ-OBJ-000308,TPN,NR_INWENT,T.E-11.11,cave_context,matched_inventory
JKTZ-OBJ-000309,Geoportal_PIG,PIG_ID,11057,cave_context,cave_single_object_assumed
JKTZ-OBJ-000309,TPN,GLOBALID,{B25BFB8D-E88F-4F14-9FDA-D68ECA2C621C},object,source_object
JKTZ-OBJ-000309,TPN,NR_INWENT,T.E-10.09,cave_context,matched_inventory
JKTZ-OBJ-000310,Geoportal_PIG,PIG_ID,4427,cave_context,cave_single_object_assumed
JKTZ-OBJ-000310,TPN,GLOBALID,{D29B67F7-2416-4F4E-9FF7-0D52C2ACC9A8},object,source_object
JKTZ-OBJ-000310,TPN,NR_INWENT,T.F-11.15,cave_context,matched_inventory
JKTZ-OBJ-000311,Geoportal_PIG,PIG_ID,1406,cave_context,cave_single_object_assumed
JKTZ-OBJ-000311,TPN,GLOBALID,{4033C400-E3F6-4A80-A3A5-5F9B34FC8386},object,source_object
JKTZ-OBJ-000311,TPN,NR_INWENT,T.E-08.37,cave_context,matched_inventory
JKTZ-OBJ-000312,Geoportal_PIG,PIG_ID,1415,cave_context,cave_single_object_assumed
JKTZ-OBJ-000312,TPN,GLOBALID,{3C0F8BC6-2907-4620-AA4C-988BCE41E34F},object,source_object
JKTZ-OBJ-000312,TPN,NR_INWENT,T.E-08.45,cave_context,matched_inventory
JKTZ-OBJ-000313,Geoportal_PIG,PIG_ID,1466,cave_context,cave_single_object_assumed
JKTZ-OBJ-000313,TPN,GLOBALID,{DB9E0E2B-C3DB-4109-98A8-186360ED8660},object,source_object
JKTZ-OBJ-000313,TPN,NR_INWENT,T.E-09.28,cave_context,matched_inventory
JKTZ-OBJ-000314,Geoportal_PIG,PIG_ID,1329,cave_context,cave_single_object_assumed
JKTZ-OBJ-000314,TPN,GLOBALID,{7B2DFD58-B72F-49F9-9801-6159B9C9FE78},object,source_object
JKTZ-OBJ-000314,TPN,NR_INWENT,T.E-06.08,cave_context,matched_inventory
JKTZ-OBJ-000315,Geoportal_PIG,PIG_ID,1308,cave_context,cave_single_object_assumed
JKTZ-OBJ-000315,TPN,GLOBALID,{AE6A3054-552C-4BAE-922E-E80F60CACBD4},object,source_object
JKTZ-OBJ-000315,TPN,NR_INWENT,T.E-07.13,cave_context,matched_inventory
JKTZ-OBJ-000316,TPN,GLOBALID,{28DEA51D-B6AE-478E-B52A-834C3EB460FC},object,source_object
JKTZ-OBJ-000317,TPN,GLOBALID,{0A918778-2BA0-4AE8-8DBD-1B8B7C319066},object,source_object
JKTZ-OBJ-000318,Geoportal_PIG,PIG_ID,1650,cave_context,cave_single_object_assumed
JKTZ-OBJ-000318,TPN,GLOBALID,{448A3FE4-168F-47CB-A7E0-5E32ED04DAB7},object,source_object
JKTZ-OBJ-000318,TPN,NR_INWENT,T.F-08.03,cave_context,matched_inventory
JKTZ-OBJ-000319,Geoportal_PIG,PIG_ID,4432,cave_context,cave_single_object_assumed
JKTZ-OBJ-000319,TPN,GLOBALID,{9DE94A65-ABFE-4FC6-BD5C-01DBB2F73308},object,source_object
JKTZ-OBJ-000319,TPN,NR_INWENT,T.F-11.20,cave_context,matched_inventory
JKTZ-OBJ-000320,Geoportal_PIG,PIG_ID,1589,cave_context,cave_single_object_assumed
JKTZ-OBJ-000320,TPN,GLOBALID,{E4C3C336-F10C-42EF-98E3-2C0C6F543519},object,source_object
JKTZ-OBJ-000320,TPN,NR_INWENT,T.E-12.49,cave_context,matched_inventory
JKTZ-OBJ-000321,TPN,GLOBALID,{9A3DC135-EC51-475F-BBBD-15BDD3072F68},object,source_object
JKTZ-OBJ-000322,Geoportal_PIG,PIG_ID,1291,cave_context,cave_single_object_assumed
JKTZ-OBJ-000322,TPN,GLOBALID,{A675E53D-A2DC-46C9-98DD-96E7B8C8EE0A},object,source_object
JKTZ-OBJ-000322,TPN,NR_INWENT,T.E-07.05,cave_context,matched_inventory
JKTZ-OBJ-000323,TPN,GLOBALID,{CA3A7955-CD7E-46C0-9A2A-9F8632B39057},object,source_object
JKTZ-OBJ-000324,Geoportal_PIG,PIG_ID,1708,cave_context,cave_single_object_assumed
JKTZ-OBJ-000324,TPN,GLOBALID,{00230389-7441-47AF-A7AC-8773C7A7B018},object,source_object
JKTZ-OBJ-000324,TPN,NR_INWENT,T.F-10.05,cave_context,matched_inventory
JKTZ-OBJ-000325,Geoportal_PIG,PIG_ID,1530,cave_context,cave_single_object_assumed
JKTZ-OBJ-000325,TPN,GLOBALID,{DE4E8D3B-1D38-4541-81D2-F61D5CB4C537},object,source_object
JKTZ-OBJ-000325,TPN,NR_INWENT,T.E-11.57,cave_context,matched_inventory
JKTZ-OBJ-000326,Geoportal_PIG,PIG_ID,4366,cave_context,cave_single_object_assumed
JKTZ-OBJ-000326,TPN,GLOBALID,{2F06A9A5-7185-4981-B146-8DD1ACBF8176},object,source_object
JKTZ-OBJ-000326,TPN,NR_INWENT,T.E-09.38,cave_context,matched_inventory
JKTZ-OBJ-000327,Geoportal_PIG,PIG_ID,1625,cave_context,cave_single_object_assumed
JKTZ-OBJ-000327,TPN,GLOBALID,{4500F878-2BA4-4E01-ACBB-4B60C7300246},object,source_object
JKTZ-OBJ-000327,TPN,NR_INWENT,T.E-13.25,cave_context,matched_inventory
JKTZ-OBJ-000328,TPN,GLOBALID,{7F42BD24-1B62-42FF-A68D-96F5AC40A42A},object,source_object
JKTZ-OBJ-000329,Geoportal_PIG,PIG_ID,1722,cave_context,cave_single_object_assumed
JKTZ-OBJ-000329,TPN,GLOBALID,{331A7E2E-439B-4E79-A5A8-F4B6CCE19662},object,source_object
JKTZ-OBJ-000329,TPN,NR_INWENT,T.J-24.04,cave_context,matched_inventory
JKTZ-OBJ-000330,Geoportal_PIG,PIG_ID,1101,cave_context,cave_single_object_assumed
JKTZ-OBJ-000330,TPN,GLOBALID,{69AAFA05-B645-40CC-9904-7240AD30F03F},object,source_object
JKTZ-OBJ-000330,TPN,NR_INWENT,T.D-08.12,cave_context,matched_inventory
JKTZ-OBJ-000331,Geoportal_PIG,PIG_ID,1417,cave_context,cave_single_object_assumed
JKTZ-OBJ-000331,TPN,GLOBALID,{8CD9CAFE-ED57-456A-95DA-79BE5518D09A},object,source_object
JKTZ-OBJ-000331,TPN,NR_INWENT,T.E-08.46,cave_context,matched_inventory
JKTZ-OBJ-000332,Geoportal_PIG,PIG_ID,1200,cave_context,cave_single_object_assumed
JKTZ-OBJ-000332,TPN,GLOBALID,{9EB09D55-39A1-44E1-805A-7F193D1B5D19},object,source_object
JKTZ-OBJ-000332,TPN,NR_INWENT,T.D-13.01,cave_context,matched_inventory
JKTZ-OBJ-000333,Geoportal_PIG,PIG_ID,1598,cave_context,cave_single_object_assumed
JKTZ-OBJ-000333,TPN,GLOBALID,{9B78B598-1D58-4DF9-B55A-1B12B2FFBC3C},object,source_object
JKTZ-OBJ-000333,TPN,NR_INWENT,T.E-13.11,cave_context,matched_inventory
JKTZ-OBJ-000334,Geoportal_PIG,PIG_ID,4072,cave_context,cave_single_object_assumed
JKTZ-OBJ-000334,TPN,GLOBALID,{748C4414-A3C2-468D-86A2-CDC74109C07F},object,source_object
JKTZ-OBJ-000334,TPN,NR_INWENT,T.B-09.17,cave_context,matched_inventory
JKTZ-OBJ-000335,TPN,GLOBALID,{6E0EBC33-4EAC-46F5-9BAB-FBFC1B2466C1},object,source_object
JKTZ-OBJ-000336,Geoportal_PIG,PIG_ID,1426,cave_context,cave_single_object_assumed
JKTZ-OBJ-000336,TPN,GLOBALID,{04BA7E19-68AA-4CB7-8486-E946D162C525},object,source_object
JKTZ-OBJ-000336,TPN,NR_INWENT,T.E-09.08,cave_context,matched_inventory
JKTZ-OBJ-000337,Geoportal_PIG,PIG_ID,1267,cave_context,cave_single_object_assumed
JKTZ-OBJ-000337,TPN,GLOBALID,{EDA32AD0-0DD5-4DB8-BACF-F4C127D8883A},object,source_object
JKTZ-OBJ-000337,TPN,NR_INWENT,T.D-17.15,cave_context,matched_inventory
JKTZ-OBJ-000338,Geoportal_PIG,PIG_ID,958,cave_context,cave_single_object_assumed
JKTZ-OBJ-000338,TPN,GLOBALID,{8468A713-52A7-4D6C-BE85-8F894409CC57},object,source_object
JKTZ-OBJ-000338,TPN,NR_INWENT,T.A-24.03,cave_context,matched_inventory
JKTZ-OBJ-000339,Geoportal_PIG,PIG_ID,1081,cave_context,cave_single_object_assumed
JKTZ-OBJ-000339,TPN,GLOBALID,{993753BD-FE9A-4E00-9F13-8108F7869D67},object,source_object
JKTZ-OBJ-000339,TPN,NR_INWENT,T.D-06.11,cave_context,matched_inventory
JKTZ-OBJ-000340,Geoportal_PIG,PIG_ID,1572,cave_context,cave_single_object_assumed
JKTZ-OBJ-000340,TPN,GLOBALID,{E411413E-8A80-4D30-84A3-B81C63B20109},object,source_object
JKTZ-OBJ-000340,TPN,NR_INWENT,T.E-12.37,cave_context,matched_inventory
JKTZ-OBJ-000341,Geoportal_PIG,PIG_ID,760,cave_context,cave_level_source_record
JKTZ-OBJ-000341,TPN,GLOBALID,{B8C9F363-3509-48DB-9ABC-90E665EF74C3},object,source_object
JKTZ-OBJ-000341,TPN,NR_INWENT,T.E-08.07,cave_context,matched_inventory
JKTZ-OBJ-000342,Geoportal_PIG,PIG_ID,4288,cave_context,cave_single_object_assumed
JKTZ-OBJ-000342,TPN,GLOBALID,{8D598143-BFCF-45A8-AAAE-DE84CA0E03CD},object,source_object
JKTZ-OBJ-000342,TPN,NR_INWENT,T.C-12.03,cave_context,matched_inventory
JKTZ-OBJ-000343,Geoportal_PIG,PIG_ID,1591,cave_context,cave_single_object_assumed
JKTZ-OBJ-000343,TPN,GLOBALID,{518FE961-D9DA-4997-804E-CFC2E389A5AB},object,source_object
JKTZ-OBJ-000343,TPN,NR_INWENT,T.E-12.50,cave_context,matched_inventory
JKTZ-OBJ-000344,Geoportal_PIG,PIG_ID,1309,cave_context,cave_single_object_assumed
JKTZ-OBJ-000344,TPN,GLOBALID,{1F042473-2E44-4835-AB00-AF1C900A30CC},object,source_object
JKTZ-OBJ-000344,TPN,NR_INWENT,T.E-07.14,cave_context,matched_inventory
JKTZ-OBJ-000345,Geoportal_PIG,PIG_ID,1483,cave_context,cave_single_object_assumed
JKTZ-OBJ-000345,TPN,GLOBALID,{99C85EC0-9839-4442-8826-FD8732494723},object,source_object
JKTZ-OBJ-000345,TPN,NR_INWENT,T.E-09.33,cave_context,matched_inventory
JKTZ-OBJ-000346,Geoportal_PIG,PIG_ID,4172,cave_context,cave_single_object_assumed
JKTZ-OBJ-000346,TPN,GLOBALID,{97D76B4A-5959-4186-9A49-D73CC464FC8C},object,source_object
JKTZ-OBJ-000346,TPN,NR_INWENT,T.D-20.01,cave_context,matched_inventory
JKTZ-OBJ-000347,Geoportal_PIG,PIG_ID,1104,cave_context,cave_single_object_assumed
JKTZ-OBJ-000347,TPN,GLOBALID,{D2B67CF2-FA6A-4CC3-BD05-66F3E5552F65},object,source_object
JKTZ-OBJ-000347,TPN,NR_INWENT,T.D-08.15,cave_context,matched_inventory
JKTZ-OBJ-000348,Geoportal_PIG,PIG_ID,1578,cave_context,cave_single_object_assumed
JKTZ-OBJ-000348,TPN,GLOBALID,{61BDC1C3-3666-470A-9E15-C749F7B42FE0},object,source_object
JKTZ-OBJ-000348,TPN,NR_INWENT,T.E-12.41,cave_context,matched_inventory
JKTZ-OBJ-000349,Geoportal_PIG,PIG_ID,1624,cave_context,cave_single_object_assumed
JKTZ-OBJ-000349,TPN,GLOBALID,{66FE5A56-014C-4690-9595-1D5A96EE2177},object,source_object
JKTZ-OBJ-000349,TPN,NR_INWENT,T.E-13.23,cave_context,matched_inventory
JKTZ-OBJ-000350,Geoportal_PIG,PIG_ID,1569,cave_context,cave_single_object_assumed
JKTZ-OBJ-000350,TPN,GLOBALID,{468CE3CC-13D0-4EE6-8064-74B06B826DAC},object,source_object
JKTZ-OBJ-000350,TPN,NR_INWENT,T.E-12.34,cave_context,matched_inventory
JKTZ-OBJ-000351,Geoportal_PIG,PIG_ID,1448,cave_context,cave_single_object_assumed
JKTZ-OBJ-000351,TPN,GLOBALID,{096C8187-FA3E-4FB9-B077-7205CFF221F6},object,source_object
JKTZ-OBJ-000351,TPN,NR_INWENT,T.E-10.02,cave_context,matched_inventory
JKTZ-OBJ-000352,Geoportal_PIG,PIG_ID,4392,cave_context,cave_single_object_assumed
JKTZ-OBJ-000352,TPN,GLOBALID,{5805FE99-E268-4A9A-88A3-0BF1F070032D},object,source_object
JKTZ-OBJ-000352,TPN,NR_INWENT,T.D-05.14,cave_context,matched_inventory
JKTZ-OBJ-000353,Geoportal_PIG,PIG_ID,1331,cave_context,cave_single_object_assumed
JKTZ-OBJ-000353,TPN,GLOBALID,{74D439C4-A2FF-4D08-B08E-52F3AE057D21},object,source_object
JKTZ-OBJ-000353,TPN,NR_INWENT,T.E-06.09,cave_context,matched_inventory
JKTZ-OBJ-000354,Geoportal_PIG,PIG_ID,4067,cave_context,cave_single_object_assumed
JKTZ-OBJ-000354,TPN,GLOBALID,{306D62B7-BC8D-42CF-8C98-1FC8EC46223C},object,source_object
JKTZ-OBJ-000354,TPN,NR_INWENT,T.B-04.03,cave_context,matched_inventory
JKTZ-OBJ-000355,TPN,GLOBALID,{88801933-D166-488A-A718-584A7C9DC4C3},object,source_object
JKTZ-OBJ-000356,Geoportal_PIG,PIG_ID,1120,cave_context,cave_single_object_assumed
JKTZ-OBJ-000356,TPN,GLOBALID,{52AC1D8A-24F3-40AA-84C7-7CA9DC07B0D4},object,source_object
JKTZ-OBJ-000356,TPN,NR_INWENT,T.D-08.31,cave_context,matched_inventory
JKTZ-OBJ-000357,Geoportal_PIG,PIG_ID,4175,cave_context,cave_single_object_assumed
JKTZ-OBJ-000357,TPN,GLOBALID,{8E99A34E-0C8B-4343-8C28-E210C27B466F},object,source_object
JKTZ-OBJ-000357,TPN,NR_INWENT,T.E-08.35,cave_context,matched_inventory
JKTZ-OBJ-000358,Geoportal_PIG,PIG_ID,1717,cave_context,cave_single_object_assumed
JKTZ-OBJ-000358,TPN,GLOBALID,{01F20C5E-17EC-4582-BA2F-4ACF99B5C482},object,source_object
JKTZ-OBJ-000358,TPN,NR_INWENT,T.J-24.02,cave_context,matched_inventory
JKTZ-OBJ-000359,Geoportal_PIG,PIG_ID,4414,cave_context,cave_single_object_assumed
JKTZ-OBJ-000359,TPN,GLOBALID,{3A508711-F9F0-40A0-9DD5-7C13C3F68E52},object,source_object
JKTZ-OBJ-000359,TPN,NR_INWENT,T.F-09.29,cave_context,matched_inventory
JKTZ-OBJ-000360,Geoportal_PIG,PIG_ID,1241,cave_context,cave_single_object_assumed
JKTZ-OBJ-000360,TPN,GLOBALID,{EC914406-0376-4696-899F-75CC68D7BE2A},object,source_object
JKTZ-OBJ-000360,TPN,NR_INWENT,T.D-16.13,cave_context,matched_inventory
JKTZ-OBJ-000361,Geoportal_PIG,PIG_ID,1111,cave_context,cave_single_object_assumed
JKTZ-OBJ-000361,TPN,GLOBALID,{80DF3DA7-6E2F-4739-93CD-B86D5E600C5E},object,source_object
JKTZ-OBJ-000361,TPN,NR_INWENT,T.D-08.21,cave_context,matched_inventory
JKTZ-OBJ-000362,Geoportal_PIG,PIG_ID,1491,cave_context,cave_single_object_assumed
JKTZ-OBJ-000362,TPN,GLOBALID,{05DA5368-A9B8-435F-9204-6C7B7E63B816},object,source_object
JKTZ-OBJ-000362,TPN,NR_INWENT,T.E-11.17,cave_context,matched_inventory
JKTZ-OBJ-000363,Geoportal_PIG,PIG_ID,1527,cave_context,cave_single_object_assumed
JKTZ-OBJ-000363,TPN,GLOBALID,{E0642496-F87C-4EEE-A7A0-A60365191209},object,source_object
JKTZ-OBJ-000363,TPN,NR_INWENT,T.E-11.33,cave_context,matched_inventory
JKTZ-OBJ-000364,Geoportal_PIG,PIG_ID,1236,cave_context,cave_single_object_assumed
JKTZ-OBJ-000364,TPN,GLOBALID,{73B28881-E49E-41F4-BDD3-10B54D09F3F1},object,source_object
JKTZ-OBJ-000364,TPN,NR_INWENT,T.D-16.09,cave_context,matched_inventory
JKTZ-OBJ-000365,Geoportal_PIG,PIG_ID,1362,cave_context,cave_single_object_assumed
JKTZ-OBJ-000365,TPN,GLOBALID,{D628C1DD-80C3-4323-9D0D-7700B4228F4A},object,source_object
JKTZ-OBJ-000365,TPN,NR_INWENT,T.E-08.24,cave_context,matched_inventory
JKTZ-OBJ-000366,TPN,GLOBALID,{674815A2-6117-4345-AE0C-96B55454081D},object,source_object
JKTZ-OBJ-000367,Geoportal_PIG,PIG_ID,954,cave_context,cave_single_object_assumed
JKTZ-OBJ-000367,TPN,GLOBALID,{0215C9A3-86CE-4113-96FA-E6FE7D32C22B},object,source_object
JKTZ-OBJ-000367,TPN,NR_INWENT,T.A-17.02,cave_context,matched_inventory
JKTZ-OBJ-000368,Geoportal_PIG,PIG_ID,1651,cave_context,cave_single_object_assumed
JKTZ-OBJ-000368,TPN,GLOBALID,{708FD55B-662E-46DC-B8BC-F94C84CEFA87},object,source_object
JKTZ-OBJ-000368,TPN,NR_INWENT,T.F-08.04,cave_context,matched_inventory
JKTZ-OBJ-000369,Geoportal_PIG,PIG_ID,1443,cave_context,cave_single_object_assumed
JKTZ-OBJ-000369,TPN,GLOBALID,{C66A5090-E1E2-41AD-A9FF-A726548A8257},object,source_object
JKTZ-OBJ-000369,TPN,NR_INWENT,T.E-09.13,cave_context,matched_inventory
JKTZ-OBJ-000370,Geoportal_PIG,PIG_ID,1230,cave_context,cave_single_object_assumed
JKTZ-OBJ-000370,TPN,GLOBALID,{D6364A4F-293F-4171-8957-AB2AAE4EEF8A},object,source_object
JKTZ-OBJ-000370,TPN,NR_INWENT,T.D-12.11,cave_context,matched_inventory
JKTZ-OBJ-000371,Geoportal_PIG,PIG_ID,1035,cave_context,cave_single_object_assumed
JKTZ-OBJ-000371,TPN,GLOBALID,{2979BEDC-D4E5-4C7C-97B0-C19398DB2E11},object,source_object
JKTZ-OBJ-000371,TPN,NR_INWENT,T.B-24.03,cave_context,matched_inventory
JKTZ-OBJ-000372,Geoportal_PIG,PIG_ID,11053,cave_context,cave_single_object_assumed
JKTZ-OBJ-000372,TPN,GLOBALID,{31F3BAA5-2038-4D0D-9C15-99B5623C0262},object,source_object
JKTZ-OBJ-000372,TPN,NR_INWENT,T.B-15.01,cave_context,matched_inventory
JKTZ-OBJ-000373,Geoportal_PIG,PIG_ID,1234,cave_context,cave_single_object_assumed
JKTZ-OBJ-000373,TPN,GLOBALID,{1143D549-9DE7-48EB-8D5C-DECB05CEC4DF},object,source_object
JKTZ-OBJ-000373,TPN,NR_INWENT,T.D-16.07,cave_context,matched_inventory
JKTZ-OBJ-000374,Geoportal_PIG,PIG_ID,969,cave_context,cave_single_object_assumed
JKTZ-OBJ-000374,TPN,GLOBALID,{F0AB500A-C09D-4032-817C-839FC8E71C20},object,source_object
JKTZ-OBJ-000374,TPN,NR_INWENT,T.B-09.03,cave_context,matched_inventory
JKTZ-OBJ-000375,Geoportal_PIG,PIG_ID,1456,cave_context,cave_single_object_assumed
JKTZ-OBJ-000375,TPN,GLOBALID,{64A27A6A-C25B-4F35-B18E-95C389FEE794},object,source_object
JKTZ-OBJ-000375,TPN,NR_INWENT,T.E-10.07,cave_context,matched_inventory
JKTZ-OBJ-000376,Geoportal_PIG,PIG_ID,1353,cave_context,cave_single_object_assumed
JKTZ-OBJ-000376,TPN,GLOBALID,{4BC59950-3B6F-4C61-B865-A44D6A3849C7},object,source_object
JKTZ-OBJ-000376,TPN,NR_INWENT,T.E-08.06,cave_context,matched_inventory
JKTZ-OBJ-000377,TPN,GLOBALID,{0C92D771-B5DD-4D1A-A061-8C639277BCCB},object,source_object
JKTZ-OBJ-000378,Geoportal_PIG,PIG_ID,1670,cave_context,cave_single_object_assumed
JKTZ-OBJ-000378,TPN,GLOBALID,{FEC43A16-1B32-4ED5-8350-9F92DE65270F},object,source_object
JKTZ-OBJ-000378,TPN,NR_INWENT,T.F-09.15,cave_context,matched_inventory
JKTZ-OBJ-000379,TPN,GLOBALID,{68642D6B-F4C0-4C24-A3CA-ED50C8EE96BA},object,source_object
JKTZ-OBJ-000380,Geoportal_PIG,PIG_ID,1192,cave_context,cave_single_object_assumed
JKTZ-OBJ-000380,TPN,GLOBALID,{DD98D3F8-4A2A-48BE-AF9F-241928D09F11},object,source_object
JKTZ-OBJ-000380,TPN,NR_INWENT,T.D-10.06,cave_context,matched_inventory
JKTZ-OBJ-000381,Geoportal_PIG,PIG_ID,1529,cave_context,cave_single_object_assumed
JKTZ-OBJ-000381,TPN,GLOBALID,{7C6D7DB0-B9E7-49D3-BB9B-419F9308CE82},object,source_object
JKTZ-OBJ-000381,TPN,NR_INWENT,T.E-11.35,cave_context,matched_inventory
JKTZ-OBJ-000382,Geoportal_PIG,PIG_ID,1462,cave_context,cave_single_object_assumed
JKTZ-OBJ-000382,TPN,GLOBALID,{9E2FF59A-B458-4586-9AF2-EBB54D5A38BA},object,source_object
JKTZ-OBJ-000382,TPN,NR_INWENT,T.E-09.23,cave_context,matched_inventory
JKTZ-OBJ-000383,Geoportal_PIG,PIG_ID,1697,cave_context,cave_single_object_assumed
JKTZ-OBJ-000383,TPN,GLOBALID,{7A279A7B-800C-49AE-866A-10692FCED29B},object,source_object
JKTZ-OBJ-000383,TPN,NR_INWENT,T.G-22.01,cave_context,matched_inventory
JKTZ-OBJ-000384,Geoportal_PIG,PIG_ID,1539,cave_context,cave_single_object_assumed
JKTZ-OBJ-000384,TPN,GLOBALID,{F7222010-5510-47FD-A254-F0322B569149},object,source_object
JKTZ-OBJ-000384,TPN,NR_INWENT,T.E-11.61,cave_context,matched_inventory
JKTZ-OBJ-000385,Geoportal_PIG,PIG_ID,1030,cave_context,cave_single_object_assumed
JKTZ-OBJ-000385,TPN,GLOBALID,{3408002C-9817-4B7A-A3E1-C10AB49D4393},object,source_object
JKTZ-OBJ-000385,TPN,NR_INWENT,T.B-12.06,cave_context,matched_inventory
JKTZ-OBJ-000386,Geoportal_PIG,PIG_ID,1702,cave_context,cave_single_object_assumed
JKTZ-OBJ-000386,TPN,GLOBALID,{D2FBD9B0-6E16-4D1A-8603-4F40CC72F199},object,source_object
JKTZ-OBJ-000386,TPN,NR_INWENT,T.J-21.01,cave_context,matched_inventory
JKTZ-OBJ-000387,Geoportal_PIG,PIG_ID,4170,cave_context,cave_single_object_assumed
JKTZ-OBJ-000387,TPN,GLOBALID,{318DEE0B-B8DE-416D-8637-B93F93F7CAEE},object,source_object
JKTZ-OBJ-000387,TPN,NR_INWENT,T.D-18.10,cave_context,matched_inventory
JKTZ-OBJ-000388,Geoportal_PIG,PIG_ID,1061,cave_context,cave_single_object_assumed
JKTZ-OBJ-000388,TPN,GLOBALID,{F2004E8B-B58E-44E8-BDC7-9D185AA31D19},object,source_object
JKTZ-OBJ-000388,TPN,NR_INWENT,T.C-15.10,cave_context,matched_inventory
JKTZ-OBJ-000389,Geoportal_PIG,PIG_ID,1306,cave_context,cave_single_object_assumed
JKTZ-OBJ-000389,TPN,GLOBALID,{9FCE27E5-17A3-432C-B0D7-79AC70FC2B89},object,source_object
JKTZ-OBJ-000389,TPN,NR_INWENT,T.E-07.11,cave_context,matched_inventory
JKTZ-OBJ-000390,Geoportal_PIG,PIG_ID,985,cave_context,cave_single_object_assumed
JKTZ-OBJ-000390,TPN,GLOBALID,{E047A83A-7ED8-4EA6-B943-087C74F91BAE},object,source_object
JKTZ-OBJ-000390,TPN,NR_INWENT,T.D-06.01,cave_context,matched_inventory
JKTZ-OBJ-000391,Geoportal_PIG,PIG_ID,1386,cave_context,cave_single_object_assumed
JKTZ-OBJ-000391,TPN,GLOBALID,{27E2EB89-A22F-443A-934F-EE4F6FBC9636},object,source_object
JKTZ-OBJ-000391,TPN,NR_INWENT,T.E-08.02,cave_context,matched_inventory
JKTZ-OBJ-000392,TPN,GLOBALID,{FC8F548F-3C7C-461C-82D4-25EFDBAADA1F},object,source_object
JKTZ-OBJ-000393,Geoportal_PIG,PIG_ID,4766,cave_context,cave_single_object_assumed
JKTZ-OBJ-000393,TPN,GLOBALID,{ABC3A8F9-B008-495D-A72C-AC9D0FAD7F06},object,source_object
JKTZ-OBJ-000393,TPN,NR_INWENT,T.E-12.72,cave_context,matched_inventory
JKTZ-OBJ-000394,TPN,GLOBALID,{C447E8B7-560C-4B40-96B5-805673528AA6},object,source_object
JKTZ-OBJ-000395,Geoportal_PIG,PIG_ID,1486,cave_context,cave_single_object_assumed
JKTZ-OBJ-000395,TPN,GLOBALID,{A6E61569-1DE4-439E-826C-9E021E7003E1},object,source_object
JKTZ-OBJ-000395,TPN,NR_INWENT,T.E-09.35,cave_context,matched_inventory
JKTZ-OBJ-000396,Geoportal_PIG,PIG_ID,1211,cave_context,cave_single_object_assumed
JKTZ-OBJ-000396,TPN,GLOBALID,{C73D7C9D-5415-4AB9-908F-5D651533F83E},object,source_object
JKTZ-OBJ-000396,TPN,NR_INWENT,T.D-12.04,cave_context,matched_inventory
JKTZ-OBJ-000397,Geoportal_PIG,PIG_ID,11056,cave_context,cave_single_object_assumed
JKTZ-OBJ-000397,TPN,GLOBALID,{C67D8CE7-B0A2-49EC-AD61-7C1232F551C6},object,source_object
JKTZ-OBJ-000397,TPN,NR_INWENT,T.E-10.08,cave_context,matched_inventory
JKTZ-OBJ-000398,Geoportal_PIG,PIG_ID,1096,cave_context,cave_single_object_assumed
JKTZ-OBJ-000398,TPN,GLOBALID,{84B80EB3-BD1D-4170-96EC-8FF34678DA3D},object,source_object
JKTZ-OBJ-000398,TPN,NR_INWENT,T.D-08.09,cave_context,matched_inventory
JKTZ-OBJ-000399,TPN,GLOBALID,{B4A1EBFD-C250-4F32-B73F-DEA1B725C447},object,source_object
JKTZ-OBJ-000400,Geoportal_PIG,PIG_ID,1436,cave_context,cave_single_object_assumed
JKTZ-OBJ-000400,TPN,GLOBALID,{34002888-690D-42B3-BCAF-7B6A2243BF3B},object,source_object
JKTZ-OBJ-000400,TPN,NR_INWENT,T.E-08.60,cave_context,matched_inventory
JKTZ-OBJ-000401,Geoportal_PIG,PIG_ID,1490,cave_context,cave_single_object_assumed
JKTZ-OBJ-000401,TPN,GLOBALID,{589EE1AA-2CB9-4AE9-BDA4-EDFF136826D9},object,source_object
JKTZ-OBJ-000401,TPN,NR_INWENT,T.E-11.36,cave_context,matched_inventory
JKTZ-OBJ-000402,Geoportal_PIG,PIG_ID,1317,cave_context,cave_single_object_assumed
JKTZ-OBJ-000402,TPN,GLOBALID,{BBD6E912-4EE2-48E3-A809-387572B8BDC5},object,source_object
JKTZ-OBJ-000402,TPN,NR_INWENT,T.E-07.22,cave_context,matched_inventory
JKTZ-OBJ-000403,Geoportal_PIG,PIG_ID,1700,cave_context,cave_single_object_assumed
JKTZ-OBJ-000403,TPN,GLOBALID,{27B1BB14-3CA0-40D1-8D61-487B47998EBC},object,source_object
JKTZ-OBJ-000403,TPN,NR_INWENT,T.H-19.02,cave_context,matched_inventory
JKTZ-OBJ-000404,Geoportal_PIG,PIG_ID,1498,cave_context,cave_single_object_assumed
JKTZ-OBJ-000404,TPN,GLOBALID,{65D4A109-B1AA-4741-B694-B1A65EF93752},object,source_object
JKTZ-OBJ-000404,TPN,NR_INWENT,T.E-11.19,cave_context,matched_inventory
JKTZ-OBJ-000405,Geoportal_PIG,PIG_ID,1566,cave_context,cave_single_object_assumed
JKTZ-OBJ-000405,TPN,GLOBALID,{FA529088-1EB2-45B1-8846-598BA09DAAE4},object,source_object
JKTZ-OBJ-000405,TPN,NR_INWENT,T.E-12.31,cave_context,matched_inventory
JKTZ-OBJ-000406,Geoportal_PIG,PIG_ID,1433,cave_context,cave_single_object_assumed
JKTZ-OBJ-000406,TPN,GLOBALID,{43CC32A1-2758-44D8-89CC-4F537F35BDA9},object,source_object
JKTZ-OBJ-000406,TPN,NR_INWENT,T.E-08.57,cave_context,matched_inventory
JKTZ-OBJ-000407,Geoportal_PIG,PIG_ID,1133,cave_context,cave_single_object_assumed
JKTZ-OBJ-000407,TPN,GLOBALID,{F3B86672-B24B-4627-9F33-F0EC0514B52A},object,source_object
JKTZ-OBJ-000407,TPN,NR_INWENT,T.D-08.44,cave_context,matched_inventory
JKTZ-OBJ-000408,Geoportal_PIG,PIG_ID,1100,cave_context,cave_single_object_assumed
JKTZ-OBJ-000408,TPN,GLOBALID,{683BD86B-727B-4990-92F1-32E84BB1056A},object,source_object
JKTZ-OBJ-000408,TPN,NR_INWENT,T.D-08.11,cave_context,matched_inventory
JKTZ-OBJ-000409,Geoportal_PIG,PIG_ID,1682,cave_context,cave_single_object_assumed
JKTZ-OBJ-000409,TPN,GLOBALID,{B1FFE8E2-88A9-400F-9EF5-193B6E0A2682},object,source_object
JKTZ-OBJ-000409,TPN,NR_INWENT,T.F-09.20,cave_context,matched_inventory
JKTZ-OBJ-000410,Geoportal_PIG,PIG_ID,1056,cave_context,cave_single_object_assumed
JKTZ-OBJ-000410,TPN,GLOBALID,{423DBA21-4484-4C50-A2DA-7028D19067ED},object,source_object
JKTZ-OBJ-000410,TPN,NR_INWENT,T.C-15.05,cave_context,matched_inventory
JKTZ-OBJ-000411,TPN,GLOBALID,{9F98E21A-0E26-4FEC-A0A1-60F22C48FB42},object,source_object
JKTZ-OBJ-000412,Geoportal_PIG,PIG_ID,1240,cave_context,cave_single_object_assumed
JKTZ-OBJ-000412,TPN,GLOBALID,{351936C0-2A75-4EE7-AD6D-5031D6931D34},object,source_object
JKTZ-OBJ-000412,TPN,NR_INWENT,T.D-16.12,cave_context,matched_inventory
JKTZ-OBJ-000413,Geoportal_PIG,PIG_ID,1607,cave_context,cave_single_object_assumed
JKTZ-OBJ-000413,TPN,GLOBALID,{35EA8D29-3FF8-4796-8F68-F142CD9E938D},object,source_object
JKTZ-OBJ-000413,TPN,NR_INWENT,T.E-12.59,cave_context,matched_inventory
JKTZ-OBJ-000414,Geoportal_PIG,PIG_ID,4426,cave_context,cave_single_object_assumed
JKTZ-OBJ-000414,TPN,GLOBALID,{CC760B34-1792-4BD1-AFA5-BF17A56567A5},object,source_object
JKTZ-OBJ-000414,TPN,NR_INWENT,T.F-11.12,cave_context,matched_inventory
JKTZ-OBJ-000415,Geoportal_PIG,PIG_ID,1674,cave_context,cave_single_object_assumed
JKTZ-OBJ-000415,TPN,GLOBALID,{5ABD931B-40AC-4081-B817-F92A01231BFF},object,source_object
JKTZ-OBJ-000415,TPN,NR_INWENT,T.F-11.06,cave_context,matched_inventory
JKTZ-OBJ-000416,Geoportal_PIG,PIG_ID,1076,cave_context,cave_single_object_assumed
JKTZ-OBJ-000416,TPN,GLOBALID,{73392FBC-8E9E-48F4-AA2B-116739A31DC8},object,source_object
JKTZ-OBJ-000416,TPN,NR_INWENT,T.D-06.06,cave_context,matched_inventory
JKTZ-OBJ-000417,Geoportal_PIG,PIG_ID,1346,cave_context,cave_single_object_assumed
JKTZ-OBJ-000417,TPN,GLOBALID,{6D429C71-AD9E-4BC9-8637-446925F87EE9},object,source_object
JKTZ-OBJ-000417,TPN,NR_INWENT,T.E-07.41,cave_context,matched_inventory
JKTZ-OBJ-000418,Geoportal_PIG,PIG_ID,1262,cave_context,cave_single_object_assumed
JKTZ-OBJ-000418,TPN,GLOBALID,{5389C125-CB0F-4231-B115-79A3946B149C},object,source_object
JKTZ-OBJ-000418,TPN,NR_INWENT,T.D-17.12,cave_context,matched_inventory
JKTZ-OBJ-000419,Geoportal_PIG,PIG_ID,4367,cave_context,cave_single_object_assumed
JKTZ-OBJ-000419,TPN,GLOBALID,{D0F81183-BA2F-40D8-987D-B927928129AA},object,source_object
JKTZ-OBJ-000419,TPN,NR_INWENT,T.E-09.39,cave_context,matched_inventory
JKTZ-OBJ-000420,Geoportal_PIG,PIG_ID,1553,cave_context,cave_single_object_assumed
JKTZ-OBJ-000420,TPN,GLOBALID,{6BC2FF35-C78D-4938-A25C-61FA33F18270},object,source_object
JKTZ-OBJ-000420,TPN,NR_INWENT,T.E-12.18,cave_context,matched_inventory
JKTZ-OBJ-000421,Geoportal_PIG,PIG_ID,1044,cave_context,cave_single_object_assumed
JKTZ-OBJ-000421,TPN,GLOBALID,{D3E44382-54A5-4808-9D3C-D316299F621C},object,source_object
JKTZ-OBJ-000421,TPN,NR_INWENT,T.C-08.01,cave_context,matched_inventory
JKTZ-OBJ-000422,Geoportal_PIG,PIG_ID,1162,cave_context,cave_single_object_assumed
JKTZ-OBJ-000422,TPN,GLOBALID,{DF2B0F77-D435-4AD8-89BA-AAA7567BA9E9},object,source_object
JKTZ-OBJ-000422,TPN,NR_INWENT,T.D-08.54,cave_context,matched_inventory
JKTZ-OBJ-000423,Geoportal_PIG,PIG_ID,1692,cave_context,cave_single_object_assumed
JKTZ-OBJ-000423,TPN,GLOBALID,{C9DDD04F-0398-4B91-A7C8-A5517C9A4733},object,source_object
JKTZ-OBJ-000423,TPN,NR_INWENT,T.F-09.33,cave_context,matched_inventory
JKTZ-OBJ-000424,Geoportal_PIG,PIG_ID,4372,cave_context,cave_single_object_assumed
JKTZ-OBJ-000424,TPN,GLOBALID,{2F87ED72-7153-46CA-AA09-BDA5C60A968A},object,source_object
JKTZ-OBJ-000424,TPN,NR_INWENT,T.E-09.44,cave_context,matched_inventory
JKTZ-OBJ-000425,Geoportal_PIG,PIG_ID,1715,cave_context,cave_single_object_assumed
JKTZ-OBJ-000425,TPN,GLOBALID,{C9E5D687-B39F-41E5-A4FD-6B5BA53C93CE},object,source_object
JKTZ-OBJ-000425,TPN,NR_INWENT,T.J-24.01,cave_context,matched_inventory
JKTZ-OBJ-000426,Geoportal_PIG,PIG_ID,1394,cave_context,cave_single_object_assumed
JKTZ-OBJ-000426,TPN,GLOBALID,{063836DD-FCEB-4B79-A7C0-9B7257AC3078},object,source_object
JKTZ-OBJ-000426,TPN,NR_INWENT,T.E-08.16,cave_context,matched_inventory
JKTZ-OBJ-000427,Geoportal_PIG,PIG_ID,1072,cave_context,cave_single_object_assumed
JKTZ-OBJ-000427,TPN,GLOBALID,{C363FBB2-C803-47C3-B788-9F93E46AC885},object,source_object
JKTZ-OBJ-000427,TPN,NR_INWENT,T.D-17.03,cave_context,matched_inventory
JKTZ-OBJ-000428,Geoportal_PIG,PIG_ID,1333,cave_context,cave_single_object_assumed
JKTZ-OBJ-000428,TPN,GLOBALID,{714E4515-70EE-451D-BDC1-A6783F50D6A3},object,source_object
JKTZ-OBJ-000428,TPN,NR_INWENT,T.E-06.10,cave_context,matched_inventory
JKTZ-OBJ-000429,Geoportal_PIG,PIG_ID,1328,cave_context,cave_single_object_assumed
JKTZ-OBJ-000429,TPN,GLOBALID,{85DE85A0-28DD-4F4F-9240-C1C497A96C0A},object,source_object
JKTZ-OBJ-000429,TPN,NR_INWENT,T.E-07.29,cave_context,matched_inventory
JKTZ-OBJ-000430,Geoportal_PIG,PIG_ID,955,cave_context,cave_single_object_assumed
JKTZ-OBJ-000430,TPN,GLOBALID,{08AEC780-E4D6-40A9-8013-DDAED6F07539},object,source_object
JKTZ-OBJ-000430,TPN,NR_INWENT,T.A-18.01,cave_context,matched_inventory
JKTZ-OBJ-000431,Geoportal_PIG,PIG_ID,4169,cave_context,cave_single_object_assumed
JKTZ-OBJ-000431,TPN,GLOBALID,{B4E22F9D-B7A8-47CB-8E21-AAFD4EB7A31F},object,source_object
JKTZ-OBJ-000431,TPN,NR_INWENT,T.D-17.21,cave_context,matched_inventory
JKTZ-OBJ-000432,Geoportal_PIG,PIG_ID,1601,cave_context,cave_single_object_assumed
JKTZ-OBJ-000432,TPN,GLOBALID,{71DF93D8-A97C-4D2B-BF4D-7E244646418D},object,source_object
JKTZ-OBJ-000432,TPN,NR_INWENT,T.E-12.56,cave_context,matched_inventory
JKTZ-OBJ-000433,Geoportal_PIG,PIG_ID,4408,cave_context,cave_single_object_assumed
JKTZ-OBJ-000433,TPN,GLOBALID,{A00A6761-5B80-4EA4-914E-C8C4D1490023},object,source_object
JKTZ-OBJ-000433,TPN,NR_INWENT,T.E-11.70,cave_context,matched_inventory
JKTZ-OBJ-000434,Geoportal_PIG,PIG_ID,987,cave_context,cave_single_object_assumed
JKTZ-OBJ-000434,TPN,GLOBALID,{1F9EAAE2-F97D-4205-BF67-7A43E6DDB5E7},object,source_object
JKTZ-OBJ-000434,TPN,NR_INWENT,T.B-09.13,cave_context,matched_inventory
JKTZ-OBJ-000435,Geoportal_PIG,PIG_ID,4428,cave_context,cave_single_object_assumed
JKTZ-OBJ-000435,TPN,GLOBALID,{51C9495B-6D4A-4817-8247-977833B0BCB5},object,source_object
JKTZ-OBJ-000435,TPN,NR_INWENT,T.F-11.16,cave_context,matched_inventory
JKTZ-OBJ-000436,TPN,GLOBALID,{8CC17F24-30C0-4247-8D59-5A4DBCB45EFF},object,source_object
JKTZ-OBJ-000437,Geoportal_PIG,PIG_ID,1387,cave_context,cave_single_object_assumed
JKTZ-OBJ-000437,TPN,GLOBALID,{F4DE5D37-5D76-4315-8BCC-4C57A5B68F1C},object,source_object
JKTZ-OBJ-000437,TPN,NR_INWENT,T.E-08.03,cave_context,matched_inventory
JKTZ-OBJ-000438,Geoportal_PIG,PIG_ID,1127,cave_context,cave_single_object_assumed
JKTZ-OBJ-000438,TPN,GLOBALID,{36599465-F9FF-48D7-81C4-A6441ECF652B},object,source_object
JKTZ-OBJ-000438,TPN,NR_INWENT,T.D-08.38,cave_context,matched_inventory
JKTZ-OBJ-000439,Geoportal_PIG,PIG_ID,1397,cave_context,cave_single_object_assumed
JKTZ-OBJ-000439,TPN,GLOBALID,{2CE6E27E-96A4-47E3-A020-31264F010D2E},object,source_object
JKTZ-OBJ-000439,TPN,NR_INWENT,T.E-08.19,cave_context,matched_inventory
JKTZ-OBJ-000440,Geoportal_PIG,PIG_ID,1401,cave_context,cave_single_object_assumed
JKTZ-OBJ-000440,TPN,GLOBALID,{5A4B587E-4075-40D7-B844-288E7C2D635D},object,source_object
JKTZ-OBJ-000440,TPN,NR_INWENT,T.E-08.32,cave_context,matched_inventory
JKTZ-OBJ-000441,Geoportal_PIG,PIG_ID,1168,cave_context,cave_single_object_assumed
JKTZ-OBJ-000441,TPN,GLOBALID,{44CEA0B5-66BC-45CE-9F0A-8C35E4999CB2},object,source_object
JKTZ-OBJ-000441,TPN,NR_INWENT,T.D-08.60,cave_context,matched_inventory
JKTZ-OBJ-000442,Geoportal_PIG,PIG_ID,4489,cave_context,cave_single_object_assumed
JKTZ-OBJ-000442,TPN,GLOBALID,{C191BF30-8B3B-452F-A11F-B52DE2D90DAD},object,source_object
JKTZ-OBJ-000442,TPN,NR_INWENT,T.F-09.40,cave_context,matched_inventory
JKTZ-OBJ-000443,Geoportal_PIG,PIG_ID,1592,cave_context,cave_single_object_assumed
JKTZ-OBJ-000443,TPN,GLOBALID,{7006936A-289F-4F87-8614-3C6253D13228},object,source_object
JKTZ-OBJ-000443,TPN,NR_INWENT,T.E-13.09,cave_context,matched_inventory
JKTZ-OBJ-000444,Geoportal_PIG,PIG_ID,970,cave_context,cave_single_object_assumed
JKTZ-OBJ-000444,TPN,GLOBALID,{8F89011C-E962-42DF-93FB-6D6D9486CE38},object,source_object
JKTZ-OBJ-000444,TPN,NR_INWENT,T.B-09.04,cave_context,matched_inventory
JKTZ-OBJ-000445,Geoportal_PIG,PIG_ID,1587,cave_context,cave_single_object_assumed
JKTZ-OBJ-000445,TPN,GLOBALID,{000EF2B6-F573-434D-B6DD-D3F0D6F9F568},object,source_object
JKTZ-OBJ-000445,TPN,NR_INWENT,T.E-12.47,cave_context,matched_inventory
JKTZ-OBJ-000446,Geoportal_PIG,PIG_ID,11047,cave_context,cave_single_object_assumed
JKTZ-OBJ-000446,TPN,GLOBALID,{13BF6891-6F53-4E36-BFA0-E865C57B0376},object,source_object
JKTZ-OBJ-000446,TPN,NR_INWENT,T.A-05.01,cave_context,matched_inventory
JKTZ-OBJ-000447,Geoportal_PIG,PIG_ID,4424,cave_context,cave_single_object_assumed
JKTZ-OBJ-000447,TPN,GLOBALID,{C40CBAE9-A473-4E5C-B91B-C62EE4DB0801},object,source_object
JKTZ-OBJ-000447,TPN,NR_INWENT,T.F-11.10,cave_context,matched_inventory
JKTZ-OBJ-000448,Geoportal_PIG,PIG_ID,1685,cave_context,cave_single_object_assumed
JKTZ-OBJ-000448,TPN,GLOBALID,{48419E6F-C8B9-4CDA-B034-923F57C688B7},object,source_object
JKTZ-OBJ-000448,TPN,NR_INWENT,T.F-09.23,cave_context,matched_inventory
JKTZ-OBJ-000449,TPN,GLOBALID,{161042A4-B8C9-4297-AA43-96C370011BB2},object,source_object
JKTZ-OBJ-000450,Geoportal_PIG,PIG_ID,1295,cave_context,cave_single_object_assumed
JKTZ-OBJ-000450,TPN,GLOBALID,{B98082CD-D5A2-4039-9413-8869884E6FCD},object,source_object
JKTZ-OBJ-000450,TPN,NR_INWENT,T.E-05.08,cave_context,matched_inventory
JKTZ-OBJ-000451,Geoportal_PIG,PIG_ID,1616,cave_context,cave_single_object_assumed
JKTZ-OBJ-000451,TPN,GLOBALID,{5443B04C-3C01-447E-981B-1403FB3C4367},object,source_object
JKTZ-OBJ-000451,TPN,NR_INWENT,T.E-12.69,cave_context,matched_inventory
JKTZ-OBJ-000452,Geoportal_PIG,PIG_ID,4074,cave_context,cave_single_object_assumed
JKTZ-OBJ-000452,TPN,GLOBALID,{434E5146-EED3-4822-896B-97B35BB02888},object,source_object
JKTZ-OBJ-000452,TPN,NR_INWENT,T.B-09.19,cave_context,matched_inventory
JKTZ-OBJ-000453,Geoportal_PIG,PIG_ID,1505,cave_context,cave_single_object_assumed
JKTZ-OBJ-000453,TPN,GLOBALID,{364E48C0-8408-4732-BEA1-06EE039F7126},object,source_object
JKTZ-OBJ-000453,TPN,NR_INWENT,T.E-11.24,cave_context,matched_inventory
JKTZ-OBJ-000454,Geoportal_PIG,PIG_ID,1579,cave_context,cave_single_object_assumed
JKTZ-OBJ-000454,TPN,GLOBALID,{08E04528-4D54-429B-BBF7-015995CC6778},object,source_object
JKTZ-OBJ-000454,TPN,NR_INWENT,T.E-12.42,cave_context,matched_inventory
JKTZ-OBJ-000455,Geoportal_PIG,PIG_ID,4421,cave_context,cave_single_object_assumed
JKTZ-OBJ-000455,TPN,GLOBALID,{7AD1ABF3-D20D-4B73-B097-54F9A33061D7},object,source_object
JKTZ-OBJ-000455,TPN,NR_INWENT,T.F-11.07,cave_context,matched_inventory
JKTZ-OBJ-000456,TPN,GLOBALID,{905F9E2D-21D6-470F-9791-370E524C0953},object,source_object
JKTZ-OBJ-000457,Geoportal_PIG,PIG_ID,1699,cave_context,cave_single_object_assumed
JKTZ-OBJ-000457,TPN,GLOBALID,{2E726C9C-0112-404E-8F23-EBDD592EAB6F},object,source_object
JKTZ-OBJ-000457,TPN,NR_INWENT,T.H-19.01,cave_context,matched_inventory
JKTZ-OBJ-000458,Geoportal_PIG,PIG_ID,1518,cave_context,cave_single_object_assumed
JKTZ-OBJ-000458,TPN,GLOBALID,{DE4B21C2-445F-4EDF-ABFF-4F472F6517DB},object,source_object
JKTZ-OBJ-000458,TPN,NR_INWENT,T.E-11.27,cave_context,matched_inventory
JKTZ-OBJ-000459,Geoportal_PIG,PIG_ID,4246,cave_context,cave_single_object_assumed
JKTZ-OBJ-000459,TPN,GLOBALID,{1032BA2D-24F5-47EC-AC61-1072C1A78439},object,source_object
JKTZ-OBJ-000459,TPN,NR_INWENT,T.E-11.67,cave_context,matched_inventory
JKTZ-OBJ-000460,Geoportal_PIG,PIG_ID,1422,cave_context,cave_single_object_assumed
JKTZ-OBJ-000460,TPN,GLOBALID,{FDFE4D08-677F-4CC9-A415-958B7047E3B1},object,source_object
JKTZ-OBJ-000460,TPN,NR_INWENT,T.E-09.06,cave_context,matched_inventory
JKTZ-OBJ-000461,Geoportal_PIG,PIG_ID,4420,cave_context,cave_single_object_assumed
JKTZ-OBJ-000461,TPN,GLOBALID,{474FB43C-D2EC-45A9-A5F3-5C9D92BCC1D2},object,source_object
JKTZ-OBJ-000461,TPN,NR_INWENT,T.F-10.25,cave_context,matched_inventory
JKTZ-OBJ-000462,Geoportal_PIG,PIG_ID,1193,cave_context,cave_single_object_assumed
JKTZ-OBJ-000462,TPN,GLOBALID,{3F1326DD-25E3-4A65-B5E2-F9B6E93AD13E},object,source_object
JKTZ-OBJ-000462,TPN,NR_INWENT,T.D-10.07,cave_context,matched_inventory
JKTZ-OBJ-000463,Geoportal_PIG,PIG_ID,1504,cave_context,cave_single_object_assumed
JKTZ-OBJ-000463,TPN,GLOBALID,{A13307DC-2052-437F-9665-620DD27AC861},object,source_object
JKTZ-OBJ-000463,TPN,NR_INWENT,T.E-11.23,cave_context,matched_inventory
JKTZ-OBJ-000464,Geoportal_PIG,PIG_ID,4174,cave_context,cave_single_object_assumed
JKTZ-OBJ-000464,TPN,GLOBALID,{4E200262-7A42-4923-ACAA-CAC2EA924BCF},object,source_object
JKTZ-OBJ-000464,TPN,NR_INWENT,T.E-06.15,cave_context,matched_inventory
JKTZ-OBJ-000465,Geoportal_PIG,PIG_ID,1649,cave_context,cave_single_object_assumed
JKTZ-OBJ-000465,TPN,GLOBALID,{506807B1-ED3B-4230-A608-17ECB40A8D8B},object,source_object
JKTZ-OBJ-000465,TPN,NR_INWENT,T.F-08.02,cave_context,matched_inventory
JKTZ-OBJ-000466,Geoportal_PIG,PIG_ID,1323,cave_context,cave_single_object_assumed
JKTZ-OBJ-000466,TPN,GLOBALID,{D68C911F-8DFE-4317-BCE6-9F1D9C76726F},object,source_object
JKTZ-OBJ-000466,TPN,NR_INWENT,T.E-06.06,cave_context,matched_inventory
JKTZ-OBJ-000467,Geoportal_PIG,PIG_ID,1524,cave_context,cave_single_object_assumed
JKTZ-OBJ-000467,TPN,GLOBALID,{55D424C4-0B5E-437D-AE2B-FD68AECD1BBE},object,source_object
JKTZ-OBJ-000467,TPN,NR_INWENT,T.E-11.56,cave_context,matched_inventory
JKTZ-OBJ-000468,Geoportal_PIG,PIG_ID,1606,cave_context,cave_single_object_assumed
JKTZ-OBJ-000468,TPN,GLOBALID,{51CF9B67-A6B2-450B-9FD5-4CF555F2C753},object,source_object
JKTZ-OBJ-000468,TPN,NR_INWENT,T.E-13.15,cave_context,matched_inventory
JKTZ-OBJ-000469,Geoportal_PIG,PIG_ID,1481,cave_context,cave_single_object_assumed
JKTZ-OBJ-000469,TPN,GLOBALID,{3490DD50-6A7F-43C3-9E6E-942EDD72A091},object,source_object
JKTZ-OBJ-000469,TPN,NR_INWENT,T.E-09.32,cave_context,matched_inventory
JKTZ-OBJ-000470,Geoportal_PIG,PIG_ID,957,cave_context,cave_single_object_assumed
JKTZ-OBJ-000470,TPN,GLOBALID,{7F1863C7-A00E-49DC-9384-30EF1F686D91},object,source_object
JKTZ-OBJ-000470,TPN,NR_INWENT,T.A-24.02,cave_context,matched_inventory
JKTZ-OBJ-000471,Geoportal_PIG,PIG_ID,1364,cave_context,cave_single_object_assumed
JKTZ-OBJ-000471,TPN,GLOBALID,{0E88FDCE-B981-49DB-96D8-85B1E010921C},object,source_object
JKTZ-OBJ-000471,TPN,NR_INWENT,T.E-08.27,cave_context,matched_inventory
JKTZ-OBJ-000472,Geoportal_PIG,PIG_ID,1567,cave_context,cave_single_object_assumed
JKTZ-OBJ-000472,TPN,GLOBALID,{85BD19C4-FF08-43BE-BED9-891DD879D410},object,source_object
JKTZ-OBJ-000472,TPN,NR_INWENT,T.E-12.32,cave_context,matched_inventory
JKTZ-OBJ-000473,Geoportal_PIG,PIG_ID,1218,cave_context,cave_single_object_assumed
JKTZ-OBJ-000473,TPN,GLOBALID,{57712B8C-BD83-47E5-ACF1-841E4A9A9A36},object,source_object
JKTZ-OBJ-000473,TPN,NR_INWENT,T.D-14.05,cave_context,matched_inventory
JKTZ-OBJ-000474,Geoportal_PIG,PIG_ID,1116,cave_context,cave_single_object_assumed
JKTZ-OBJ-000474,TPN,GLOBALID,{A9827578-E5A0-4EB7-8E15-865DBECE0B63},object,source_object
JKTZ-OBJ-000474,TPN,NR_INWENT,T.D-08.27,cave_context,matched_inventory
JKTZ-OBJ-000475,Geoportal_PIG,PIG_ID,1010,cave_context,cave_single_object_assumed
JKTZ-OBJ-000475,TPN,GLOBALID,{FA961002-D7E7-4CFB-8FE7-869CB31816E2},object,source_object
JKTZ-OBJ-000475,TPN,NR_INWENT,T.B-12.02,cave_context,matched_inventory
JKTZ-OBJ-000476,Geoportal_PIG,PIG_ID,760,cave_context,cave_level_source_record
JKTZ-OBJ-000476,TPN,GLOBALID,{273B92B8-201B-443E-AD19-73DE844B9F5B},object,source_object
JKTZ-OBJ-000477,Geoportal_PIG,PIG_ID,1573,cave_context,cave_single_object_assumed
JKTZ-OBJ-000477,TPN,GLOBALID,{0DE91597-F628-47C8-86B1-C42A3F738691},object,source_object
JKTZ-OBJ-000477,TPN,NR_INWENT,T.E-12.38,cave_context,matched_inventory
JKTZ-OBJ-000478,Geoportal_PIG,PIG_ID,1224,cave_context,cave_single_object_assumed
JKTZ-OBJ-000478,TPN,GLOBALID,{704DA4B2-485C-4C57-8278-C435276903AB},object,source_object
JKTZ-OBJ-000478,TPN,NR_INWENT,T.D-12.09,cave_context,matched_inventory
JKTZ-OBJ-000479,Geoportal_PIG,PIG_ID,4176,cave_context,cave_single_object_assumed
JKTZ-OBJ-000479,TPN,GLOBALID,{F5F0671B-91A8-4F03-A345-C44C3034508A},object,source_object
JKTZ-OBJ-000479,TPN,NR_INWENT,T.E-08.38,cave_context,matched_inventory
JKTZ-OBJ-000480,Geoportal_PIG,PIG_ID,1222,cave_context,cave_single_object_assumed
JKTZ-OBJ-000480,TPN,GLOBALID,{E23B630E-49B6-4E39-BD87-C817BFBA2947},object,source_object
JKTZ-OBJ-000480,TPN,NR_INWENT,T.D-12.07,cave_context,matched_inventory
JKTZ-OBJ-000481,Geoportal_PIG,PIG_ID,1647,cave_context,cave_single_object_assumed
JKTZ-OBJ-000481,TPN,GLOBALID,{55347A38-104A-43F0-B682-1126C79C55CA},object,source_object
JKTZ-OBJ-000481,TPN,NR_INWENT,T.F-07.02,cave_context,matched_inventory
JKTZ-OBJ-000482,Geoportal_PIG,PIG_ID,983,cave_context,cave_single_object_assumed
JKTZ-OBJ-000482,TPN,GLOBALID,{690C3486-179C-473C-A1A9-1A3A3AC6EA69},object,source_object
JKTZ-OBJ-000482,TPN,NR_INWENT,T.D-04.05,cave_context,matched_inventory
JKTZ-OBJ-000483,Geoportal_PIG,PIG_ID,950,cave_context,cave_single_object_assumed
JKTZ-OBJ-000483,TPN,GLOBALID,{43508513-4983-4DF3-A511-E9A9D47CCB56},object,source_object
JKTZ-OBJ-000483,TPN,NR_INWENT,T.A-06.02,cave_context,matched_inventory
JKTZ-OBJ-000484,Geoportal_PIG,PIG_ID,4066,cave_context,cave_single_object_assumed
JKTZ-OBJ-000484,TPN,GLOBALID,{6775EB96-268A-492D-9ECB-2B6424A999FB},object,source_object
JKTZ-OBJ-000484,TPN,NR_INWENT,T.B-04.02,cave_context,matched_inventory
JKTZ-OBJ-000485,Geoportal_PIG,PIG_ID,975,cave_context,cave_single_object_assumed
JKTZ-OBJ-000485,TPN,GLOBALID,{4509213C-4194-4179-90E8-CFFA30639191},object,source_object
JKTZ-OBJ-000485,TPN,NR_INWENT,T.B-09.07,cave_context,matched_inventory
JKTZ-OBJ-000486,Geoportal_PIG,PIG_ID,1077,cave_context,cave_single_object_assumed
JKTZ-OBJ-000486,TPN,GLOBALID,{E343C2CC-C0E6-4D8C-97EE-F27355FCAF4B},object,source_object
JKTZ-OBJ-000486,TPN,NR_INWENT,T.D-06.07,cave_context,matched_inventory
JKTZ-OBJ-000487,TPN,GLOBALID,{E5C5FFD1-D57C-4529-9532-F70BDFA3B79F},object,source_object
JKTZ-OBJ-000488,Geoportal_PIG,PIG_ID,1427,cave_context,cave_single_object_assumed
JKTZ-OBJ-000488,TPN,GLOBALID,{513F5FB1-96AC-4B73-A9E3-4DACBF64FE4F},object,source_object
JKTZ-OBJ-000488,TPN,NR_INWENT,T.E-08.51,cave_context,matched_inventory
JKTZ-OBJ-000489,Geoportal_PIG,PIG_ID,1583,cave_context,cave_single_object_assumed
JKTZ-OBJ-000489,TPN,GLOBALID,{04BC6483-1695-405E-96B0-EEE2DF6CE20A},object,source_object
JKTZ-OBJ-000489,TPN,NR_INWENT,T.E-12.44,cave_context,matched_inventory
JKTZ-OBJ-000490,Geoportal_PIG,PIG_ID,1604,cave_context,cave_single_object_assumed
JKTZ-OBJ-000490,TPN,GLOBALID,{B5CA4C9C-9BAD-4DD7-A4F0-E321680CC2EC},object,source_object
JKTZ-OBJ-000490,TPN,NR_INWENT,T.E-12.57,cave_context,matched_inventory
JKTZ-OBJ-000491,Geoportal_PIG,PIG_ID,1551,cave_context,cave_single_object_assumed
JKTZ-OBJ-000491,TPN,GLOBALID,{9C402B4D-2D37-48BB-8011-FBE02FEC3F99},object,source_object
JKTZ-OBJ-000491,TPN,NR_INWENT,T.E-12.16,cave_context,matched_inventory
JKTZ-OBJ-000492,Geoportal_PIG,PIG_ID,1398,cave_context,cave_single_object_assumed
JKTZ-OBJ-000492,TPN,GLOBALID,{DEB1F873-7887-4E80-9DA2-BD0BF36BC531},object,source_object
JKTZ-OBJ-000492,TPN,NR_INWENT,T.E-08.20,cave_context,matched_inventory
JKTZ-OBJ-000493,Geoportal_PIG,PIG_ID,11044,cave_context,cave_single_object_assumed
JKTZ-OBJ-000493,TPN,GLOBALID,{3E168E75-01C0-42C3-9C7E-79C59F546A47},object,source_object
JKTZ-OBJ-000493,TPN,NR_INWENT,T.A-23.04,cave_context,matched_inventory
JKTZ-OBJ-000494,Geoportal_PIG,PIG_ID,4348,cave_context,cave_single_object_assumed
JKTZ-OBJ-000494,TPN,GLOBALID,{6D01AD30-46FD-45D8-8F59-2B2BF3E47D62},object,source_object
JKTZ-OBJ-000494,TPN,NR_INWENT,T.E-08.73,cave_context,matched_inventory
JKTZ-OBJ-000495,Geoportal_PIG,PIG_ID,1253,cave_context,cave_single_object_assumed
JKTZ-OBJ-000495,TPN,GLOBALID,{F630955B-9B96-4056-A007-8EDC623794B7},object,source_object
JKTZ-OBJ-000495,TPN,NR_INWENT,T.D-17.08,cave_context,matched_inventory
JKTZ-OBJ-000496,Geoportal_PIG,PIG_ID,1180,cave_context,cave_single_object_assumed
JKTZ-OBJ-000496,TPN,GLOBALID,{6C2F8F25-2A6D-42F7-BE4F-15F0450C507E},object,source_object
JKTZ-OBJ-000496,TPN,NR_INWENT,T.D-05.09,cave_context,matched_inventory
JKTZ-OBJ-000497,Geoportal_PIG,PIG_ID,1734,cave_context,cave_single_object_assumed
JKTZ-OBJ-000497,TPN,GLOBALID,{B690F81B-8294-4B2C-80CA-DB1E050499DC},object,source_object
JKTZ-OBJ-000497,TPN,NR_INWENT,T.L-22.05,cave_context,matched_inventory
JKTZ-OBJ-000498,Geoportal_PIG,PIG_ID,1075,cave_context,cave_single_object_assumed
JKTZ-OBJ-000498,TPN,GLOBALID,{AF69E076-F689-42C1-AFA6-893970A782D0},object,source_object
JKTZ-OBJ-000498,TPN,NR_INWENT,T.D-06.05,cave_context,matched_inventory
JKTZ-OBJ-000499,Geoportal_PIG,PIG_ID,1600,cave_context,cave_single_object_assumed
JKTZ-OBJ-000499,TPN,GLOBALID,{532D95C1-0310-49AB-AF14-0EE8AA40F49C},object,source_object
JKTZ-OBJ-000499,TPN,NR_INWENT,T.E-13.12,cave_context,matched_inventory
JKTZ-OBJ-000500,Geoportal_PIG,PIG_ID,1531,cave_context,cave_single_object_assumed
JKTZ-OBJ-000500,TPN,GLOBALID,{437EBC4E-4E38-439B-B926-3048CA7FC33F},object,source_object
JKTZ-OBJ-000500,TPN,NR_INWENT,T.E-11.58,cave_context,matched_inventory
JKTZ-OBJ-000501,TPN,GLOBALID,{B847E094-6D0A-49D5-B2F0-9729D028C662},object,source_object
JKTZ-OBJ-000502,Geoportal_PIG,PIG_ID,1608,cave_context,cave_single_object_assumed
JKTZ-OBJ-000502,TPN,GLOBALID,{316F78E8-7D52-448F-BE57-0EB91BA51006},object,source_object
JKTZ-OBJ-000502,TPN,NR_INWENT,T.E-12.60,cave_context,matched_inventory
JKTZ-OBJ-000503,Geoportal_PIG,PIG_ID,1679,cave_context,cave_single_object_assumed
JKTZ-OBJ-000503,TPN,GLOBALID,{711012AB-FD99-4197-B906-1B5F39C867B7},object,source_object
JKTZ-OBJ-000503,TPN,NR_INWENT,T.F-09.19,cave_context,matched_inventory
JKTZ-OBJ-000504,Geoportal_PIG,PIG_ID,4369,cave_context,cave_single_object_assumed
JKTZ-OBJ-000504,TPN,GLOBALID,{D0F30D83-C7AF-4A7D-81E2-B46341936649},object,source_object
JKTZ-OBJ-000504,TPN,NR_INWENT,T.E-09.41,cave_context,matched_inventory
JKTZ-OBJ-000505,Geoportal_PIG,PIG_ID,1065,cave_context,cave_single_object_assumed
JKTZ-OBJ-000505,TPN,GLOBALID,{5E667034-CD72-4D76-BD8C-C6EF9340FFE1},object,source_object
JKTZ-OBJ-000505,TPN,NR_INWENT,T.C-16.03,cave_context,matched_inventory
JKTZ-OBJ-000506,TPN,GLOBALID,{B9CE3858-B5E7-46FF-9ED9-83E15D704972},object,source_object
JKTZ-OBJ-000507,Geoportal_PIG,PIG_ID,1322,cave_context,cave_single_object_assumed
JKTZ-OBJ-000507,TPN,GLOBALID,{7DDC257F-1586-457A-AF54-46CDFFB7AD7B},object,source_object
JKTZ-OBJ-000507,TPN,NR_INWENT,T.E-07.25,cave_context,matched_inventory
JKTZ-OBJ-000508,Geoportal_PIG,PIG_ID,1447,cave_context,cave_single_object_assumed
JKTZ-OBJ-000508,TPN,GLOBALID,{9FBCB569-4DD2-4AEC-9545-DAB3C03FCFE0},object,source_object
JKTZ-OBJ-000508,TPN,NR_INWENT,T.E-09.15,cave_context,matched_inventory
JKTZ-OBJ-000509,Geoportal_PIG,PIG_ID,1548,cave_context,cave_single_object_assumed
JKTZ-OBJ-000509,TPN,GLOBALID,{F3355D36-4418-4AC1-B715-C60B0BC60E95},object,source_object
JKTZ-OBJ-000509,TPN,NR_INWENT,T.E-12.13,cave_context,matched_inventory
JKTZ-OBJ-000510,Geoportal_PIG,PIG_ID,1166,cave_context,cave_single_object_assumed
JKTZ-OBJ-000510,TPN,GLOBALID,{B0FFB97C-46F3-4F8D-8369-007C846BD050},object,source_object
JKTZ-OBJ-000510,TPN,NR_INWENT,T.D-08.58,cave_context,matched_inventory
JKTZ-OBJ-000511,Geoportal_PIG,PIG_ID,1710,cave_context,cave_single_object_assumed
JKTZ-OBJ-000511,TPN,GLOBALID,{23BC2C1A-02D6-41F2-87FA-E87E50A9F69C},object,source_object
JKTZ-OBJ-000511,TPN,NR_INWENT,T.F-10.07,cave_context,matched_inventory
JKTZ-OBJ-000512,Geoportal_PIG,PIG_ID,4327,cave_context,cave_single_object_assumed
JKTZ-OBJ-000512,TPN,GLOBALID,{C9C3A324-AC15-4AEC-8AD3-F139D6D5333A},object,source_object
JKTZ-OBJ-000512,TPN,NR_INWENT,T.E-08.69,cave_context,matched_inventory
JKTZ-OBJ-000513,Geoportal_PIG,PIG_ID,1033,cave_context,cave_single_object_assumed
JKTZ-OBJ-000513,TPN,GLOBALID,{D8845261-239C-4D33-9464-7CF083A33777},object,source_object
JKTZ-OBJ-000513,TPN,NR_INWENT,T.B-24.01,cave_context,matched_inventory
JKTZ-OBJ-000514,Geoportal_PIG,PIG_ID,981,cave_context,cave_single_object_assumed
JKTZ-OBJ-000514,TPN,GLOBALID,{DF14191A-62C9-4714-9463-AFEC2F83F71A},object,source_object
JKTZ-OBJ-000514,TPN,NR_INWENT,T.D-05.01,cave_context,matched_inventory
JKTZ-OBJ-000515,Geoportal_PIG,PIG_ID,1411,cave_context,cave_single_object_assumed
JKTZ-OBJ-000515,TPN,GLOBALID,{877B6E2D-0703-4F91-9343-A4FF4E9B2EEB},object,source_object
JKTZ-OBJ-000515,TPN,NR_INWENT,T.E-08.42,cave_context,matched_inventory
JKTZ-OBJ-000516,Geoportal_PIG,PIG_ID,4147,cave_context,cave_single_object_assumed
JKTZ-OBJ-000516,TPN,GLOBALID,{E4876502-0EC3-4533-AE1C-7D9DDF912BAA},object,source_object
JKTZ-OBJ-000516,TPN,NR_INWENT,T.D-08.66,cave_context,matched_inventory
JKTZ-OBJ-000517,TPN,GLOBALID,{709473B2-1483-4A63-862E-7CB0517A3901},object,source_object
JKTZ-OBJ-000518,Geoportal_PIG,PIG_ID,1441,cave_context,cave_single_object_assumed
JKTZ-OBJ-000518,TPN,GLOBALID,{5F2E1B8F-A49D-4349-872C-0D2512C89D0E},object,source_object
JKTZ-OBJ-000518,TPN,NR_INWENT,T.E-09.10,cave_context,matched_inventory
JKTZ-OBJ-000519,Geoportal_PIG,PIG_ID,1355,cave_context,cave_single_object_assumed
JKTZ-OBJ-000519,TPN,GLOBALID,{F495DC43-BBC5-4720-B2C6-E70A3647FB96},object,source_object
JKTZ-OBJ-000519,TPN,NR_INWENT,T.E-08.08,cave_context,matched_inventory
JKTZ-OBJ-000520,Geoportal_PIG,PIG_ID,1695,cave_context,cave_single_object_assumed
JKTZ-OBJ-000520,TPN,GLOBALID,{CDC9487C-98BC-43AD-91DF-170F50F8B734},object,source_object
JKTZ-OBJ-000520,TPN,NR_INWENT,T.G-19.03,cave_context,matched_inventory
JKTZ-OBJ-000521,TPN,GLOBALID,{480831FA-5194-4224-A4A9-05E713EFCCBE},object,source_object
JKTZ-OBJ-000522,Geoportal_PIG,PIG_ID,1661,cave_context,cave_single_object_assumed
JKTZ-OBJ-000522,TPN,GLOBALID,{DCED0D83-3605-4170-B05E-17E9E331818B},object,source_object
JKTZ-OBJ-000522,TPN,NR_INWENT,T.F-09.10,cave_context,matched_inventory
JKTZ-OBJ-000523,TPN,GLOBALID,{0146E7BE-EBAE-4187-833D-200A4F960987},object,source_object
JKTZ-OBJ-000524,Geoportal_PIG,PIG_ID,991,cave_context,cave_single_object_assumed
JKTZ-OBJ-000524,TPN,GLOBALID,{12E4690D-967D-4F1C-9716-6B3BAD17D4D9},object,source_object
JKTZ-OBJ-000524,TPN,NR_INWENT,T.B-10.01,cave_context,matched_inventory
JKTZ-OBJ-000525,Geoportal_PIG,PIG_ID,1341,cave_context,cave_single_object_assumed
JKTZ-OBJ-000525,TPN,GLOBALID,{07BBCE7B-22DE-4B10-B0D4-665C443148B3},object,source_object
JKTZ-OBJ-000525,TPN,NR_INWENT,T.E-07.37,cave_context,matched_inventory
JKTZ-OBJ-000526,Geoportal_PIG,PIG_ID,1669,cave_context,cave_single_object_assumed
JKTZ-OBJ-000526,TPN,GLOBALID,{BE32CEF8-E322-487D-9EAE-1DD5F6E79DE9},object,source_object
JKTZ-OBJ-000526,TPN,NR_INWENT,T.F-11.02,cave_context,matched_inventory
JKTZ-OBJ-000527,Geoportal_PIG,PIG_ID,1170,cave_context,cave_single_object_assumed
JKTZ-OBJ-000527,TPN,GLOBALID,{76252DF1-E31B-425E-B1AA-F37112460B1B},object,source_object
JKTZ-OBJ-000527,TPN,NR_INWENT,T.D-05.06,cave_context,matched_inventory
JKTZ-OBJ-000528,Geoportal_PIG,PIG_ID,1617,cave_context,cave_single_object_assumed
JKTZ-OBJ-000528,TPN,GLOBALID,{E846DB94-A70E-474C-B596-501576C49C7B},object,source_object
JKTZ-OBJ-000528,TPN,NR_INWENT,T.E-13.16,cave_context,matched_inventory
JKTZ-OBJ-000529,TPN,GLOBALID,{33966EE8-29E8-438D-A2FA-D2FE604D5DD0},object,source_object
JKTZ-OBJ-000530,Geoportal_PIG,PIG_ID,1042,cave_context,cave_single_object_assumed
JKTZ-OBJ-000530,TPN,GLOBALID,{24948383-1D8D-4677-B260-CF6AB8FB68FA},object,source_object
JKTZ-OBJ-000530,TPN,NR_INWENT,T.C-05.06,cave_context,matched_inventory
JKTZ-OBJ-000531,Geoportal_PIG,PIG_ID,1316,cave_context,cave_single_object_assumed
JKTZ-OBJ-000531,TPN,GLOBALID,{BC23980D-6ED4-4690-81D0-4756446E8AF5},object,source_object
JKTZ-OBJ-000531,TPN,NR_INWENT,T.E-07.21,cave_context,matched_inventory
JKTZ-OBJ-000532,Geoportal_PIG,PIG_ID,4046,cave_context,cave_single_object_assumed
JKTZ-OBJ-000532,TPN,GLOBALID,{25749C1B-4C8E-4D85-A086-54196A7FB03D},object,source_object
JKTZ-OBJ-000532,TPN,NR_INWENT,T.A-08.01,cave_context,matched_inventory
JKTZ-OBJ-000533,Geoportal_PIG,PIG_ID,1080,cave_context,cave_single_object_assumed
JKTZ-OBJ-000533,TPN,GLOBALID,{95CB0263-87AD-4D91-A3DC-97C59AD9EB84},object,source_object
JKTZ-OBJ-000533,TPN,NR_INWENT,T.D-06.10,cave_context,matched_inventory
JKTZ-OBJ-000534,Geoportal_PIG,PIG_ID,4350,cave_context,cave_single_object_assumed
JKTZ-OBJ-000534,TPN,GLOBALID,{7474B01F-0C83-485B-960C-7BBF46D839E7},object,source_object
JKTZ-OBJ-000534,TPN,NR_INWENT,T.E-09.26,cave_context,matched_inventory
JKTZ-OBJ-000535,Geoportal_PIG,PIG_ID,1575,cave_context,cave_single_object_assumed
JKTZ-OBJ-000535,TPN,GLOBALID,{832D1B85-E9FB-41A5-9436-FF746F16DEB3},object,source_object
JKTZ-OBJ-000535,TPN,NR_INWENT,T.E-12.39,cave_context,matched_inventory
JKTZ-OBJ-000536,Geoportal_PIG,PIG_ID,1261,cave_context,cave_single_object_assumed
JKTZ-OBJ-000536,TPN,GLOBALID,{6C75E22A-DCDD-44E1-819C-BDCC781AE65F},object,source_object
JKTZ-OBJ-000536,TPN,NR_INWENT,T.D-17.11,cave_context,matched_inventory
JKTZ-OBJ-000537,Geoportal_PIG,PIG_ID,1703,cave_context,cave_single_object_assumed
JKTZ-OBJ-000537,TPN,GLOBALID,{E160F1D7-59FC-4042-9091-3237857090B6},object,source_object
JKTZ-OBJ-000537,TPN,NR_INWENT,T.L-22.06,cave_context,matched_inventory
JKTZ-OBJ-000538,Geoportal_PIG,PIG_ID,1512,cave_context,cave_single_object_assumed
JKTZ-OBJ-000538,TPN,GLOBALID,{660052DC-2294-4683-A02C-C80E4FBAFFFE},object,source_object
JKTZ-OBJ-000538,TPN,NR_INWENT,T.E-11.49,cave_context,matched_inventory
JKTZ-OBJ-000539,TPN,GLOBALID,{75A64A3A-F0FC-42E7-88C9-6198CF1BE83A},object,source_object
JKTZ-OBJ-000540,Geoportal_PIG,PIG_ID,1256,cave_context,cave_single_object_assumed
JKTZ-OBJ-000540,TPN,GLOBALID,{9BCC297E-8822-41F7-8216-276760DCFD98},object,source_object
JKTZ-OBJ-000540,TPN,NR_INWENT,T.D-12.20,cave_context,matched_inventory
JKTZ-OBJ-000541,TPN,GLOBALID,{DF21DAC8-E66A-4F29-979D-9E0703DB68E2},object,source_object
JKTZ-OBJ-000542,Geoportal_PIG,PIG_ID,1343,cave_context,cave_single_object_assumed
JKTZ-OBJ-000542,TPN,GLOBALID,{24FDD81C-79C9-45CF-8D50-E24DF8CA3D17},object,source_object
JKTZ-OBJ-000542,TPN,NR_INWENT,T.E-07.39,cave_context,matched_inventory
JKTZ-OBJ-000543,Geoportal_PIG,PIG_ID,1492,cave_context,cave_single_object_assumed
JKTZ-OBJ-000543,TPN,GLOBALID,{ECC38262-2A49-49CD-A5F0-5024C91CB2C9},object,source_object
JKTZ-OBJ-000543,TPN,NR_INWENT,T.E-11.37,cave_context,matched_inventory
JKTZ-OBJ-000544,Geoportal_PIG,PIG_ID,4286,cave_context,cave_single_object_assumed
JKTZ-OBJ-000544,TPN,GLOBALID,{69226857-D262-4F5A-BD61-CCFCD583A2A6},object,source_object
JKTZ-OBJ-000544,TPN,NR_INWENT,T.C-12.01,cave_context,matched_inventory
JKTZ-OBJ-000545,Geoportal_PIG,PIG_ID,1535,cave_context,cave_single_object_assumed
JKTZ-OBJ-000545,TPN,GLOBALID,{9306F8A3-B212-4456-B121-7B821EE13B60},object,source_object
JKTZ-OBJ-000545,TPN,NR_INWENT,T.E-12.03,cave_context,matched_inventory
JKTZ-OBJ-000546,Geoportal_PIG,PIG_ID,1214,cave_context,cave_single_object_assumed
JKTZ-OBJ-000546,TPN,GLOBALID,{6D1EAAE4-3502-423E-87FA-7A62EF212B02},object,source_object
JKTZ-OBJ-000546,TPN,NR_INWENT,T.D-14.02,cave_context,matched_inventory
JKTZ-OBJ-000547,Geoportal_PIG,PIG_ID,4786,cave_context,cave_single_object_assumed
JKTZ-OBJ-000547,TPN,GLOBALID,{D082F240-A7B7-47F3-8B77-2EF9CD7CA163},object,source_object
JKTZ-OBJ-000547,TPN,NR_INWENT,T.E-11.68,cave_context,matched_inventory
JKTZ-OBJ-000548,TPN,GLOBALID,{A5F01B51-0D1C-41DA-8216-91FD41235FF7},object,source_object
JKTZ-OBJ-000549,Geoportal_PIG,PIG_ID,1103,cave_context,cave_single_object_assumed
JKTZ-OBJ-000549,TPN,GLOBALID,{0C984F1D-F91B-419C-B087-EA1E0D84ECF7},object,source_object
JKTZ-OBJ-000549,TPN,NR_INWENT,T.D-08.14,cave_context,matched_inventory
JKTZ-OBJ-000550,Geoportal_PIG,PIG_ID,1251,cave_context,cave_single_object_assumed
JKTZ-OBJ-000550,TPN,GLOBALID,{45FE6018-D06F-4F50-9900-5E4B63031ACD},object,source_object
JKTZ-OBJ-000550,TPN,NR_INWENT,T.D-17.06,cave_context,matched_inventory
JKTZ-OBJ-000551,Geoportal_PIG,PIG_ID,1721,cave_context,cave_single_object_assumed
JKTZ-OBJ-000551,TPN,GLOBALID,{61C8F926-CCAA-4AAF-A5D3-6D212CCFA8B8},object,source_object
JKTZ-OBJ-000551,TPN,NR_INWENT,T.F-10.14,cave_context,matched_inventory
JKTZ-OBJ-000552,Geoportal_PIG,PIG_ID,4412,cave_context,cave_single_object_assumed
JKTZ-OBJ-000552,TPN,GLOBALID,{D4DED967-2756-434F-B8C0-2F32B7F111AB},object,source_object
JKTZ-OBJ-000552,TPN,NR_INWENT,T.F-09.28,cave_context,matched_inventory
JKTZ-OBJ-000553,Geoportal_PIG,PIG_ID,4393,cave_context,cave_single_object_assumed
JKTZ-OBJ-000553,TPN,GLOBALID,{098CD0A0-936F-49E9-93FC-5057869F1546},object,source_object
JKTZ-OBJ-000553,TPN,NR_INWENT,T.E-11.69,cave_context,matched_inventory
JKTZ-OBJ-000554,Geoportal_PIG,PIG_ID,1678,cave_context,cave_single_object_assumed
JKTZ-OBJ-000554,TPN,GLOBALID,{FAF49442-A9E8-400F-9BDA-1B84E2CD305C},object,source_object
JKTZ-OBJ-000554,TPN,NR_INWENT,T.F-09.17,cave_context,matched_inventory
JKTZ-OBJ-000555,Geoportal_PIG,PIG_ID,4349,cave_context,cave_single_object_assumed
JKTZ-OBJ-000555,TPN,GLOBALID,{1D6BF396-1F46-47F1-9CC9-953F0A88EC15},object,source_object
JKTZ-OBJ-000555,TPN,NR_INWENT,T.E-08.74,cave_context,matched_inventory
JKTZ-OBJ-000556,Geoportal_PIG,PIG_ID,1621,cave_context,cave_single_object_assumed
JKTZ-OBJ-000556,TPN,GLOBALID,{ACD77094-6732-4478-8FDC-6777A657235A},object,source_object
JKTZ-OBJ-000556,TPN,NR_INWENT,T.E-13.20,cave_context,matched_inventory
JKTZ-OBJ-000557,Geoportal_PIG,PIG_ID,1125,cave_context,cave_single_object_assumed
JKTZ-OBJ-000557,TPN,GLOBALID,{4228B47B-8852-4AFB-8D2F-D2A49B7D3ED5},object,source_object
JKTZ-OBJ-000557,TPN,NR_INWENT,T.D-08.36,cave_context,matched_inventory
JKTZ-OBJ-000558,Geoportal_PIG,PIG_ID,4186,cave_context,cave_single_object_assumed
JKTZ-OBJ-000558,TPN,GLOBALID,{C1F42C86-4857-40F9-881D-1FD7EA11D697},object,source_object
JKTZ-OBJ-000558,TPN,NR_INWENT,T.E-08.64,cave_context,matched_inventory
JKTZ-OBJ-000559,Geoportal_PIG,PIG_ID,1293,cave_context,cave_single_object_assumed
JKTZ-OBJ-000559,TPN,GLOBALID,{0139978C-1ED6-4717-BD6C-C444AA7F0683},object,source_object
JKTZ-OBJ-000559,TPN,NR_INWENT,T.E-05.06,cave_context,matched_inventory
JKTZ-OBJ-000560,Geoportal_PIG,PIG_ID,1731,cave_context,cave_single_object_assumed
JKTZ-OBJ-000560,TPN,GLOBALID,{2004E2CD-6CB8-496D-9A1F-854933B17924},object,source_object
JKTZ-OBJ-000560,TPN,NR_INWENT,T.F-10.20,cave_context,matched_inventory
JKTZ-OBJ-000561,Geoportal_PIG,PIG_ID,1525,cave_context,cave_single_object_assumed
JKTZ-OBJ-000561,TPN,GLOBALID,{6FC6B4BD-4E08-41BE-9237-6C2C12CCA28B},object,source_object
JKTZ-OBJ-000561,TPN,NR_INWENT,T.E-11.31,cave_context,matched_inventory
JKTZ-OBJ-000562,Geoportal_PIG,PIG_ID,1438,cave_context,cave_single_object_assumed
JKTZ-OBJ-000562,TPN,GLOBALID,{5420590A-D973-41BF-87AE-820EA966D43A},object,source_object
JKTZ-OBJ-000562,TPN,NR_INWENT,T.E-08.62,cave_context,matched_inventory
JKTZ-OBJ-000563,TPN,GLOBALID,{B79A1681-7436-4251-B24B-A9ABBA32DFFE},object,source_object
JKTZ-OBJ-000564,Geoportal_PIG,PIG_ID,4588,cave_context,cave_single_object_assumed
JKTZ-OBJ-000564,TPN,GLOBALID,{2A5DAAEA-6BC1-4943-B6F9-A234D01D0BE5},object,source_object
JKTZ-OBJ-000564,TPN,NR_INWENT,T.F-09.44,cave_context,matched_inventory
JKTZ-OBJ-000565,Geoportal_PIG,PIG_ID,1300,cave_context,cave_single_object_assumed
JKTZ-OBJ-000565,TPN,GLOBALID,{52B4EE08-00C8-46F7-BD53-948290EDFAE4},object,source_object
JKTZ-OBJ-000565,TPN,NR_INWENT,T.E-06.03,cave_context,matched_inventory
JKTZ-OBJ-000566,Geoportal_PIG,PIG_ID,1435,cave_context,cave_single_object_assumed
JKTZ-OBJ-000566,TPN,GLOBALID,{7231ECA3-5040-4984-B295-CEE9C9A20249},object,source_object
JKTZ-OBJ-000566,TPN,NR_INWENT,T.E-08.59,cave_context,matched_inventory
JKTZ-OBJ-000567,Geoportal_PIG,PIG_ID,4307,cave_context,cave_single_object_assumed
JKTZ-OBJ-000567,TPN,GLOBALID,{88B66B58-5CF2-4C92-B94F-41B67780A3F1},object,source_object
JKTZ-OBJ-000567,TPN,NR_INWENT,T.D-05.12,cave_context,matched_inventory
JKTZ-OBJ-000568,Geoportal_PIG,PIG_ID,1287,cave_context,cave_single_object_assumed
JKTZ-OBJ-000568,TPN,GLOBALID,{75CA65A1-1E11-4FED-ACD8-D90D58807394},object,source_object
JKTZ-OBJ-000568,TPN,NR_INWENT,T.E-07.03,cave_context,matched_inventory
JKTZ-OBJ-000569,Geoportal_PIG,PIG_ID,1453,cave_context,cave_single_object_assumed
JKTZ-OBJ-000569,TPN,GLOBALID,{08DBE3C9-16D9-498A-879E-11BB66D285B0},object,source_object
JKTZ-OBJ-000569,TPN,NR_INWENT,T.E-10.05,cave_context,matched_inventory
JKTZ-OBJ-000570,Geoportal_PIG,PIG_ID,1209,cave_context,cave_single_object_assumed
JKTZ-OBJ-000570,TPN,GLOBALID,{2D5EC8E7-7429-465D-822F-F929B6F50ECC},object,source_object
JKTZ-OBJ-000570,TPN,NR_INWENT,T.D-13.08,cave_context,matched_inventory
JKTZ-OBJ-000571,TPN,GLOBALID,{8DB4E0C9-74C4-4400-ABAB-BC433D108D36},object,source_object
JKTZ-OBJ-000572,TPN,GLOBALID,{B4A9F6FE-5B62-4143-80E3-A613A49E90D0},object,source_object
JKTZ-OBJ-000573,Geoportal_PIG,PIG_ID,1409,cave_context,cave_single_object_assumed
JKTZ-OBJ-000573,TPN,GLOBALID,{B105878A-D99E-4DEA-B2DC-B8676F23F260},object,source_object
JKTZ-OBJ-000573,TPN,NR_INWENT,T.E-08.40,cave_context,matched_inventory
JKTZ-OBJ-000574,Geoportal_PIG,PIG_ID,4047,cave_context,cave_single_object_assumed
JKTZ-OBJ-000574,TPN,GLOBALID,{F634716A-846E-42D3-BD1B-BD0F7787DD96},object,source_object
JKTZ-OBJ-000574,TPN,NR_INWENT,T.A-05.02,cave_context,matched_inventory
JKTZ-OBJ-000575,Geoportal_PIG,PIG_ID,1366,cave_context,cave_single_object_assumed
JKTZ-OBJ-000575,TPN,GLOBALID,{AB06C308-EA34-4C2B-AB45-998A78329FA1},object,source_object
JKTZ-OBJ-000575,TPN,NR_INWENT,T.E-08.28,cave_context,matched_inventory
JKTZ-OBJ-000576,Geoportal_PIG,PIG_ID,1747,cave_context,cave_single_object_assumed
JKTZ-OBJ-000576,TPN,GLOBALID,{7402023A-B0B7-480F-BDD4-14025C05695F},object,source_object
JKTZ-OBJ-000576,TPN,NR_INWENT,T.L-22.07,cave_context,matched_inventory
JKTZ-OBJ-000577,Geoportal_PIG,PIG_ID,1454,cave_context,cave_single_object_assumed
JKTZ-OBJ-000577,TPN,GLOBALID,{0597C8DD-69B6-4ED0-B8AE-0848045006ED},object,source_object
JKTZ-OBJ-000577,TPN,NR_INWENT,T.E-10.06,cave_context,matched_inventory
JKTZ-OBJ-000578,Geoportal_PIG,PIG_ID,1285,cave_context,cave_single_object_assumed
JKTZ-OBJ-000578,TPN,GLOBALID,{58DD6281-41BF-4A91-980E-3DBC769549C2},object,source_object
JKTZ-OBJ-000578,TPN,NR_INWENT,T.E-07.02,cave_context,matched_inventory
JKTZ-OBJ-000579,Geoportal_PIG,PIG_ID,1307,cave_context,cave_single_object_assumed
JKTZ-OBJ-000579,TPN,GLOBALID,{4993D9A0-1E73-4B09-B796-A1B227ED8583},object,source_object
JKTZ-OBJ-000579,TPN,NR_INWENT,T.E-07.12,cave_context,matched_inventory
JKTZ-OBJ-000580,Geoportal_PIG,PIG_ID,1255,cave_context,cave_single_object_assumed
JKTZ-OBJ-000580,TPN,GLOBALID,{0381F136-95EC-4E45-9B77-CB4A6FFFBBED},object,source_object
JKTZ-OBJ-000580,TPN,NR_INWENT,T.D-17.09,cave_context,matched_inventory
JKTZ-OBJ-000581,TPN,GLOBALID,{FFB80D84-7D5A-4986-BA87-1E8D5BC00181},object,source_object
JKTZ-OBJ-000582,Geoportal_PIG,PIG_ID,1088,cave_context,cave_single_object_assumed
JKTZ-OBJ-000582,TPN,GLOBALID,{B75566F2-6CA0-43C0-B9B2-A1AF60965503},object,source_object
JKTZ-OBJ-000582,TPN,NR_INWENT,T.D-08.02,cave_context,matched_inventory
JKTZ-OBJ-000583,Geoportal_PIG,PIG_ID,1060,cave_context,cave_single_object_assumed
JKTZ-OBJ-000583,TPN,GLOBALID,{59AA9DB8-B93D-49A4-83EF-1CD0D2383C46},object,source_object
JKTZ-OBJ-000583,TPN,NR_INWENT,T.C-15.09,cave_context,matched_inventory
JKTZ-OBJ-000584,TPN,GLOBALID,{0AFBFC7D-0BD3-4FE7-A7F2-1774398D7DD9},object,source_object
JKTZ-OBJ-000585,Geoportal_PIG,PIG_ID,1269,cave_context,cave_single_object_assumed
JKTZ-OBJ-000585,TPN,GLOBALID,{F44332A1-5638-4C3F-A285-860862AB6BC6},object,source_object
JKTZ-OBJ-000585,TPN,NR_INWENT,T.D-17.17,cave_context,matched_inventory
JKTZ-OBJ-000586,Geoportal_PIG,PIG_ID,4486,cave_context,cave_single_object_assumed
JKTZ-OBJ-000586,TPN,GLOBALID,{64D75A4B-054C-4861-B3C3-A13EAA3605D6},object,source_object
JKTZ-OBJ-000586,TPN,NR_INWENT,T.D-08.67,cave_context,matched_inventory
JKTZ-OBJ-000587,Geoportal_PIG,PIG_ID,11052,cave_context,cave_single_object_assumed
JKTZ-OBJ-000587,TPN,GLOBALID,{6071D0EF-79B2-48E4-BC4E-AFEED9766BA6},object,source_object
JKTZ-OBJ-000587,TPN,NR_INWENT,T.C-12.04,cave_context,matched_inventory
JKTZ-OBJ-000588,Geoportal_PIG,PIG_ID,1546,cave_context,cave_single_object_assumed
JKTZ-OBJ-000588,TPN,GLOBALID,{D428C70E-E3A0-46FE-8F58-6BB9A6AC2896},object,source_object
JKTZ-OBJ-000588,TPN,NR_INWENT,T.E-11.65,cave_context,matched_inventory
JKTZ-OBJ-000589,TPN,GLOBALID,{B5AC9E3A-A89E-443F-B640-D28804A74046},object,source_object
JKTZ-OBJ-000590,Geoportal_PIG,PIG_ID,1412,cave_context,cave_single_object_assumed
JKTZ-OBJ-000590,TPN,GLOBALID,{F9CBCE03-E91C-4970-B373-56EA2205634B},object,source_object
JKTZ-OBJ-000590,TPN,NR_INWENT,T.E-09.02,cave_context,matched_inventory
JKTZ-OBJ-000591,Geoportal_PIG,PIG_ID,1271,cave_context,cave_single_object_assumed
JKTZ-OBJ-000591,TPN,GLOBALID,{ECF8FC2C-82F9-44FB-AEC9-D36EA94249E6},object,source_object
JKTZ-OBJ-000591,TPN,NR_INWENT,T.D-17.19,cave_context,matched_inventory
JKTZ-OBJ-000592,Geoportal_PIG,PIG_ID,1511,cave_context,cave_single_object_assumed
JKTZ-OBJ-000592,TPN,GLOBALID,{5473F2D1-AC72-40E9-A7E7-B09E7867E9FA},object,source_object
JKTZ-OBJ-000592,TPN,NR_INWENT,T.E-11.48,cave_context,matched_inventory
JKTZ-OBJ-000593,Geoportal_PIG,PIG_ID,11045,cave_context,cave_single_object_assumed
JKTZ-OBJ-000593,TPN,GLOBALID,{18B6F146-110B-42C7-95F7-D2CD4C4873B2},object,source_object
JKTZ-OBJ-000593,TPN,NR_INWENT,T.A-23.01,cave_context,matched_inventory
JKTZ-OBJ-000594,Geoportal_PIG,PIG_ID,1277,cave_context,cave_single_object_assumed
JKTZ-OBJ-000594,TPN,GLOBALID,{A69A252F-1E90-49F5-AF5D-221E62C9650C},object,source_object
JKTZ-OBJ-000594,TPN,NR_INWENT,T.D-18.05,cave_context,matched_inventory
JKTZ-OBJ-000595,TPN,GLOBALID,{3EDD58B4-5F56-44FD-AD00-33CC9E44A795},object,source_object
JKTZ-OBJ-000596,Geoportal_PIG,PIG_ID,1274,cave_context,cave_single_object_assumed
JKTZ-OBJ-000596,TPN,GLOBALID,{A66D4ADB-2ADF-4A01-A4EA-01557BCF2D46},object,source_object
JKTZ-OBJ-000596,TPN,NR_INWENT,T.D-18.01,cave_context,matched_inventory
JKTZ-OBJ-000597,Geoportal_PIG,PIG_ID,1609,cave_context,cave_single_object_assumed
JKTZ-OBJ-000597,TPN,GLOBALID,{19A537F3-492E-44E2-A707-78FFC912FA9F},object,source_object
JKTZ-OBJ-000597,TPN,NR_INWENT,T.E-12.61,cave_context,matched_inventory
JKTZ-OBJ-000598,Geoportal_PIG,PIG_ID,1425,cave_context,cave_single_object_assumed
JKTZ-OBJ-000598,TPN,GLOBALID,{D3A46284-758D-46C6-94E7-87BFECE29160},object,source_object
JKTZ-OBJ-000598,TPN,NR_INWENT,T.E-08.50,cave_context,matched_inventory
JKTZ-OBJ-000599,Geoportal_PIG,PIG_ID,982,cave_context,cave_single_object_assumed
JKTZ-OBJ-000599,TPN,GLOBALID,{D532520A-CC0F-4F01-9089-01C883CC553B},object,source_object
JKTZ-OBJ-000599,TPN,NR_INWENT,T.B-09.12,cave_context,matched_inventory
JKTZ-OBJ-000600,Geoportal_PIG,PIG_ID,1045,cave_context,cave_single_object_assumed
JKTZ-OBJ-000600,TPN,GLOBALID,{BF3E6992-1F2F-4276-AA8E-E829767866CE},object,source_object
JKTZ-OBJ-000600,TPN,NR_INWENT,T.C-09.01,cave_context,matched_inventory
JKTZ-OBJ-000601,TPN,GLOBALID,{92D7F63F-B33B-4530-9DDA-033A350887C0},object,source_object
JKTZ-OBJ-000602,Geoportal_PIG,PIG_ID,1585,cave_context,cave_single_object_assumed
JKTZ-OBJ-000602,TPN,GLOBALID,{EF7C4950-1054-43C0-9116-18265E19E5EE},object,source_object
JKTZ-OBJ-000602,TPN,NR_INWENT,T.E-12.46,cave_context,matched_inventory
JKTZ-OBJ-000603,TPN,GLOBALID,{99522C8A-640C-427C-9E08-21276A83B81E},object,source_object
JKTZ-OBJ-000604,Geoportal_PIG,PIG_ID,1358,cave_context,cave_single_object_assumed
JKTZ-OBJ-000604,TPN,GLOBALID,{8E9CF110-3CDA-4313-AC98-49496419E9F7},object,source_object
JKTZ-OBJ-000604,TPN,NR_INWENT,T.E-08.09,cave_context,matched_inventory
JKTZ-OBJ-000605,Geoportal_PIG,PIG_ID,1557,cave_context,cave_single_object_assumed
JKTZ-OBJ-000605,TPN,GLOBALID,{324846AB-C58B-4E3A-884E-0A08CB6D3020},object,source_object
JKTZ-OBJ-000605,TPN,NR_INWENT,T.E-12.22,cave_context,matched_inventory
JKTZ-OBJ-000606,Geoportal_PIG,PIG_ID,1403,cave_context,cave_single_object_assumed
JKTZ-OBJ-000606,TPN,GLOBALID,{5F35683C-23C0-4CC9-BBC8-BA8FEBBE9400},object,source_object
JKTZ-OBJ-000606,TPN,NR_INWENT,T.E-08.22,cave_context,matched_inventory
JKTZ-OBJ-000607,Geoportal_PIG,PIG_ID,1036,cave_context,cave_single_object_assumed
JKTZ-OBJ-000607,TPN,GLOBALID,{26B5F0D2-23CD-4E5B-A1CC-EAA0929C9A6D},object,source_object
JKTZ-OBJ-000607,TPN,NR_INWENT,T.B-24.04,cave_context,matched_inventory
JKTZ-OBJ-000608,TPN,GLOBALID,{C7918CC1-E333-4902-887C-861BBE7D6775},object,source_object
JKTZ-OBJ-000609,Geoportal_PIG,PIG_ID,978,cave_context,cave_single_object_assumed
JKTZ-OBJ-000609,TPN,GLOBALID,{B2A16EA5-23C8-4E73-BBE7-B4CE1CDF5440},object,source_object
JKTZ-OBJ-000609,TPN,NR_INWENT,T.B-09.10,cave_context,matched_inventory
JKTZ-OBJ-000610,Geoportal_PIG,PIG_ID,1536,cave_context,cave_single_object_assumed
JKTZ-OBJ-000610,TPN,GLOBALID,{BA2D4BF1-4D6C-4B70-A7DA-9ECFC6E3E6CF},object,source_object
JKTZ-OBJ-000610,TPN,NR_INWENT,T.E-12.04,cave_context,matched_inventory
JKTZ-OBJ-000611,TPN,GLOBALID,{F22EDCD0-ACFD-4797-B2A0-CFD5B325BC8E},object,source_object
JKTZ-OBJ-000612,TPN,GLOBALID,{DAF61259-946D-4D5E-8053-D5E69B732C09},object,source_object
JKTZ-OBJ-000613,TPN,GLOBALID,{C79E6CC1-3C7B-4E74-9399-6AA3199C1A07},object,source_object
JKTZ-OBJ-000614,Geoportal_PIG,PIG_ID,1064,cave_context,cave_single_object_assumed
JKTZ-OBJ-000614,TPN,GLOBALID,{78FC19CD-2F47-482F-9F41-162DADBD3411},object,source_object
JKTZ-OBJ-000614,TPN,NR_INWENT,T.C-16.02,cave_context,matched_inventory
JKTZ-OBJ-000615,Geoportal_PIG,PIG_ID,1011,cave_context,cave_single_object_assumed
JKTZ-OBJ-000615,TPN,GLOBALID,{0B807D73-8710-41B0-8DAF-B925E638C1D0},object,source_object
JKTZ-OBJ-000615,TPN,NR_INWENT,T.B-12.03,cave_context,matched_inventory
JKTZ-OBJ-000616,TPN,GLOBALID,{64E02ADF-358A-4D7F-BECE-6434D72150B3},object,source_object
JKTZ-OBJ-000617,Geoportal_PIG,PIG_ID,1263,cave_context,cave_single_object_assumed
JKTZ-OBJ-000617,TPN,GLOBALID,{F5C1663E-AB69-487B-A209-832A61D87B23},object,source_object
JKTZ-OBJ-000617,TPN,NR_INWENT,T.D-17.13,cave_context,matched_inventory
JKTZ-OBJ-000618,Geoportal_PIG,PIG_ID,1059,cave_context,cave_single_object_assumed
JKTZ-OBJ-000618,TPN,GLOBALID,{64EB9D99-D069-478B-BF1F-A9613085F1A2},object,source_object
JKTZ-OBJ-000618,TPN,NR_INWENT,T.C-15.08,cave_context,matched_inventory
JKTZ-OBJ-000619,Geoportal_PIG,PIG_ID,1179,cave_context,cave_single_object_assumed
JKTZ-OBJ-000619,TPN,GLOBALID,{DE56DD34-6E78-4D66-ADF9-8D5EFC5AE208},object,source_object
JKTZ-OBJ-000619,TPN,NR_INWENT,T.D-09.07,cave_context,matched_inventory
JKTZ-OBJ-000620,Geoportal_PIG,PIG_ID,11292,cave_context,cave_single_object_assumed
JKTZ-OBJ-000620,TPN,GLOBALID,{5204F2CE-9AB6-4954-ABAD-47B292C4C499},object,source_object
JKTZ-OBJ-000620,TPN,NR_INWENT,T.D-13.10,cave_context,matched_inventory
JKTZ-OBJ-000621,Geoportal_PIG,PIG_ID,1360,cave_context,cave_single_object_assumed
JKTZ-OBJ-000621,TPN,GLOBALID,{04AFA3C6-EF98-4598-BB0B-C5A1172DC2EA},object,source_object
JKTZ-OBJ-000621,TPN,NR_INWENT,T.E-08.01,cave_context,matched_inventory
JKTZ-OBJ-000622,Geoportal_PIG,PIG_ID,1510,cave_context,cave_single_object_assumed
JKTZ-OBJ-000622,TPN,GLOBALID,{360ADF73-8619-4A03-BEDC-C3DC7D05A545},object,source_object
JKTZ-OBJ-000622,TPN,NR_INWENT,T.E-11.47,cave_context,matched_inventory
JKTZ-OBJ-000623,Geoportal_PIG,PIG_ID,1391,cave_context,cave_single_object_assumed
JKTZ-OBJ-000623,TPN,GLOBALID,{3803805D-8F67-4139-B7EF-287899EB0D94},object,source_object
JKTZ-OBJ-000623,TPN,NR_INWENT,T.E-08.13,cave_context,matched_inventory
JKTZ-OBJ-000624,Geoportal_PIG,PIG_ID,1098,cave_context,cave_single_object_assumed
JKTZ-OBJ-000624,TPN,GLOBALID,{023B75EE-038D-4E53-8AC3-CCD673A1BD18},object,source_object
JKTZ-OBJ-000624,TPN,NR_INWENT,T.D-08.10,cave_context,matched_inventory
JKTZ-OBJ-000625,TPN,GLOBALID,{FA9BA8B6-5ED6-431D-B2D5-5DF025111077},object,source_object
JKTZ-OBJ-000626,Geoportal_PIG,PIG_ID,1446,cave_context,cave_single_object_assumed
JKTZ-OBJ-000626,TPN,GLOBALID,{77790C30-A261-4635-ADC8-290BCEC94175},object,source_object
JKTZ-OBJ-000626,TPN,NR_INWENT,T.E-10.01,cave_context,matched_inventory
JKTZ-OBJ-000627,Geoportal_PIG,PIG_ID,1457,cave_context,cave_single_object_assumed
JKTZ-OBJ-000627,TPN,GLOBALID,{55C5B8F5-FFDC-4856-AA93-507F74B532D1},object,source_object
JKTZ-OBJ-000627,TPN,NR_INWENT,T.E-09.19,cave_context,matched_inventory
JKTZ-OBJ-000628,Geoportal_PIG,PIG_ID,1615,cave_context,cave_single_object_assumed
JKTZ-OBJ-000628,TPN,GLOBALID,{8802EB96-89BA-4636-B225-D5F455BE9E99},object,source_object
JKTZ-OBJ-000628,TPN,NR_INWENT,T.E-12.68,cave_context,matched_inventory
JKTZ-OBJ-000629,Geoportal_PIG,PIG_ID,1188,cave_context,cave_single_object_assumed
JKTZ-OBJ-000629,TPN,GLOBALID,{5E62224D-D8F1-413B-925A-BF2FFB018767},object,source_object
JKTZ-OBJ-000629,TPN,NR_INWENT,T.D-10.02,cave_context,matched_inventory
JKTZ-OBJ-000630,Geoportal_PIG,PIG_ID,4391,cave_context,cave_single_object_assumed
JKTZ-OBJ-000630,TPN,GLOBALID,{9E5AF934-EB7D-452D-B8EF-FFC609FCEED2},object,source_object
JKTZ-OBJ-000630,TPN,NR_INWENT,T.E-09.50,cave_context,matched_inventory
JKTZ-OBJ-000631,Geoportal_PIG,PIG_ID,1078,cave_context,cave_single_object_assumed
JKTZ-OBJ-000631,TPN,GLOBALID,{FF10BAAD-57BA-4AC9-B53E-33CD6FAB8025},object,source_object
JKTZ-OBJ-000631,TPN,NR_INWENT,T.D-06.08,cave_context,matched_inventory
JKTZ-OBJ-000632,Geoportal_PIG,PIG_ID,1191,cave_context,cave_single_object_assumed
JKTZ-OBJ-000632,TPN,GLOBALID,{A76BA967-9DD7-41EC-BB8B-6A96FD923A01},object,source_object
JKTZ-OBJ-000632,TPN,NR_INWENT,T.D-10.05,cave_context,matched_inventory
JKTZ-OBJ-000633,TPN,GLOBALID,{AFB3118F-4982-4271-AB7E-544CCD7F4854},object,source_object
JKTZ-OBJ-000634,Geoportal_PIG,PIG_ID,1301,cave_context,cave_single_object_assumed
JKTZ-OBJ-000634,TPN,GLOBALID,{0152572F-B1BC-42FD-A435-FB38F6C3015E},object,source_object
JKTZ-OBJ-000634,TPN,NR_INWENT,T.E-07.08,cave_context,matched_inventory
JKTZ-OBJ-000635,TPN,GLOBALID,{3457F014-9E29-416F-A45B-0B44446C8CA4},object,source_object
JKTZ-OBJ-000636,Geoportal_PIG,PIG_ID,1563,cave_context,cave_single_object_assumed
JKTZ-OBJ-000636,TPN,GLOBALID,{34B1E400-EED4-4773-8416-8D48D04038B4},object,source_object
JKTZ-OBJ-000636,TPN,NR_INWENT,T.E-12.28,cave_context,matched_inventory
JKTZ-OBJ-000637,Geoportal_PIG,PIG_ID,1198,cave_context,cave_single_object_assumed
JKTZ-OBJ-000637,TPN,GLOBALID,{FB5B5ECE-1FB0-4E9D-887B-BC8F30B29FB2},object,source_object
JKTZ-OBJ-000637,TPN,NR_INWENT,T.D-11.02,cave_context,matched_inventory
JKTZ-OBJ-000638,Geoportal_PIG,PIG_ID,1434,cave_context,cave_single_object_assumed
JKTZ-OBJ-000638,TPN,GLOBALID,{8708D7B1-A223-4E0B-947B-9F192AC8B3DF},object,source_object
JKTZ-OBJ-000638,TPN,NR_INWENT,T.E-08.58,cave_context,matched_inventory
JKTZ-OBJ-000639,Geoportal_PIG,PIG_ID,1437,cave_context,cave_single_object_assumed
JKTZ-OBJ-000639,TPN,GLOBALID,{06BD5970-3577-4FA1-BC10-2805C8BBCE25},object,source_object
JKTZ-OBJ-000639,TPN,NR_INWENT,T.E-08.61,cave_context,matched_inventory
JKTZ-OBJ-000640,Geoportal_PIG,PIG_ID,1187,cave_context,cave_single_object_assumed
JKTZ-OBJ-000640,TPN,GLOBALID,{0C95E94F-DB98-4FB9-AFFC-5CFE073C5E5F},object,source_object
JKTZ-OBJ-000640,TPN,NR_INWENT,T.D-10.01,cave_context,matched_inventory
JKTZ-OBJ-000641,Geoportal_PIG,PIG_ID,1698,cave_context,cave_single_object_assumed
JKTZ-OBJ-000641,TPN,GLOBALID,{9685AFDF-358B-42F1-8D65-9BA9310F4BC3},object,source_object
JKTZ-OBJ-000641,TPN,NR_INWENT,T.G-22.02,cave_context,matched_inventory
JKTZ-OBJ-000642,Geoportal_PIG,PIG_ID,1110,cave_context,cave_single_object_assumed
JKTZ-OBJ-000642,TPN,GLOBALID,{AA0661A8-8994-4C95-B7E3-780EEA9A3642},object,source_object
JKTZ-OBJ-000642,TPN,NR_INWENT,T.D-08.20,cave_context,matched_inventory
JKTZ-OBJ-000643,Geoportal_PIG,PIG_ID,1244,cave_context,cave_single_object_assumed
JKTZ-OBJ-000643,TPN,GLOBALID,{483B5766-30A6-424B-A4EE-EB4A324E702D},object,source_object
JKTZ-OBJ-000643,TPN,NR_INWENT,T.D-12.15,cave_context,matched_inventory
JKTZ-OBJ-000644,Geoportal_PIG,PIG_ID,1541,cave_context,cave_single_object_assumed
JKTZ-OBJ-000644,TPN,GLOBALID,{52A6D4D9-779E-44BA-9C4F-0AE35C796EE7},object,source_object
JKTZ-OBJ-000644,TPN,NR_INWENT,T.E-11.62,cave_context,matched_inventory
JKTZ-OBJ-000645,Geoportal_PIG,PIG_ID,1523,cave_context,cave_single_object_assumed
JKTZ-OBJ-000645,TPN,GLOBALID,{BBB437E3-E087-413E-A110-08345096EEA5},object,source_object
JKTZ-OBJ-000645,TPN,NR_INWENT,T.E-11.30,cave_context,matched_inventory
JKTZ-OBJ-000646,Geoportal_PIG,PIG_ID,4394,cave_context,cave_single_object_assumed
JKTZ-OBJ-000646,TPN,GLOBALID,{B72F5756-4820-4964-B98F-9ABED6AF0AFC},object,source_object
JKTZ-OBJ-000646,TPN,NR_INWENT,T.D-06.17,cave_context,matched_inventory
JKTZ-OBJ-000647,Geoportal_PIG,PIG_ID,1474,cave_context,cave_single_object_assumed
JKTZ-OBJ-000647,TPN,GLOBALID,{84C4BA72-E422-48DF-9815-6925B25376F3},object,source_object
JKTZ-OBJ-000647,TPN,NR_INWENT,T.E-11.09,cave_context,matched_inventory
JKTZ-OBJ-000648,Geoportal_PIG,PIG_ID,1613,cave_context,cave_single_object_assumed
JKTZ-OBJ-000648,TPN,GLOBALID,{3A702B9C-7C01-46B3-B686-B856A04856B4},object,source_object
JKTZ-OBJ-000648,TPN,NR_INWENT,T.E-12.66,cave_context,matched_inventory
JKTZ-OBJ-000649,Geoportal_PIG,PIG_ID,4168,cave_context,cave_single_object_assumed
JKTZ-OBJ-000649,TPN,GLOBALID,{632F9B53-DA53-47C8-951F-0CAB2ACD54F4},object,source_object
JKTZ-OBJ-000649,TPN,NR_INWENT,T.D-17.20,cave_context,matched_inventory
JKTZ-OBJ-000650,Geoportal_PIG,PIG_ID,4721,cave_context,cave_single_object_assumed
JKTZ-OBJ-000650,TPN,GLOBALID,{C127209A-A50E-45E7-A4A4-287CC1F110A2},object,source_object
JKTZ-OBJ-000650,TPN,NR_INWENT,T.D-22.01,cave_context,matched_inventory
JKTZ-OBJ-000651,Geoportal_PIG,PIG_ID,4407,cave_context,cave_single_object_assumed
JKTZ-OBJ-000651,TPN,GLOBALID,{DEB5B651-B63D-4F90-B2C1-87823668250C},object,source_object
JKTZ-OBJ-000651,TPN,NR_INWENT,T.F-09.18,cave_context,matched_inventory
JKTZ-OBJ-000652,Geoportal_PIG,PIG_ID,11046,cave_context,cave_single_object_assumed
JKTZ-OBJ-000652,TPN,GLOBALID,{2572CCF1-1472-4D66-9D6E-0353FE922AEA},object,source_object
JKTZ-OBJ-000652,TPN,NR_INWENT,T.A-06.03,cave_context,matched_inventory
JKTZ-OBJ-000653,Geoportal_PIG,PIG_ID,1419,cave_context,cave_single_object_assumed
JKTZ-OBJ-000653,TPN,GLOBALID,{F2070F6E-C2D9-4F91-A008-D243DF354871},object,source_object
JKTZ-OBJ-000653,TPN,NR_INWENT,T.E-09.04,cave_context,matched_inventory
JKTZ-OBJ-000654,Geoportal_PIG,PIG_ID,11055,cave_context,cave_single_object_assumed
JKTZ-OBJ-000654,TPN,GLOBALID,{D47DFD55-691A-4E08-84C3-4113122039BD},object,source_object
JKTZ-OBJ-000654,TPN,NR_INWENT,T.E-12.73,cave_context,matched_inventory
JKTZ-OBJ-000655,Geoportal_PIG,PIG_ID,1247,cave_context,cave_single_object_assumed
JKTZ-OBJ-000655,TPN,GLOBALID,{D35C15CC-113C-4509-BE22-CD99939F2FAE},object,source_object
JKTZ-OBJ-000655,TPN,NR_INWENT,T.D-17.02,cave_context,matched_inventory
JKTZ-OBJ-000656,Geoportal_PIG,PIG_ID,1520,cave_context,cave_single_object_assumed
JKTZ-OBJ-000656,TPN,GLOBALID,{6164F63C-E253-4E84-8AE3-048CA43E144B},object,source_object
JKTZ-OBJ-000656,TPN,NR_INWENT,T.E-11.28,cave_context,matched_inventory
JKTZ-OBJ-000657,Geoportal_PIG,PIG_ID,4423,cave_context,cave_single_object_assumed
JKTZ-OBJ-000657,TPN,GLOBALID,{BAB9E811-8D64-43ED-8AC8-F9D8021DBCDD},object,source_object
JKTZ-OBJ-000657,TPN,NR_INWENT,T.F-11.09,cave_context,matched_inventory
JKTZ-OBJ-000658,Geoportal_PIG,PIG_ID,1418,cave_context,cave_single_object_assumed
JKTZ-OBJ-000658,TPN,GLOBALID,{AB3F50A0-8655-4B60-BF12-6E2C6211CDB5},object,source_object
JKTZ-OBJ-000658,TPN,NR_INWENT,T.E-08.47,cave_context,matched_inventory
JKTZ-OBJ-000659,Geoportal_PIG,PIG_ID,1254,cave_context,cave_single_object_assumed
JKTZ-OBJ-000659,TPN,GLOBALID,{A0504167-6077-4F1D-848C-5826ADF2AED5},object,source_object
JKTZ-OBJ-000659,TPN,NR_INWENT,T.D-12.19,cave_context,matched_inventory
JKTZ-OBJ-000660,Geoportal_PIG,PIG_ID,1043,cave_context,cave_single_object_assumed
JKTZ-OBJ-000660,TPN,GLOBALID,{0C942F35-3C72-4DD9-A0D1-511893B1A6EE},object,source_object
JKTZ-OBJ-000660,TPN,NR_INWENT,T.E-08.66,cave_context,matched_inventory
JKTZ-OBJ-000661,Geoportal_PIG,PIG_ID,4507,cave_context,cave_single_object_assumed
JKTZ-OBJ-000661,TPN,GLOBALID,{283787B7-3A80-489A-BEE7-F7532B7C3EB0},object,source_object
JKTZ-OBJ-000661,TPN,NR_INWENT,T.D-07.02,cave_context,matched_inventory
JKTZ-OBJ-000662,Geoportal_PIG,PIG_ID,1105,cave_context,cave_single_object_assumed
JKTZ-OBJ-000662,TPN,GLOBALID,{ED64F5F8-E896-49BA-A753-D46DF3028B87},object,source_object
JKTZ-OBJ-000662,TPN,NR_INWENT,T.D-05.05,cave_context,matched_inventory
JKTZ-OBJ-000663,Geoportal_PIG,PIG_ID,1281,cave_context,cave_single_object_assumed
JKTZ-OBJ-000663,TPN,GLOBALID,{9A80C2BE-49EB-41A5-845A-122C52EED625},object,source_object
JKTZ-OBJ-000663,TPN,NR_INWENT,T.D-18.09,cave_context,matched_inventory
JKTZ-OBJ-000664,Geoportal_PIG,PIG_ID,4406,cave_context,cave_single_object_assumed
JKTZ-OBJ-000664,TPN,GLOBALID,{1162DF92-39AB-448C-96E0-ECD4A9D131FA},object,source_object
JKTZ-OBJ-000664,TPN,NR_INWENT,T.F-08.06,cave_context,matched_inventory
JKTZ-OBJ-000665,Geoportal_PIG,PIG_ID,1270,cave_context,cave_single_object_assumed
JKTZ-OBJ-000665,TPN,GLOBALID,{D7A7582A-8BFE-456B-93A5-91F46EA22DD2},object,source_object
JKTZ-OBJ-000665,TPN,NR_INWENT,T.D-17.18,cave_context,matched_inventory
JKTZ-OBJ-000666,Geoportal_PIG,PIG_ID,4069,cave_context,cave_single_object_assumed
JKTZ-OBJ-000666,TPN,GLOBALID,{ED8B5A01-4D5B-465D-B323-BFBAF135D611},object,source_object
JKTZ-OBJ-000666,TPN,NR_INWENT,T.B-04.05,cave_context,matched_inventory
JKTZ-OBJ-000667,Geoportal_PIG,PIG_ID,1663,cave_context,cave_single_object_assumed
JKTZ-OBJ-000667,TPN,GLOBALID,{F1B6E9B0-385C-4F30-9178-C4959A5E33BA},object,source_object
JKTZ-OBJ-000667,TPN,NR_INWENT,T.F-09.11,cave_context,matched_inventory
JKTZ-OBJ-000668,Geoportal_PIG,PIG_ID,1452,cave_context,cave_single_object_assumed
JKTZ-OBJ-000668,TPN,GLOBALID,{01A13FE3-0D09-4D00-B525-835760FF4303},object,source_object
JKTZ-OBJ-000668,TPN,NR_INWENT,T.E-09.17,cave_context,matched_inventory
JKTZ-OBJ-000669,Geoportal_PIG,PIG_ID,1288,cave_context,cave_single_object_assumed
JKTZ-OBJ-000669,TPN,GLOBALID,{5CDC0722-1A08-4178-8618-F6351261A155},object,source_object
JKTZ-OBJ-000669,TPN,NR_INWENT,T.E-05.03,cave_context,matched_inventory
JKTZ-OBJ-000670,Geoportal_PIG,PIG_ID,1118,cave_context,cave_single_object_assumed
JKTZ-OBJ-000670,TPN,GLOBALID,{FD099612-691D-4713-BC2F-D3005386D33A},object,source_object
JKTZ-OBJ-000670,TPN,NR_INWENT,T.D-08.29,cave_context,matched_inventory
JKTZ-OBJ-000671,Geoportal_PIG,PIG_ID,1173,cave_context,cave_single_object_assumed
JKTZ-OBJ-000671,TPN,GLOBALID,{71DD8DCE-2BC1-42F7-A5E9-174902CA7AED},object,source_object
JKTZ-OBJ-000671,TPN,NR_INWENT,T.D-09.02,cave_context,matched_inventory
JKTZ-OBJ-000672,Geoportal_PIG,PIG_ID,1229,cave_context,cave_level_source_record
JKTZ-OBJ-000672,TPN,GLOBALID,{20567815-1502-4120-A2ED-F49884E668B4},object,source_object
JKTZ-OBJ-000672,TPN,NR_INWENT,T.D-12.10,cave_context,matched_inventory
JKTZ-OBJ-000673,Geoportal_PIG,PIG_ID,1631,cave_context,cave_single_object_assumed
JKTZ-OBJ-000673,TPN,GLOBALID,{E865E176-1122-4603-9962-145F43976534},object,source_object
JKTZ-OBJ-000673,TPN,NR_INWENT,T.E-13.29,cave_context,matched_inventory
JKTZ-OBJ-000674,Geoportal_PIG,PIG_ID,1586,cave_context,cave_single_object_assumed
JKTZ-OBJ-000674,TPN,GLOBALID,{EAA140EC-0700-42ED-9323-DBD817AE0823},object,source_object
JKTZ-OBJ-000674,TPN,NR_INWENT,T.E-13.07,cave_context,matched_inventory
JKTZ-OBJ-000675,TPN,GLOBALID,{DE77AB43-68D1-4DA8-8A18-5D6DFEF2D4C7},object,source_object
JKTZ-OBJ-000676,Geoportal_PIG,PIG_ID,971,cave_context,cave_single_object_assumed
JKTZ-OBJ-000676,TPN,GLOBALID,{DCA8221F-D3C2-4EB2-98EA-77957BB07A1A},object,source_object
JKTZ-OBJ-000676,TPN,NR_INWENT,T.B-09.05,cave_context,matched_inventory
JKTZ-OBJ-000677,Geoportal_PIG,PIG_ID,1723,cave_context,cave_single_object_assumed
JKTZ-OBJ-000677,TPN,GLOBALID,{C8241E98-B50F-4E88-AD10-6C21FA19331D},object,source_object
JKTZ-OBJ-000677,TPN,NR_INWENT,T.F-10.15,cave_context,matched_inventory
JKTZ-OBJ-000678,Geoportal_PIG,PIG_ID,1264,cave_context,cave_single_object_assumed
JKTZ-OBJ-000678,TPN,GLOBALID,{A093E32E-8C16-4623-9F60-1C7C2AC09DCE},object,source_object
JKTZ-OBJ-000678,TPN,NR_INWENT,T.D-17.14,cave_context,matched_inventory
JKTZ-OBJ-000679,Geoportal_PIG,PIG_ID,989,cave_context,cave_single_object_assumed
JKTZ-OBJ-000679,TPN,GLOBALID,{9BA8F361-D7AA-413F-BC86-AC235940F603},object,source_object
JKTZ-OBJ-000679,TPN,NR_INWENT,T.B-09.15,cave_context,matched_inventory
JKTZ-OBJ-000680,Geoportal_PIG,PIG_ID,1421,cave_context,cave_single_object_assumed
JKTZ-OBJ-000680,TPN,GLOBALID,{7DD54883-CD0B-4435-AC99-BD56A2F25FD5},object,source_object
JKTZ-OBJ-000680,TPN,NR_INWENT,T.E-09.05,cave_context,matched_inventory
JKTZ-OBJ-000681,Geoportal_PIG,PIG_ID,1051,cave_context,cave_single_object_assumed
JKTZ-OBJ-000681,TPN,GLOBALID,{A4FACD90-9DA5-455D-B2C3-5732E8B41ED8},object,source_object
JKTZ-OBJ-000681,TPN,NR_INWENT,T.C-13.05,cave_context,matched_inventory
JKTZ-OBJ-000682,Geoportal_PIG,PIG_ID,1442,cave_context,cave_single_object_assumed
JKTZ-OBJ-000682,TPN,GLOBALID,{20E92310-E70D-4BE2-97B8-0BDB690376CB},object,source_object
JKTZ-OBJ-000682,TPN,NR_INWENT,T.E-09.11,cave_context,matched_inventory
JKTZ-OBJ-000683,Geoportal_PIG,PIG_ID,1099,cave_context,cave_single_object_assumed
JKTZ-OBJ-000683,TPN,GLOBALID,{A729DAFC-15F2-4690-8C06-BABB07B05C73},object,source_object
JKTZ-OBJ-000683,TPN,NR_INWENT,T.D-05.03,cave_context,matched_inventory
JKTZ-OBJ-000684,Geoportal_PIG,PIG_ID,4387,cave_context,cave_single_object_assumed
JKTZ-OBJ-000684,TPN,GLOBALID,{2F864F67-8447-4A52-8693-906136DAA126},object,source_object
JKTZ-OBJ-000684,TPN,NR_INWENT,T.D-05.13,cave_context,matched_inventory
JKTZ-OBJ-000685,TPN,GLOBALID,{59093DE6-709C-4A98-AD99-2C2DD899B772},object,source_object
JKTZ-OBJ-000686,Geoportal_PIG,PIG_ID,1238,cave_context,cave_single_object_assumed
JKTZ-OBJ-000686,TPN,GLOBALID,{1CB5F8E8-4DAE-4D86-A268-2901A67D921A},object,source_object
JKTZ-OBJ-000686,TPN,NR_INWENT,T.D-16.11,cave_context,matched_inventory
JKTZ-OBJ-000687,TPN,GLOBALID,{89A4EBBD-F7FF-4E0D-A814-F643E09C7D1F},object,source_object
JKTZ-OBJ-000688,Geoportal_PIG,PIG_ID,1658,cave_context,cave_single_object_assumed
JKTZ-OBJ-000688,TPN,GLOBALID,{295326D3-B141-4D6D-8368-5AD199538330},object,source_object
JKTZ-OBJ-000688,TPN,NR_INWENT,T.F-09.07,cave_context,matched_inventory
JKTZ-OBJ-000689,TPN,GLOBALID,{34E08E1E-9AB5-42BB-8640-3C73B10D978A},object,source_object
JKTZ-OBJ-000690,TPN,GLOBALID,{1C03AB0C-0DF5-4C20-95D8-07FB3B2F19C6},object,source_object
JKTZ-OBJ-000691,Geoportal_PIG,PIG_ID,4490,cave_context,cave_single_object_assumed
JKTZ-OBJ-000691,TPN,GLOBALID,{E7799056-8754-4539-9804-8A63D5C251B6},object,source_object
JKTZ-OBJ-000691,TPN,NR_INWENT,T.F-09.41,cave_context,matched_inventory
JKTZ-OBJ-000692,Geoportal_PIG,PIG_ID,1431,cave_context,cave_single_object_assumed
JKTZ-OBJ-000692,TPN,GLOBALID,{C7A19E86-2C28-488A-B836-5BB95454937D},object,source_object
JKTZ-OBJ-000692,TPN,NR_INWENT,T.E-08.55,cave_context,matched_inventory
JKTZ-OBJ-000693,TPN,GLOBALID,{65764152-F017-43E3-83AD-3A672092D0BE},object,source_object
JKTZ-OBJ-000694,Geoportal_PIG,PIG_ID,1250,cave_context,cave_single_object_assumed
JKTZ-OBJ-000694,TPN,GLOBALID,{3D779DB5-2C0A-4ACA-838F-837CB10B92C7},object,source_object
JKTZ-OBJ-000694,TPN,NR_INWENT,T.D-17.05,cave_context,matched_inventory
JKTZ-OBJ-000695,Geoportal_PIG,PIG_ID,1047,cave_context,cave_single_object_assumed
JKTZ-OBJ-000695,TPN,GLOBALID,{D2E2DC01-2F50-45DA-B8EC-CE874A3C0A46},object,source_object
JKTZ-OBJ-000695,TPN,NR_INWENT,T.C-13.03,cave_context,matched_inventory
JKTZ-OBJ-000696,Geoportal_PIG,PIG_ID,1237,cave_context,cave_single_object_assumed
JKTZ-OBJ-000696,TPN,GLOBALID,{61615B89-B2AE-4F71-9945-2677002204DC},object,source_object
JKTZ-OBJ-000696,TPN,NR_INWENT,T.D-16.10,cave_context,matched_inventory
JKTZ-OBJ-000697,Geoportal_PIG,PIG_ID,1335,cave_context,cave_single_object_assumed
JKTZ-OBJ-000697,TPN,GLOBALID,{F19E1C88-7DD7-442B-ADAC-22E66574977F},object,source_object
JKTZ-OBJ-000697,TPN,NR_INWENT,T.E-06.12,cave_context,matched_inventory
JKTZ-OBJ-000698,Geoportal_PIG,PIG_ID,1248,cave_context,cave_single_object_assumed
JKTZ-OBJ-000698,TPN,GLOBALID,{64D10D15-4837-482F-A725-DEBAB397039A},object,source_object
JKTZ-OBJ-000698,TPN,NR_INWENT,T.D-12.17,cave_context,matched_inventory
JKTZ-OBJ-000699,Geoportal_PIG,PIG_ID,1521,cave_context,cave_single_object_assumed
JKTZ-OBJ-000699,TPN,GLOBALID,{5FA88085-AACE-43B4-A071-6D20C2C4B1AB},object,source_object
JKTZ-OBJ-000699,TPN,NR_INWENT,T.E-11.29,cave_context,matched_inventory
JKTZ-OBJ-000700,Geoportal_PIG,PIG_ID,1094,cave_context,cave_level_source_record
JKTZ-OBJ-000700,TPN,GLOBALID,{173F7FF9-4243-4A98-994F-090AC19B2905},object,source_object
JKTZ-OBJ-000700,TPN,NR_INWENT,T.D-08.07,cave_context,matched_inventory
JKTZ-OBJ-000701,Geoportal_PIG,PIG_ID,1082,cave_context,cave_single_object_assumed
JKTZ-OBJ-000701,TPN,GLOBALID,{A9150D50-AFB4-45BC-96AA-F74E1DDDD2EB},object,source_object
JKTZ-OBJ-000701,TPN,NR_INWENT,T.D-06.12,cave_context,matched_inventory
JKTZ-OBJ-000702,Geoportal_PIG,PIG_ID,1701,cave_context,cave_single_object_assumed
JKTZ-OBJ-000702,TPN,GLOBALID,{DC69EA53-9BC8-4686-8D78-6901AA0B3615},object,source_object
JKTZ-OBJ-000702,TPN,NR_INWENT,T.F-10.01,cave_context,matched_inventory
JKTZ-OBJ-000703,Geoportal_PIG,PIG_ID,1196,cave_context,cave_single_object_assumed
JKTZ-OBJ-000703,TPN,GLOBALID,{26544190-6761-48E5-A785-82C9F8770F08},object,source_object
JKTZ-OBJ-000703,TPN,NR_INWENT,T.D-10.10,cave_context,matched_inventory
JKTZ-OBJ-000704,Geoportal_PIG,PIG_ID,1315,cave_context,cave_single_object_assumed
JKTZ-OBJ-000704,TPN,GLOBALID,{EC3D26E8-3EF2-429F-A9E2-9A0EAE769683},object,source_object
JKTZ-OBJ-000704,TPN,NR_INWENT,T.E-07.20,cave_context,matched_inventory
JKTZ-OBJ-000705,Geoportal_PIG,PIG_ID,1584,cave_context,cave_single_object_assumed
JKTZ-OBJ-000705,TPN,GLOBALID,{7DE13767-8B01-4844-9360-663713A2AFB2},object,source_object
JKTZ-OBJ-000705,TPN,NR_INWENT,T.E-13.06,cave_context,matched_inventory
JKTZ-OBJ-000706,Geoportal_PIG,PIG_ID,1012,cave_context,cave_single_object_assumed
JKTZ-OBJ-000706,TPN,GLOBALID,{41696577-6EB8-4D71-BDE5-A9CCA5F79FB9},object,source_object
JKTZ-OBJ-000706,TPN,NR_INWENT,T.B-12.04,cave_context,matched_inventory
JKTZ-OBJ-000707,Geoportal_PIG,PIG_ID,979,cave_context,cave_single_object_assumed
JKTZ-OBJ-000707,TPN,GLOBALID,{83869A78-6375-4F82-BC45-CBED0F9B7236},object,source_object
JKTZ-OBJ-000707,TPN,NR_INWENT,T.B-09.11,cave_context,matched_inventory
JKTZ-OBJ-000708,Geoportal_PIG,PIG_ID,1720,cave_context,cave_single_object_assumed
JKTZ-OBJ-000708,TPN,GLOBALID,{EA53B16C-7EFE-4446-B312-53E2EF18A6AE},object,source_object
JKTZ-OBJ-000708,TPN,NR_INWENT,T.F-10.13,cave_context,matched_inventory
JKTZ-OBJ-000709,Geoportal_PIG,PIG_ID,1351,cave_context,cave_single_object_assumed
JKTZ-OBJ-000709,TPN,GLOBALID,{3D465399-A847-4F89-932C-4EB8A276D32E},object,source_object
JKTZ-OBJ-000709,TPN,NR_INWENT,T.E-08.05,cave_context,matched_inventory
JKTZ-OBJ-000710,Geoportal_PIG,PIG_ID,4433,cave_context,cave_single_object_assumed
JKTZ-OBJ-000710,TPN,GLOBALID,{B97D332C-9BD6-4D9F-9D91-1B352CC48F65},object,source_object
JKTZ-OBJ-000710,TPN,NR_INWENT,T.F-11.21,cave_context,matched_inventory
JKTZ-OBJ-000711,Geoportal_PIG,PIG_ID,1487,cave_context,cave_single_object_assumed
JKTZ-OBJ-000711,TPN,GLOBALID,{D8AC40BD-78E3-43CE-A8AD-D30F91A16A0E},object,source_object
JKTZ-OBJ-000711,TPN,NR_INWENT,T.E-11.15,cave_context,matched_inventory
JKTZ-OBJ-000712,Geoportal_PIG,PIG_ID,1675,cave_context,cave_single_object_assumed
JKTZ-OBJ-000712,TPN,GLOBALID,{764EEC91-D596-4ABC-968C-5CCB91C00716},object,source_object
JKTZ-OBJ-000712,TPN,NR_INWENT,T.F-09.16,cave_context,matched_inventory
JKTZ-OBJ-000713,TPN,GLOBALID,{8393A2D7-0BDE-48E7-AE6E-089C8051B123},object,source_object
JKTZ-OBJ-000714,Geoportal_PIG,PIG_ID,1258,cave_context,cave_single_object_assumed
JKTZ-OBJ-000714,TPN,GLOBALID,{8113B0C4-79D8-45C3-A506-457B508FE4B7},object,source_object
JKTZ-OBJ-000714,TPN,NR_INWENT,T.D-12.21,cave_context,matched_inventory
JKTZ-OBJ-000715,TPN,GLOBALID,{2421D669-E136-4ED2-AE27-9BCFE57BC6D7},object,source_object
JKTZ-OBJ-000716,Geoportal_PIG,PIG_ID,4446,cave_context,cave_single_object_assumed
JKTZ-OBJ-000716,TPN,GLOBALID,{C990316E-782B-4DBE-9950-85221E5B8B87},object,source_object
JKTZ-OBJ-000716,TPN,NR_INWENT,T.J-09.01,cave_context,matched_inventory
JKTZ-OBJ-000717,Geoportal_PIG,PIG_ID,1676,cave_context,cave_single_object_assumed
JKTZ-OBJ-000717,TPN,GLOBALID,{A6E61383-A092-42AE-9DB1-A94025A44F16},object,source_object
JKTZ-OBJ-000717,TPN,NR_INWENT,T.F-11.13,cave_context,matched_inventory
JKTZ-OBJ-000718,Geoportal_PIG,PIG_ID,1410,cave_context,cave_single_object_assumed
JKTZ-OBJ-000718,TPN,GLOBALID,{C7EB5F79-B585-41E4-B219-7F3C9A810C2F},object,source_object
JKTZ-OBJ-000718,TPN,NR_INWENT,T.E-08.41,cave_context,matched_inventory
JKTZ-OBJ-000719,Geoportal_PIG,PIG_ID,4434,cave_context,cave_single_object_assumed
JKTZ-OBJ-000719,TPN,GLOBALID,{91874B53-AFAD-461F-B29C-7C2F0786F69B},object,source_object
JKTZ-OBJ-000719,TPN,NR_INWENT,T.F-11.22,cave_context,matched_inventory
JKTZ-OBJ-000720,Geoportal_PIG,PIG_ID,1124,cave_context,cave_single_object_assumed
JKTZ-OBJ-000720,TPN,GLOBALID,{8E0F8AD4-90C0-4C1A-AFB2-4DF81B3985F5},object,source_object
JKTZ-OBJ-000720,TPN,NR_INWENT,T.D-08.35,cave_context,matched_inventory
JKTZ-OBJ-000721,TPN,GLOBALID,{5AB5C041-C89D-4653-B05B-31EA2E8EB461},object,source_object
JKTZ-OBJ-000722,Geoportal_PIG,PIG_ID,1479,cave_context,cave_single_object_assumed
JKTZ-OBJ-000722,TPN,GLOBALID,{6028A57D-EF11-4296-BDBA-5DC639D14F39},object,source_object
JKTZ-OBJ-000722,TPN,NR_INWENT,T.E-09.31,cave_context,matched_inventory
JKTZ-OBJ-000723,Geoportal_PIG,PIG_ID,1246,cave_context,cave_single_object_assumed
JKTZ-OBJ-000723,TPN,GLOBALID,{2C544599-D64B-4911-8940-973FE33F8F81},object,source_object
JKTZ-OBJ-000723,TPN,NR_INWENT,T.D-12.16,cave_context,matched_inventory
JKTZ-OBJ-000724,Geoportal_PIG,PIG_ID,1122,cave_context,cave_single_object_assumed
JKTZ-OBJ-000724,TPN,GLOBALID,{E1E6FD89-D23C-4B2E-818C-7F16FAF9251A},object,source_object
JKTZ-OBJ-000724,TPN,NR_INWENT,T.D-08.33,cave_context,matched_inventory
JKTZ-OBJ-000725,Geoportal_PIG,PIG_ID,1667,cave_context,cave_single_object_assumed
JKTZ-OBJ-000725,TPN,GLOBALID,{9633BE48-B494-4D12-A92D-7A0900CA7D46},object,source_object
JKTZ-OBJ-000725,TPN,NR_INWENT,T.F-09.13,cave_context,matched_inventory
JKTZ-OBJ-000726,Geoportal_PIG,PIG_ID,1488,cave_context,cave_single_object_assumed
JKTZ-OBJ-000726,TPN,GLOBALID,{8957DFC3-DD21-4E3C-94E6-374D9BCB1D9B},object,source_object
JKTZ-OBJ-000726,TPN,NR_INWENT,T.E-09.36,cave_context,matched_inventory
JKTZ-OBJ-000727,Geoportal_PIG,PIG_ID,1195,cave_context,cave_single_object_assumed
JKTZ-OBJ-000727,TPN,GLOBALID,{3C126795-BABC-4D81-B482-270C24629384},object,source_object
JKTZ-OBJ-000727,TPN,NR_INWENT,T.D-10.09,cave_context,matched_inventory
JKTZ-OBJ-000728,Geoportal_PIG,PIG_ID,1252,cave_context,cave_single_object_assumed
JKTZ-OBJ-000728,TPN,GLOBALID,{CC4B47CE-2FAC-48A4-845F-72491B53A27A},object,source_object
JKTZ-OBJ-000728,TPN,NR_INWENT,T.D-17.07,cave_context,matched_inventory
JKTZ-OBJ-000729,Geoportal_PIG,PIG_ID,4328,cave_context,cave_single_object_assumed
JKTZ-OBJ-000729,TPN,GLOBALID,{607C3858-E4FD-4470-982E-19DEC353648D},object,source_object
JKTZ-OBJ-000729,TPN,NR_INWENT,T.E-08.70,cave_context,matched_inventory
JKTZ-OBJ-000730,Geoportal_PIG,PIG_ID,4373,cave_context,cave_single_object_assumed
JKTZ-OBJ-000730,TPN,GLOBALID,{50026E60-AAE0-43B5-914D-445812703942},object,source_object
JKTZ-OBJ-000730,TPN,NR_INWENT,T.E-09.45,cave_context,matched_inventory
JKTZ-OBJ-000731,Geoportal_PIG,PIG_ID,953,cave_context,cave_single_object_assumed
JKTZ-OBJ-000731,TPN,GLOBALID,{74D4DC1C-397E-4AB7-9F58-1F8AFBD78271},object,source_object
JKTZ-OBJ-000731,TPN,NR_INWENT,T.A-17.01,cave_context,matched_inventory
JKTZ-OBJ-000732,TPN,GLOBALID,{F3B07F48-0F30-4692-BBCA-96A387DF1FC5},object,source_object
JKTZ-OBJ-000733,Geoportal_PIG,PIG_ID,11291,cave_context,cave_single_object_assumed
JKTZ-OBJ-000733,TPN,GLOBALID,{E3C4A1C1-1996-48CB-8DE0-CD005E08AB08},object,source_object
JKTZ-OBJ-000733,TPN,NR_INWENT,T.D-13.09,cave_context,matched_inventory
JKTZ-OBJ-000734,Geoportal_PIG,PIG_ID,1245,cave_context,cave_single_object_assumed
JKTZ-OBJ-000734,TPN,GLOBALID,{B8FBBD2C-A9E1-4CFA-AAD4-14B6DC403C0C},object,source_object
JKTZ-OBJ-000734,TPN,NR_INWENT,T.D-17.01,cave_context,matched_inventory
JKTZ-OBJ-000735,Geoportal_PIG,PIG_ID,1217,cave_context,cave_single_object_assumed
JKTZ-OBJ-000735,TPN,GLOBALID,{EFB77251-48CB-43CC-B6BC-9D1D9F6B8F3F},object,source_object
JKTZ-OBJ-000735,TPN,NR_INWENT,T.D-14.04,cave_context,matched_inventory
JKTZ-OBJ-000736,Geoportal_PIG,PIG_ID,1680,cave_context,cave_single_object_assumed
JKTZ-OBJ-000736,TPN,GLOBALID,{9B08A3B1-416C-4516-8795-A87062191FD2},object,source_object
JKTZ-OBJ-000736,TPN,NR_INWENT,T.F-12.01,cave_context,matched_inventory
JKTZ-OBJ-000737,Geoportal_PIG,PIG_ID,1620,cave_context,cave_single_object_assumed
JKTZ-OBJ-000737,TPN,GLOBALID,{4596EBA1-798E-4BFD-9811-26A6355E5464},object,source_object
JKTZ-OBJ-000737,TPN,NR_INWENT,T.E-13.19,cave_context,matched_inventory
JKTZ-OBJ-000738,Geoportal_PIG,PIG_ID,1542,cave_context,cave_single_object_assumed
JKTZ-OBJ-000738,TPN,GLOBALID,{114AF8F2-4DBC-49D0-BED6-F85CAC8FCD7E},object,source_object
JKTZ-OBJ-000738,TPN,NR_INWENT,T.E-12.10,cave_context,matched_inventory
JKTZ-OBJ-000739,Geoportal_PIG,PIG_ID,496,cave_context,cave_single_object_assumed
JKTZ-OBJ-000739,TPN,GLOBALID,{4F3D8007-20EB-412A-A46E-FE1721713639},object,source_object
JKTZ-OBJ-000739,TPN,NR_INWENT,T.E-13.01,cave_context,matched_inventory
JKTZ-OBJ-000740,TPN,GLOBALID,{707B1C99-9EF6-457B-802C-D1B009933612},object,source_object
JKTZ-OBJ-000741,TPN,GLOBALID,{35C7E917-A53F-4A9B-AB4A-7D44B6B7915E},object,source_object
JKTZ-OBJ-000742,TPN,GLOBALID,{F44F49D6-8702-477C-99CC-83278DFA8C32},object,source_object
JKTZ-OBJ-000743,Geoportal_PIG,PIG_ID,1413,cave_context,cave_single_object_assumed
JKTZ-OBJ-000743,TPN,GLOBALID,{4E07A949-607F-4A3A-AD34-2921F3660890},object,source_object
JKTZ-OBJ-000743,TPN,NR_INWENT,T.E-08.43,cave_context,matched_inventory
JKTZ-OBJ-000744,Geoportal_PIG,PIG_ID,1085,cave_context,cave_single_object_assumed
JKTZ-OBJ-000744,TPN,GLOBALID,{1B063C24-A127-41E2-87E8-9C3F271FF79B},object,source_object
JKTZ-OBJ-000744,TPN,NR_INWENT,T.D-06.15,cave_context,matched_inventory
JKTZ-OBJ-000745,Geoportal_PIG,PIG_ID,1502,cave_context,cave_single_object_assumed
JKTZ-OBJ-000745,TPN,GLOBALID,{2ABF287A-F4BB-41EE-9481-9347512E18A6},object,source_object
JKTZ-OBJ-000745,TPN,NR_INWENT,T.E-11.21,cave_context,matched_inventory
JKTZ-OBJ-000746,Geoportal_PIG,PIG_ID,1273,cave_context,cave_single_object_assumed
JKTZ-OBJ-000746,TPN,GLOBALID,{781BAA2F-37F9-41B5-B9E8-CA37F560E463},object,source_object
JKTZ-OBJ-000746,TPN,NR_INWENT,T.D-18.02,cave_context,matched_inventory
JKTZ-OBJ-000747,Geoportal_PIG,PIG_ID,1662,cave_context,cave_single_object_assumed
JKTZ-OBJ-000747,TPN,GLOBALID,{6B5E19D2-8F06-4BF1-9144-08290C5063AD},object,source_object
JKTZ-OBJ-000747,TPN,NR_INWENT,T.E-25.01,cave_context,matched_inventory
JKTZ-OBJ-000748,Geoportal_PIG,PIG_ID,1352,cave_context,cave_single_object_assumed
JKTZ-OBJ-000748,TPN,GLOBALID,{069E157B-F7B8-47A9-84D7-BE52ECE92ECF},object,source_object
JKTZ-OBJ-000748,TPN,NR_INWENT,T.E-07.45,cave_context,matched_inventory
JKTZ-OBJ-000749,Geoportal_PIG,PIG_ID,1310,cave_context,cave_single_object_assumed
JKTZ-OBJ-000749,TPN,GLOBALID,{3312298E-CAF0-4380-AC6C-35F11D4DB105},object,source_object
JKTZ-OBJ-000749,TPN,NR_INWENT,T.E-07.15,cave_context,matched_inventory
JKTZ-OBJ-000750,Geoportal_PIG,PIG_ID,1050,cave_context,cave_single_object_assumed
JKTZ-OBJ-000750,TPN,GLOBALID,{81712475-F2DF-46A3-8337-99E16CBCAD17},object,source_object
JKTZ-OBJ-000750,TPN,NR_INWENT,T.C-13.04,cave_context,matched_inventory
JKTZ-OBJ-000751,Geoportal_PIG,PIG_ID,11059,cave_context,cave_single_object_assumed
JKTZ-OBJ-000751,TPN,GLOBALID,{33F96199-0B06-403E-BB79-DA2335AE77C4},object,source_object
JKTZ-OBJ-000751,TPN,NR_INWENT,T.E-13.32,cave_context,matched_inventory
JKTZ-OBJ-000752,Geoportal_PIG,PIG_ID,1582,cave_context,cave_single_object_assumed
JKTZ-OBJ-000752,TPN,GLOBALID,{FC571A5A-9E84-46EF-B4B4-A9B2E1040D08},object,source_object
JKTZ-OBJ-000752,TPN,NR_INWENT,T.E-12.45,cave_context,matched_inventory
JKTZ-OBJ-000753,Geoportal_PIG,PIG_ID,1469,cave_context,cave_single_object_assumed
JKTZ-OBJ-000753,TPN,GLOBALID,{2E4C8A2F-D6D3-4073-8747-DA85E8F3BA3E},object,source_object
JKTZ-OBJ-000753,TPN,NR_INWENT,T.E-11.02,cave_context,matched_inventory
JKTZ-OBJ-000754,TPN,GLOBALID,{7FD8BAB1-A46D-4ABA-8DEC-683933F2CAFD},object,source_object
JKTZ-OBJ-000755,TPN,GLOBALID,{66B3CF2A-364B-4A5A-BCE4-53EA7F74F4CA},object,source_object
JKTZ-OBJ-000756,Geoportal_PIG,PIG_ID,1500,cave_context,cave_single_object_assumed
JKTZ-OBJ-000756,TPN,GLOBALID,{9CD8A8CB-FBD5-447B-842B-2D4C1552B367},object,source_object
JKTZ-OBJ-000756,TPN,NR_INWENT,T.E-11.42,cave_context,matched_inventory
JKTZ-OBJ-000757,TPN,GLOBALID,{5BD9E6E5-330D-45C1-BB5B-27F0A57D8CF0},object,source_object
JKTZ-OBJ-000758,Geoportal_PIG,PIG_ID,1484,cave_context,cave_single_object_assumed
JKTZ-OBJ-000758,TPN,GLOBALID,{7E9C3D95-A09F-4D78-9629-C331F80C637F},object,source_object
JKTZ-OBJ-000758,TPN,NR_INWENT,T.E-11.14,cave_context,matched_inventory
JKTZ-OBJ-000759,Geoportal_PIG,PIG_ID,1349,cave_context,cave_level_source_record
JKTZ-OBJ-000759,TPN,GLOBALID,{01A58CFE-5670-42A3-ADE1-715CF1F1E7A4},object,source_object
JKTZ-OBJ-000759,TPN,NR_INWENT,T.E-08.04,cave_context,matched_inventory
JKTZ-OBJ-000760,Geoportal_PIG,PIG_ID,1388,cave_context,cave_single_object_assumed
JKTZ-OBJ-000760,TPN,GLOBALID,{A7FDBA99-2690-4E5D-9B11-6E4E70EE306B},object,source_object
JKTZ-OBJ-000760,TPN,NR_INWENT,T.E-08.10,cave_context,matched_inventory
JKTZ-OBJ-000761,Geoportal_PIG,PIG_ID,1683,cave_context,cave_single_object_assumed
JKTZ-OBJ-000761,TPN,GLOBALID,{315D798D-E0B0-4952-AC05-93BC41FD6F72},object,source_object
JKTZ-OBJ-000761,TPN,NR_INWENT,T.F-09.21,cave_context,matched_inventory
JKTZ-OBJ-000762,Geoportal_PIG,PIG_ID,1611,cave_context,cave_single_object_assumed
JKTZ-OBJ-000762,TPN,GLOBALID,{EE9B7E38-0583-41B5-8830-9F0D3183CC31},object,source_object
JKTZ-OBJ-000762,TPN,NR_INWENT,T.E-12.63,cave_context,matched_inventory
JKTZ-OBJ-000763,Geoportal_PIG,PIG_ID,1705,cave_context,cave_single_object_assumed
JKTZ-OBJ-000763,TPN,GLOBALID,{ECE55B1D-8772-43EB-85B7-F5B1C8D886C6},object,source_object
JKTZ-OBJ-000763,TPN,NR_INWENT,T.F-10.02,cave_context,matched_inventory
JKTZ-OBJ-000764,Geoportal_PIG,PIG_ID,1623,cave_context,cave_single_object_assumed
JKTZ-OBJ-000764,TPN,GLOBALID,{444496BC-C16D-492C-AC5B-0FA45E9ADD78},object,source_object
JKTZ-OBJ-000764,TPN,NR_INWENT,T.E-13.22,cave_context,matched_inventory
JKTZ-OBJ-000765,Geoportal_PIG,PIG_ID,1688,cave_context,cave_single_object_assumed
JKTZ-OBJ-000765,TPN,GLOBALID,{F56EFD6C-15FF-48CE-BF53-A33738E3BDDF},object,source_object
JKTZ-OBJ-000765,TPN,NR_INWENT,T.F-09.27,cave_context,matched_inventory
JKTZ-OBJ-000766,Geoportal_PIG,PIG_ID,1475,cave_context,cave_single_object_assumed
JKTZ-OBJ-000766,TPN,GLOBALID,{70F662B2-3D79-4BCA-9C24-971DD57D8DBF},object,source_object
JKTZ-OBJ-000766,TPN,NR_INWENT,T.E-11.10,cave_context,matched_inventory
JKTZ-OBJ-000767,TPN,GLOBALID,{5A05ABCB-F94D-478E-B4F7-EDC0F40B9D69},object,source_object
JKTZ-OBJ-000768,Geoportal_PIG,PIG_ID,1160,cave_context,cave_single_object_assumed
JKTZ-OBJ-000768,TPN,GLOBALID,{19484418-EF5D-48EA-92E9-F424A9F7D3A5},object,source_object
JKTZ-OBJ-000768,TPN,NR_INWENT,T.D-08.52,cave_context,matched_inventory
JKTZ-OBJ-000769,Geoportal_PIG,PIG_ID,1220,cave_context,cave_single_object_assumed
JKTZ-OBJ-000769,TPN,GLOBALID,{FB4A2A89-B8BF-4B13-A919-9EA7275B42B0},object,source_object
JKTZ-OBJ-000769,TPN,NR_INWENT,T.D-14.07,cave_context,matched_inventory
JKTZ-OBJ-000770,Geoportal_PIG,PIG_ID,1724,cave_context,cave_single_object_assumed
JKTZ-OBJ-000770,TPN,GLOBALID,{1EA40E28-3959-4489-BE4D-320BB3821154},object,source_object
JKTZ-OBJ-000770,TPN,NR_INWENT,T.K-21.01,cave_context,matched_inventory
JKTZ-OBJ-000771,Geoportal_PIG,PIG_ID,1174,cave_context,cave_single_object_assumed
JKTZ-OBJ-000771,TPN,GLOBALID,{FF2E3D30-4435-485B-8B52-87596B98961B},object,source_object
JKTZ-OBJ-000771,TPN,NR_INWENT,T.D-09.05,cave_context,matched_inventory
JKTZ-OBJ-000772,Geoportal_PIG,PIG_ID,4466,cave_context,cave_single_object_assumed
JKTZ-OBJ-000772,TPN,GLOBALID,{255F6EBD-01AB-4DC0-B4C5-363DC5A6805D},object,source_object
JKTZ-OBJ-000772,TPN,NR_INWENT,T.F-09.38,cave_context,matched_inventory
JKTZ-OBJ-000773,Geoportal_PIG,PIG_ID,11042,cave_context,cave_single_object_assumed
JKTZ-OBJ-000773,TPN,GLOBALID,{4DB0090D-4B30-4855-9A30-0E0D5644EC74},object,source_object
JKTZ-OBJ-000773,TPN,NR_INWENT,T.A-24.05,cave_context,matched_inventory
JKTZ-OBJ-000774,Geoportal_PIG,PIG_ID,1552,cave_context,cave_single_object_assumed
JKTZ-OBJ-000774,TPN,GLOBALID,{4CFB2CA8-A771-4734-920B-C7F7AC248655},object,source_object
JKTZ-OBJ-000774,TPN,NR_INWENT,T.E-12.17,cave_context,matched_inventory
JKTZ-OBJ-000775,TPN,GLOBALID,{96B9A3DD-2F35-400C-A96C-A5B21625EC24},object,source_object
JKTZ-OBJ-000776,Geoportal_PIG,PIG_ID,4171,cave_context,cave_single_object_assumed
JKTZ-OBJ-000776,TPN,GLOBALID,{88AB16CE-FB30-4055-AD7A-CAF37AC79511},object,source_object
JKTZ-OBJ-000776,TPN,NR_INWENT,T.D-18.11,cave_context,matched_inventory
JKTZ-OBJ-000777,Geoportal_PIG,PIG_ID,4388,cave_context,cave_single_object_assumed
JKTZ-OBJ-000777,TPN,GLOBALID,{E5D3814D-74F8-4440-B456-1ACF39F570A6},object,source_object
JKTZ-OBJ-000777,TPN,NR_INWENT,T.E-09.47,cave_context,matched_inventory
JKTZ-OBJ-000778,Geoportal_PIG,PIG_ID,1015,cave_context,cave_single_object_assumed
JKTZ-OBJ-000778,TPN,GLOBALID,{E5496BE7-4118-4DF8-A370-BC677168CEFB},object,source_object
JKTZ-OBJ-000778,TPN,NR_INWENT,T.B-12.08,cave_context,matched_inventory
JKTZ-OBJ-000779,Geoportal_PIG,PIG_ID,11039,cave_context,cave_single_object_assumed
JKTZ-OBJ-000779,TPN,GLOBALID,{0C6BB0DB-F665-418B-ACAB-686DE70912E6},object,source_object
JKTZ-OBJ-000779,TPN,NR_INWENT,T.A-24.04,cave_context,matched_inventory
JKTZ-OBJ-000780,Geoportal_PIG,PIG_ID,1242,cave_context,cave_single_object_assumed
JKTZ-OBJ-000780,TPN,GLOBALID,{A283E1DF-1674-4B26-9B78-3A321272009D},object,source_object
JKTZ-OBJ-000780,TPN,NR_INWENT,T.D-12.14,cave_context,matched_inventory
JKTZ-OBJ-000781,Geoportal_PIG,PIG_ID,1221,cave_context,cave_single_object_assumed
JKTZ-OBJ-000781,TPN,GLOBALID,{BD2B5E3B-74AC-4D67-BEA5-1042034D9453},object,source_object
JKTZ-OBJ-000781,TPN,NR_INWENT,T.D-15.01,cave_context,matched_inventory
JKTZ-OBJ-000782,Geoportal_PIG,PIG_ID,1058,cave_context,cave_single_object_assumed
JKTZ-OBJ-000782,TPN,GLOBALID,{77B2EB4E-1963-4758-8294-4C47B7C638FD},object,source_object
JKTZ-OBJ-000782,TPN,NR_INWENT,T.C-15.07,cave_context,matched_inventory
JKTZ-OBJ-000783,Geoportal_PIG,PIG_ID,1031,cave_context,cave_single_object_assumed
JKTZ-OBJ-000783,TPN,GLOBALID,{15727EBA-3547-418B-A741-4EEF7303A0AD},object,source_object
JKTZ-OBJ-000783,TPN,NR_INWENT,T.B-17.01,cave_context,matched_inventory
JKTZ-OBJ-000784,Geoportal_PIG,PIG_ID,1439,cave_context,cave_single_object_assumed
JKTZ-OBJ-000784,TPN,GLOBALID,{B4F296BB-BE0D-4795-AA39-094016CE4391},object,source_object
JKTZ-OBJ-000784,TPN,NR_INWENT,T.E-08.63,cave_context,matched_inventory
JKTZ-OBJ-000785,Geoportal_PIG,PIG_ID,1532,cave_context,cave_single_object_assumed
JKTZ-OBJ-000785,TPN,GLOBALID,{A9BD9455-6C88-479A-A94C-ACC54C9618F3},object,source_object
JKTZ-OBJ-000785,TPN,NR_INWENT,T.E-11.59,cave_context,matched_inventory
JKTZ-OBJ-000786,Geoportal_PIG,PIG_ID,1203,cave_context,cave_single_object_assumed
JKTZ-OBJ-000786,TPN,GLOBALID,{417D3F87-6518-4E45-BF90-76F8F56A6891},object,source_object
JKTZ-OBJ-000786,TPN,NR_INWENT,T.D-12.01,cave_context,matched_inventory
JKTZ-OBJ-000787,Geoportal_PIG,PIG_ID,1568,cave_context,cave_single_object_assumed
JKTZ-OBJ-000787,TPN,GLOBALID,{81958D61-ECFF-4A25-A80D-BC8CEA1FC7DF},object,source_object
JKTZ-OBJ-000787,TPN,NR_INWENT,T.E-12.33,cave_context,matched_inventory
JKTZ-OBJ-000788,Geoportal_PIG,PIG_ID,4409,cave_context,cave_single_object_assumed
JKTZ-OBJ-000788,TPN,GLOBALID,{EF904F59-7821-4046-A316-EFCB6779A2A8},object,source_object
JKTZ-OBJ-000788,TPN,NR_INWENT,T.E-12.70,cave_context,matched_inventory
JKTZ-OBJ-000789,Geoportal_PIG,PIG_ID,1712,cave_context,cave_single_object_assumed
JKTZ-OBJ-000789,TPN,GLOBALID,{6BB8CD77-432C-41B9-B327-E507A43FB2B1},object,source_object
JKTZ-OBJ-000789,TPN,NR_INWENT,T.F-10.09,cave_context,matched_inventory
JKTZ-OBJ-000790,Geoportal_PIG,PIG_ID,980,cave_context,cave_single_object_assumed
JKTZ-OBJ-000790,TPN,GLOBALID,{5123CDFE-38A4-483D-BA34-296F32DDAC26},object,source_object
JKTZ-OBJ-000790,TPN,NR_INWENT,T.D-06.04,cave_context,matched_inventory
JKTZ-OBJ-000791,TPN,GLOBALID,{1A017868-8A43-4087-8959-E696E12E68D0},object,source_object
JKTZ-OBJ-000792,Geoportal_PIG,PIG_ID,1337,cave_context,cave_single_object_assumed
JKTZ-OBJ-000792,TPN,GLOBALID,{445CD659-54B4-4C12-B5DD-3D75678BD427},object,source_object
JKTZ-OBJ-000792,TPN,NR_INWENT,T.E-07.33,cave_context,matched_inventory
JKTZ-OBJ-000793,Geoportal_PIG,PIG_ID,4415,cave_context,cave_single_object_assumed
JKTZ-OBJ-000793,TPN,GLOBALID,{0729F655-7478-4270-A08E-FFC931A7215F},object,source_object
JKTZ-OBJ-000793,TPN,NR_INWENT,T.F-10.21,cave_context,matched_inventory
JKTZ-OBJ-000794,Geoportal_PIG,PIG_ID,1040,cave_context,cave_single_object_assumed
JKTZ-OBJ-000794,TPN,GLOBALID,{C25B7F3E-CC78-47C7-9237-8863C5ED5663},object,source_object
JKTZ-OBJ-000794,TPN,NR_INWENT,T.C-05.04,cave_context,matched_inventory
JKTZ-OBJ-000795,Geoportal_PIG,PIG_ID,4491,cave_context,cave_single_object_assumed
JKTZ-OBJ-000795,TPN,GLOBALID,{EE0F6F13-F675-43B3-8423-4BBB0B263580},object,source_object
JKTZ-OBJ-000795,TPN,NR_INWENT,T.F-09.42,cave_context,matched_inventory
JKTZ-OBJ-000796,Geoportal_PIG,PIG_ID,4419,cave_context,cave_single_object_assumed
JKTZ-OBJ-000796,TPN,GLOBALID,{A976A565-9356-4C2D-9485-31F8F167E5D2},object,source_object
JKTZ-OBJ-000796,TPN,NR_INWENT,T.F-10.24,cave_context,matched_inventory
JKTZ-OBJ-000797,Geoportal_PIG,PIG_ID,1652,cave_context,cave_single_object_assumed
JKTZ-OBJ-000797,TPN,GLOBALID,{4B7B7082-8D13-4190-A062-BFA884FDB62B},object,source_object
JKTZ-OBJ-000797,TPN,NR_INWENT,T.F-09.01,cave_context,matched_inventory
JKTZ-OBJ-000798,Geoportal_PIG,PIG_ID,4430,cave_context,cave_single_object_assumed
JKTZ-OBJ-000798,TPN,GLOBALID,{42DF76DE-54B3-49CB-A115-A20A09F4F0FE},object,source_object
JKTZ-OBJ-000798,TPN,NR_INWENT,T.F-11.18,cave_context,matched_inventory
JKTZ-OBJ-000799,TPN,GLOBALID,{02346839-21F2-4D2C-BD00-1C9AD8615175},object,source_object
JKTZ-OBJ-000800,Geoportal_PIG,PIG_ID,1718,cave_context,cave_single_object_assumed
JKTZ-OBJ-000800,TPN,GLOBALID,{49CA1C93-B861-42C0-B6E6-BF67746E362F},object,source_object
JKTZ-OBJ-000800,TPN,NR_INWENT,T.F-10.12,cave_context,matched_inventory
JKTZ-OBJ-000801,Geoportal_PIG,PIG_ID,1458,cave_context,cave_single_object_assumed
JKTZ-OBJ-000801,TPN,GLOBALID,{40BABACA-2961-4151-B400-51D2DD77EF40},object,source_object
JKTZ-OBJ-000801,TPN,NR_INWENT,T.E-09.20,cave_context,matched_inventory
JKTZ-OBJ-000802,Geoportal_PIG,PIG_ID,1513,cave_context,cave_single_object_assumed
JKTZ-OBJ-000802,TPN,GLOBALID,{2D358179-7FC1-4894-AF4D-EA740E5CD480},object,source_object
JKTZ-OBJ-000802,TPN,NR_INWENT,T.E-11.50,cave_context,matched_inventory
JKTZ-OBJ-000803,Geoportal_PIG,PIG_ID,1121,cave_context,cave_single_object_assumed
JKTZ-OBJ-000803,TPN,GLOBALID,{EE45B18B-1B00-45BC-B655-689834DBF031},object,source_object
JKTZ-OBJ-000803,TPN,NR_INWENT,T.D-08.32,cave_context,matched_inventory
JKTZ-OBJ-000804,TPN,GLOBALID,{08B81C36-6909-4560-B876-9C7A04390725},object,source_object
JKTZ-OBJ-000805,Geoportal_PIG,PIG_ID,1334,cave_context,cave_single_object_assumed
JKTZ-OBJ-000805,TPN,GLOBALID,{F80E3E91-D908-43A5-987D-65E6975D9B6D},object,source_object
JKTZ-OBJ-000805,TPN,NR_INWENT,T.E-06.11,cave_context,matched_inventory
JKTZ-OBJ-000806,Geoportal_PIG,PIG_ID,4866,cave_context,cave_single_object_assumed
JKTZ-OBJ-000806,TPN,GLOBALID,{31D459BD-1132-4763-98AE-E6C6299C44F5},object,source_object
JKTZ-OBJ-000806,TPN,NR_INWENT,T.E-11.71,cave_context,matched_inventory
JKTZ-OBJ-000807,Geoportal_PIG,PIG_ID,1506,cave_context,cave_single_object_assumed
JKTZ-OBJ-000807,TPN,GLOBALID,{0439D7C5-6300-4945-8025-2A86C81E20DB},object,source_object
JKTZ-OBJ-000807,TPN,NR_INWENT,T.E-11.25,cave_context,matched_inventory
JKTZ-OBJ-000808,TPN,GLOBALID,{EC925837-5DE2-441A-946A-B65996D0A6A4},object,source_object
JKTZ-OBJ-000809,Geoportal_PIG,PIG_ID,1062,cave_context,cave_single_object_assumed
JKTZ-OBJ-000809,TPN,GLOBALID,{F10D0469-BF4E-4F09-9619-17E434E6D204},object,source_object
JKTZ-OBJ-000809,TPN,NR_INWENT,T.C-15.11,cave_context,matched_inventory
JKTZ-OBJ-000810,Geoportal_PIG,PIG_ID,4429,cave_context,cave_single_object_assumed
JKTZ-OBJ-000810,TPN,GLOBALID,{F7ED4066-4249-46A1-BD73-0532D43BC278},object,source_object
JKTZ-OBJ-000810,TPN,NR_INWENT,T.F-11.17,cave_context,matched_inventory
JKTZ-OBJ-000811,Geoportal_PIG,PIG_ID,1656,cave_context,cave_single_object_assumed
JKTZ-OBJ-000811,TPN,GLOBALID,{56768C10-58D4-4635-9BA6-35F9C835FF1A},object,source_object
JKTZ-OBJ-000811,TPN,NR_INWENT,T.F-09.05,cave_context,matched_inventory
JKTZ-OBJ-000812,Geoportal_PIG,PIG_ID,1107,cave_context,cave_single_object_assumed
JKTZ-OBJ-000812,TPN,GLOBALID,{76410591-1AEE-45D6-8967-EBA6905FCD65},object,source_object
JKTZ-OBJ-000812,TPN,NR_INWENT,T.D-08.17,cave_context,matched_inventory
JKTZ-OBJ-000813,Geoportal_PIG,PIG_ID,1223,cave_context,cave_single_object_assumed
JKTZ-OBJ-000813,TPN,GLOBALID,{1EE240CA-4B40-4ED9-B76A-EF432184B618},object,source_object
JKTZ-OBJ-000813,TPN,NR_INWENT,T.D-12.08,cave_context,matched_inventory
JKTZ-OBJ-000814,Geoportal_PIG,PIG_ID,1560,cave_context,cave_single_object_assumed
JKTZ-OBJ-000814,TPN,GLOBALID,{2FD22324-F388-411B-936F-A9855AE8A907},object,source_object
JKTZ-OBJ-000814,TPN,NR_INWENT,T.E-12.25,cave_context,matched_inventory
JKTZ-OBJ-000815,Geoportal_PIG,PIG_ID,1684,cave_context,cave_single_object_assumed
JKTZ-OBJ-000815,TPN,GLOBALID,{8362EC78-4722-4729-A488-E1F8D32B741F},object,source_object
JKTZ-OBJ-000815,TPN,NR_INWENT,T.F-09.22,cave_context,matched_inventory
JKTZ-OBJ-000816,Geoportal_PIG,PIG_ID,1321,cave_context,cave_single_object_assumed
JKTZ-OBJ-000816,TPN,GLOBALID,{6CE94674-5AC1-47CA-BE15-F216270A5E9A},object,source_object
JKTZ-OBJ-000816,TPN,NR_INWENT,T.E-06.05,cave_context,matched_inventory
JKTZ-OBJ-000817,Geoportal_PIG,PIG_ID,1069,cave_context,cave_single_object_assumed
JKTZ-OBJ-000817,TPN,GLOBALID,{84BD5A03-8EAF-4617-8EB5-A5A297F25D8F},object,source_object
JKTZ-OBJ-000817,TPN,NR_INWENT,T.D-04.03,cave_context,matched_inventory
JKTZ-OBJ-000818,TPN,GLOBALID,{717DBA7D-61BC-42EF-8F76-144786FC6700},object,source_object
JKTZ-OBJ-000819,Geoportal_PIG,PIG_ID,4718,cave_context,cave_single_object_assumed
JKTZ-OBJ-000819,TPN,GLOBALID,{0AE8810A-0B9D-4603-AFAA-4B699DAF628B},object,source_object
JKTZ-OBJ-000819,TPN,NR_INWENT,T.D-22.03,cave_context,matched_inventory
JKTZ-OBJ-000820,Geoportal_PIG,PIG_ID,1749,cave_context,cave_single_object_assumed
JKTZ-OBJ-000820,TPN,GLOBALID,{DAFFA933-33D7-464B-99E0-1DCEE5E46988},object,source_object
JKTZ-OBJ-000820,TPN,NR_INWENT,T.Z-18.01,cave_context,matched_inventory
JKTZ-OBJ-000821,Geoportal_PIG,PIG_ID,1017,cave_context,cave_single_object_assumed
JKTZ-OBJ-000821,TPN,GLOBALID,{5F218182-F7B3-4C5D-9976-3C8D5D0B10D1},object,source_object
JKTZ-OBJ-000821,TPN,NR_INWENT,T.B-13.01,cave_context,matched_inventory
JKTZ-OBJ-000822,Geoportal_PIG,PIG_ID,4826,cave_context,cave_single_object_assumed
JKTZ-OBJ-000822,TPN,GLOBALID,{DE04BC2C-8E52-43A7-8881-0677C9A98590},object,source_object
JKTZ-OBJ-000822,TPN,NR_INWENT,T.E-13.30,cave_context,matched_inventory
JKTZ-OBJ-000823,Geoportal_PIG,PIG_ID,4126,cave_context,cave_single_object_assumed
JKTZ-OBJ-000823,TPN,GLOBALID,{222B5960-DC2D-45DA-A3CB-ECFF4B6B0F3D},object,source_object
JKTZ-OBJ-000823,TPN,NR_INWENT,T.D-08.64,cave_context,matched_inventory
JKTZ-OBJ-000824,TPN,GLOBALID,{8EA8C6EF-B11F-40E9-8D87-239BEBB14CCE},object,source_object
JKTZ-OBJ-000825,TPN,GLOBALID,{E8A95D46-668D-4C6C-81BA-7D7934C67AC9},object,source_object
JKTZ-OBJ-000826,Geoportal_PIG,PIG_ID,4410,cave_context,cave_single_object_assumed
JKTZ-OBJ-000826,TPN,GLOBALID,{BB1588FD-7C1C-45C8-BF65-2C4F8D461263},object,source_object
JKTZ-OBJ-000826,TPN,NR_INWENT,T.F-09.25,cave_context,matched_inventory
JKTZ-OBJ-000827,Geoportal_PIG,PIG_ID,1730,cave_context,cave_single_object_assumed
JKTZ-OBJ-000827,TPN,GLOBALID,{95A15507-01C4-41CB-82DA-858B44498FE4},object,source_object
JKTZ-OBJ-000827,TPN,NR_INWENT,T.F-10.19,cave_context,matched_inventory
JKTZ-OBJ-000828,Geoportal_PIG,PIG_ID,1399,cave_context,cave_single_object_assumed
JKTZ-OBJ-000828,TPN,GLOBALID,{9FF24BB9-330C-4043-8BEE-46841B9A2DD6},object,source_object
JKTZ-OBJ-000828,TPN,NR_INWENT,T.E-08.31,cave_context,matched_inventory
JKTZ-OBJ-000829,Geoportal_PIG,PIG_ID,1576,cave_context,cave_single_object_assumed
JKTZ-OBJ-000829,TPN,GLOBALID,{A588E4CA-D489-4EFA-8864-B4DE76CE5344},object,source_object
JKTZ-OBJ-000829,TPN,NR_INWENT,T.E-12.40,cave_context,matched_inventory
JKTZ-OBJ-000830,Geoportal_PIG,PIG_ID,11048,cave_context,cave_single_object_assumed
JKTZ-OBJ-000830,TPN,GLOBALID,{A05BE438-44D2-4692-B8DF-1F4236E6EDAB},object,source_object
JKTZ-OBJ-000830,TPN,NR_INWENT,T.A-06.04,cave_context,matched_inventory
JKTZ-OBJ-000831,Geoportal_PIG,PIG_ID,976,cave_context,cave_single_object_assumed
JKTZ-OBJ-000831,TPN,GLOBALID,{F3AE1E5E-BA6A-4C62-86FE-A4F42892808C},object,source_object
JKTZ-OBJ-000831,TPN,NR_INWENT,T.B-09.09,cave_context,matched_inventory
JKTZ-OBJ-000832,Geoportal_PIG,PIG_ID,1138,cave_context,cave_single_object_assumed
JKTZ-OBJ-000832,TPN,GLOBALID,{F6A2AAA7-477E-4B9F-8807-FC928412DBE2},object,source_object
JKTZ-OBJ-000832,TPN,NR_INWENT,T.D-08.48,cave_context,matched_inventory
JKTZ-OBJ-000833,Geoportal_PIG,PIG_ID,1748,cave_context,cave_single_object_assumed
JKTZ-OBJ-000833,TPN,GLOBALID,{527AEE0B-533C-4CB4-BC8B-443DE48EB624},object,source_object
JKTZ-OBJ-000833,TPN,NR_INWENT,T.M-24.01,cave_context,matched_inventory
JKTZ-OBJ-000834,Geoportal_PIG,PIG_ID,1225,cave_context,cave_single_object_assumed
JKTZ-OBJ-000834,TPN,GLOBALID,{4ED006E7-929A-4A1D-AC22-238F6C929BAA},object,source_object
JKTZ-OBJ-000834,TPN,NR_INWENT,T.D-16.01,cave_context,matched_inventory
JKTZ-OBJ-000835,TPN,GLOBALID,{0642CC8D-3C79-4801-A619-542161381FCB},object,source_object
JKTZ-OBJ-000836,Geoportal_PIG,PIG_ID,984,cave_context,cave_single_object_assumed
JKTZ-OBJ-000836,TPN,GLOBALID,{C242125D-7C9B-42DD-B7CF-35DC6DFD5A38},object,source_object
JKTZ-OBJ-000836,TPN,NR_INWENT,T.D-06.02,cave_context,matched_inventory
JKTZ-OBJ-000837,TPN,GLOBALID,{E958E9F6-70D1-4D6E-8A7A-9A19C3C9229B},object,source_object
JKTZ-OBJ-000838,Geoportal_PIG,PIG_ID,4306,cave_context,cave_single_object_assumed
JKTZ-OBJ-000838,TPN,GLOBALID,{71535F4A-4012-4FF2-852F-459D09D48E49},object,source_object
JKTZ-OBJ-000838,TPN,NR_INWENT,T.D-05.11,cave_context,matched_inventory
JKTZ-OBJ-000839,Geoportal_PIG,PIG_ID,1073,cave_context,cave_single_object_assumed
JKTZ-OBJ-000839,TPN,GLOBALID,{E507331B-4EF5-461F-9336-C3D783C42A27},object,source_object
JKTZ-OBJ-000839,TPN,NR_INWENT,T.D-04.06,cave_context,matched_inventory
JKTZ-OBJ-000840,Geoportal_PIG,PIG_ID,1455,cave_context,cave_single_object_assumed
JKTZ-OBJ-000840,TPN,GLOBALID,{66FF6CC1-710B-4226-B424-08A8B1EE4C7B},object,source_object
JKTZ-OBJ-000840,TPN,NR_INWENT,T.E-09.18,cave_context,matched_inventory
JKTZ-OBJ-000841,Geoportal_PIG,PIG_ID,1549,cave_context,cave_single_object_assumed
JKTZ-OBJ-000841,TPN,GLOBALID,{F6542EAD-9776-4622-A7F3-EB6446DEC297},object,source_object
JKTZ-OBJ-000841,TPN,NR_INWENT,T.E-12.14,cave_context,matched_inventory
JKTZ-OBJ-000842,Geoportal_PIG,PIG_ID,1499,cave_context,cave_single_object_assumed
JKTZ-OBJ-000842,TPN,GLOBALID,{6F81C3B2-6C09-4BB1-BFC3-F16ACFBCE01D},object,source_object
JKTZ-OBJ-000842,TPN,NR_INWENT,T.E-11.20,cave_context,matched_inventory
JKTZ-OBJ-000843,Geoportal_PIG,PIG_ID,493,cave_context,cave_single_object_assumed
JKTZ-OBJ-000843,TPN,GLOBALID,{76F1665B-2CEE-418E-BC2D-DC2CBE253E2A},object,source_object
JKTZ-OBJ-000843,TPN,NR_INWENT,T.E-12.06,cave_context,matched_inventory
JKTZ-OBJ-000844,Geoportal_PIG,PIG_ID,4389,cave_context,cave_single_object_assumed
JKTZ-OBJ-000844,TPN,GLOBALID,{F3936194-5679-46D0-A5B9-442EF199D660},object,source_object
JKTZ-OBJ-000844,TPN,NR_INWENT,T.E-09.48,cave_context,matched_inventory
JKTZ-OBJ-000845,Geoportal_PIG,PIG_ID,1219,cave_context,cave_single_object_assumed
JKTZ-OBJ-000845,TPN,GLOBALID,{1F5A419E-5C9B-4EF1-9F33-942525FB2574},object,source_object
JKTZ-OBJ-000845,TPN,NR_INWENT,T.D-14.06,cave_context,matched_inventory
JKTZ-OBJ-000846,Geoportal_PIG,PIG_ID,977,cave_context,cave_single_object_assumed
JKTZ-OBJ-000846,TPN,GLOBALID,{0C34F113-D6D5-4E57-9DB1-B240ED3533B5},object,source_object
JKTZ-OBJ-000846,TPN,NR_INWENT,T.B-09.08,cave_context,matched_inventory
JKTZ-OBJ-000847,Geoportal_PIG,PIG_ID,1653,cave_context,cave_single_object_assumed
JKTZ-OBJ-000847,TPN,GLOBALID,{3E61D26B-9233-4844-BA9E-AD834E0FB23F},object,source_object
JKTZ-OBJ-000847,TPN,NR_INWENT,T.F-09.02,cave_context,matched_inventory
JKTZ-OBJ-000848,Geoportal_PIG,PIG_ID,959,cave_context,cave_single_object_assumed
JKTZ-OBJ-000848,TPN,GLOBALID,{6CEBFB02-ACA8-45A8-B8C3-AA2D76FC9791},object,source_object
JKTZ-OBJ-000848,TPN,NR_INWENT,T.B-04.01,cave_context,matched_inventory
JKTZ-OBJ-000849,Geoportal_PIG,PIG_ID,1013,cave_context,cave_single_object_assumed
JKTZ-OBJ-000849,TPN,GLOBALID,{DEB1B012-A67B-4E46-99D3-3D2774436A65},object,source_object
JKTZ-OBJ-000849,TPN,NR_INWENT,T.B-12.05,cave_context,matched_inventory
JKTZ-OBJ-000850,Geoportal_PIG,PIG_ID,4787,cave_context,cave_single_object_assumed
JKTZ-OBJ-000850,TPN,GLOBALID,{45251C42-3EB2-461E-9B1E-9CD0032AD20D},object,source_object
JKTZ-OBJ-000850,TPN,NR_INWENT,T.E-11.66,cave_context,matched_inventory
JKTZ-OBJ-000851,Geoportal_PIG,PIG_ID,1537,cave_context,cave_single_object_assumed
JKTZ-OBJ-000851,TPN,GLOBALID,{9E822967-3F19-45E0-AC2C-EFEC1A5C7B5D},object,source_object
JKTZ-OBJ-000851,TPN,NR_INWENT,T.E-12.07,cave_context,matched_inventory
JKTZ-OBJ-000852,Geoportal_PIG,PIG_ID,1533,cave_context,cave_single_object_assumed
JKTZ-OBJ-000852,TPN,GLOBALID,{89420AE8-EB72-4145-B5F7-A9ABC06D6828},object,source_object
JKTZ-OBJ-000852,TPN,NR_INWENT,T.E-12.02,cave_context,matched_inventory
JKTZ-OBJ-000853,Geoportal_PIG,PIG_ID,1534,cave_context,cave_single_object_assumed
JKTZ-OBJ-000853,TPN,GLOBALID,{5703F7A0-5171-4CDC-BBD0-AC730BD6FB56},object,source_object
JKTZ-OBJ-000853,TPN,NR_INWENT,T.E-11.60,cave_context,matched_inventory
JKTZ-OBJ-000854,Geoportal_PIG,PIG_ID,1440,cave_context,cave_single_object_assumed
JKTZ-OBJ-000854,TPN,GLOBALID,{A768083A-68F2-4366-BD54-BE1A197D02EF},object,source_object
JKTZ-OBJ-000854,TPN,NR_INWENT,T.E-09.09,cave_context,matched_inventory
JKTZ-OBJ-000855,Geoportal_PIG,PIG_ID,1320,cave_context,cave_single_object_assumed
JKTZ-OBJ-000855,TPN,GLOBALID,{986ECD98-049A-4271-9529-3BBD02230F1A},object,source_object
JKTZ-OBJ-000855,TPN,NR_INWENT,T.E-07.23,cave_context,matched_inventory
JKTZ-OBJ-000856,Geoportal_PIG,PIG_ID,1666,cave_context,cave_single_object_assumed
JKTZ-OBJ-000856,TPN,GLOBALID,{C5DD5458-A292-4B7B-BC9B-95AAC5392A0A},object,source_object
JKTZ-OBJ-000856,TPN,NR_INWENT,T.F-11.01,cave_context,matched_inventory
JKTZ-OBJ-000857,Geoportal_PIG,PIG_ID,1119,cave_context,cave_single_object_assumed
JKTZ-OBJ-000857,TPN,GLOBALID,{F8E1EC45-65D1-440F-9947-78B4AB6B08BD},object,source_object
JKTZ-OBJ-000857,TPN,NR_INWENT,T.D-08.30,cave_context,matched_inventory
JKTZ-OBJ-000858,Geoportal_PIG,PIG_ID,4418,cave_context,cave_single_object_assumed
JKTZ-OBJ-000858,TPN,GLOBALID,{0A4409F4-A34E-42E9-8A6A-08FEC73C811B},object,source_object
JKTZ-OBJ-000858,TPN,NR_INWENT,T.F-10.23,cave_context,matched_inventory
JKTZ-OBJ-000859,Geoportal_PIG,PIG_ID,1272,cave_context,cave_single_object_assumed
JKTZ-OBJ-000859,TPN,GLOBALID,{DD196884-584B-43A5-BC4D-B97A1988B4DD},object,source_object
JKTZ-OBJ-000859,TPN,NR_INWENT,T.D-12.24,cave_context,matched_inventory
JKTZ-OBJ-000860,Geoportal_PIG,PIG_ID,1314,cave_context,cave_single_object_assumed
JKTZ-OBJ-000860,TPN,GLOBALID,{5DDCEC2F-0FB7-4366-8A30-363A20E70F16},object,source_object
JKTZ-OBJ-000860,TPN,NR_INWENT,T.E-07.19,cave_context,matched_inventory
JKTZ-OBJ-000861,Geoportal_PIG,PIG_ID,1725,cave_context,cave_single_object_assumed
JKTZ-OBJ-000861,TPN,GLOBALID,{A3403B9C-5A95-435E-B2D1-EE1CDE1107B4},object,source_object
JKTZ-OBJ-000861,TPN,NR_INWENT,T.F-10.16,cave_context,matched_inventory
JKTZ-OBJ-000862,Geoportal_PIG,PIG_ID,1275,cave_context,cave_single_object_assumed
JKTZ-OBJ-000862,TPN,GLOBALID,{750497D3-46CE-4335-924E-8E89FEE9C6A7},object,source_object
JKTZ-OBJ-000862,TPN,NR_INWENT,T.D-18.03,cave_context,matched_inventory
JKTZ-OBJ-000863,Geoportal_PIG,PIG_ID,1618,cave_context,cave_single_object_assumed
JKTZ-OBJ-000863,TPN,GLOBALID,{59DD17DB-C05F-4AE3-A6EB-1930159B64AD},object,source_object
JKTZ-OBJ-000863,TPN,NR_INWENT,T.E-13.17,cave_context,matched_inventory
JKTZ-OBJ-000864,Geoportal_PIG,PIG_ID,1729,cave_context,cave_single_object_assumed
JKTZ-OBJ-000864,TPN,GLOBALID,{49CE04D4-881E-4D94-BA4A-02CA600FAE88},object,source_object
JKTZ-OBJ-000864,TPN,NR_INWENT,T.L-22.02,cave_context,matched_inventory
JKTZ-OBJ-000865,Geoportal_PIG,PIG_ID,1348,cave_context,cave_single_object_assumed
JKTZ-OBJ-000865,TPN,GLOBALID,{366DB31C-D355-4E7A-AE28-9CEE64B0FC4E},object,source_object
JKTZ-OBJ-000865,TPN,NR_INWENT,T.E-07.43,cave_context,matched_inventory
JKTZ-OBJ-000866,Geoportal_PIG,PIG_ID,1686,cave_context,cave_single_object_assumed
JKTZ-OBJ-000866,TPN,GLOBALID,{70A167A1-5F4F-4D61-BAB5-331259D29F0E},object,source_object
JKTZ-OBJ-000866,TPN,NR_INWENT,T.F-09.24,cave_context,matched_inventory
JKTZ-OBJ-000867,Geoportal_PIG,PIG_ID,1694,cave_context,cave_single_object_assumed
JKTZ-OBJ-000867,TPN,GLOBALID,{B44A0859-1B37-4E14-AC6F-96782B89CB48},object,source_object
JKTZ-OBJ-000867,TPN,NR_INWENT,T.G-19.02,cave_context,matched_inventory
JKTZ-OBJ-000868,Geoportal_PIG,PIG_ID,1711,cave_context,cave_single_object_assumed
JKTZ-OBJ-000868,TPN,GLOBALID,{0913D064-7520-486F-9224-225F22C2654A},object,source_object
JKTZ-OBJ-000868,TPN,NR_INWENT,T.F-10.08,cave_context,matched_inventory
JKTZ-OBJ-000869,Geoportal_PIG,PIG_ID,1299,cave_context,cave_single_object_assumed
JKTZ-OBJ-000869,TPN,GLOBALID,{E41C4554-66C1-4346-96BA-4C33D499D0C4},object,source_object
JKTZ-OBJ-000869,TPN,NR_INWENT,T.E-07.07,cave_context,matched_inventory
JKTZ-OBJ-000870,Geoportal_PIG,PIG_ID,1565,cave_context,cave_single_object_assumed
JKTZ-OBJ-000870,TPN,GLOBALID,{ECB59793-6CEB-4C35-B5DB-3B587E065B65},object,source_object
JKTZ-OBJ-000870,TPN,NR_INWENT,T.E-12.30,cave_context,matched_inventory
JKTZ-OBJ-000871,Geoportal_PIG,PIG_ID,1709,cave_context,cave_single_object_assumed
JKTZ-OBJ-000871,TPN,GLOBALID,{41BC4040-43BC-4B5B-9254-F22882835C7E},object,source_object
JKTZ-OBJ-000871,TPN,NR_INWENT,T.F-10.06,cave_context,matched_inventory
JKTZ-OBJ-000872,Geoportal_PIG,PIG_ID,1603,cave_context,cave_single_object_assumed
JKTZ-OBJ-000872,TPN,GLOBALID,{CDB29F70-DBA3-45E2-BAAA-AE1EBBC9156C},object,source_object
JKTZ-OBJ-000872,TPN,NR_INWENT,T.E-12.58,cave_context,matched_inventory
JKTZ-OBJ-000873,TPN,GLOBALID,{9B566416-3888-4900-B351-CF81FC2A387E},object,source_object
JKTZ-OBJ-000874,Geoportal_PIG,PIG_ID,960,cave_context,cave_single_object_assumed
JKTZ-OBJ-000874,TPN,GLOBALID,{7033EB52-9352-4F35-9ADF-89490FBB5F1F},object,source_object
JKTZ-OBJ-000874,TPN,NR_INWENT,T.B-09.01,cave_context,matched_inventory
JKTZ-OBJ-000875,TPN,GLOBALID,{868AEFFA-E2BD-400D-A8BA-DF71A36172B4},object,source_object
JKTZ-OBJ-000876,TPN,GLOBALID,{C33E3764-68A6-4841-BDBC-5CB4916E5B2E},object,source_object
JKTZ-OBJ-000877,Geoportal_PIG,PIG_ID,1356,cave_context,cave_single_object_assumed
JKTZ-OBJ-000877,TPN,GLOBALID,{9D075CDD-FE40-48CB-BAA5-F122FA171B14},object,source_object
JKTZ-OBJ-000877,TPN,NR_INWENT,T.E-07.47,cave_context,matched_inventory
JKTZ-OBJ-000878,Geoportal_PIG,PIG_ID,11050,cave_context,cave_single_object_assumed
JKTZ-OBJ-000878,TPN,GLOBALID,{AC811CC8-66CD-4944-9662-4B324D4FEA19},object,source_object
JKTZ-OBJ-000878,TPN,NR_INWENT,T.A-22.01,cave_context,matched_inventory
JKTZ-OBJ-000879,Geoportal_PIG,PIG_ID,956,cave_context,cave_single_object_assumed
JKTZ-OBJ-000879,TPN,GLOBALID,{29A48ED1-82D6-41EF-AC0B-C999E915E5CF},object,source_object
JKTZ-OBJ-000879,TPN,NR_INWENT,T.A-24.01,cave_context,matched_inventory
JKTZ-OBJ-000880,Geoportal_PIG,PIG_ID,4386,cave_context,cave_single_object_assumed
JKTZ-OBJ-000880,TPN,GLOBALID,{6C0DE8A2-EA97-4281-B0F1-D2719A69C6D3},object,source_object
JKTZ-OBJ-000880,TPN,NR_INWENT,T.A-06.01,cave_context,matched_inventory
JKTZ-OBJ-000881,Geoportal_PIG,PIG_ID,1590,cave_context,cave_single_object_assumed
JKTZ-OBJ-000881,TPN,GLOBALID,{B605E5EA-F1A5-43A2-803C-030B412B7415},object,source_object
JKTZ-OBJ-000881,TPN,NR_INWENT,T.E-13.08,cave_context,matched_inventory
JKTZ-OBJ-000882,Geoportal_PIG,PIG_ID,1404,cave_context,cave_single_object_assumed
JKTZ-OBJ-000882,TPN,GLOBALID,{A6E27103-8D20-4BA4-BEE8-3080F1DE9CEC},object,source_object
JKTZ-OBJ-000882,TPN,NR_INWENT,T.E-08.34,cave_context,matched_inventory
JKTZ-OBJ-000883,Geoportal_PIG,PIG_ID,1628,cave_context,cave_single_object_assumed
JKTZ-OBJ-000883,TPN,GLOBALID,{56439DA4-9F5E-4D0A-AEB7-8F66A5ECF3FD},object,source_object
JKTZ-OBJ-000883,TPN,NR_INWENT,T.E-13.27,cave_context,matched_inventory
JKTZ-OBJ-000884,TPN,GLOBALID,{E6BA5010-45F5-4769-9026-229423DDF3CB},object,source_object
JKTZ-OBJ-000885,Geoportal_PIG,PIG_ID,1038,cave_context,cave_single_object_assumed
JKTZ-OBJ-000885,TPN,GLOBALID,{1437971C-CA3C-4667-8C4E-B7952D6D4370},object,source_object
JKTZ-OBJ-000885,TPN,NR_INWENT,T.C-05.02,cave_context,matched_inventory
JKTZ-OBJ-000886,Geoportal_PIG,PIG_ID,11058,cave_context,cave_single_object_assumed
JKTZ-OBJ-000886,TPN,GLOBALID,{034C2EC9-9373-4E6C-81EB-0CE62B34F865},object,source_object
JKTZ-OBJ-000886,TPN,NR_INWENT,T.E-13.31,cave_context,matched_inventory
JKTZ-OBJ-000887,Geoportal_PIG,PIG_ID,1319,cave_context,cave_single_object_assumed
JKTZ-OBJ-000887,TPN,GLOBALID,{79D0B793-3F93-4FA0-93B4-E825C73EA1E7},object,source_object
JKTZ-OBJ-000887,TPN,NR_INWENT,T.E-06.04,cave_context,matched_inventory
JKTZ-OBJ-000888,Geoportal_PIG,PIG_ID,1108,cave_context,cave_single_object_assumed
JKTZ-OBJ-000888,TPN,GLOBALID,{8CBFACD0-CFF5-482C-A4CA-FBD837CC2EDE},object,source_object
JKTZ-OBJ-000888,TPN,NR_INWENT,T.D-08.18,cave_context,matched_inventory
JKTZ-OBJ-000889,Geoportal_PIG,PIG_ID,1041,cave_context,cave_single_object_assumed
JKTZ-OBJ-000889,TPN,GLOBALID,{802BEAB0-6B83-45CA-B739-5547857CD0A0},object,source_object
JKTZ-OBJ-000889,TPN,NR_INWENT,T.C-05.05,cave_context,matched_inventory
JKTZ-OBJ-000890,Geoportal_PIG,PIG_ID,1176,cave_context,cave_single_object_assumed
JKTZ-OBJ-000890,TPN,GLOBALID,{08743E0E-F81B-45E6-9C91-F1216680287B},object,source_object
JKTZ-OBJ-000890,TPN,NR_INWENT,T.D-05.07,cave_context,matched_inventory
JKTZ-OBJ-000891,Geoportal_PIG,PIG_ID,1063,cave_context,cave_single_object_assumed
JKTZ-OBJ-000891,TPN,GLOBALID,{F4D9BB88-749F-4E64-95A9-D3F18A425B75},object,source_object
JKTZ-OBJ-000891,TPN,NR_INWENT,T.C-16.01,cave_context,matched_inventory
JKTZ-OBJ-000892,Geoportal_PIG,PIG_ID,11041,cave_context,cave_single_object_assumed
JKTZ-OBJ-000892,TPN,GLOBALID,{49F29685-D540-4112-B8E6-6C0534C50593},object,source_object
JKTZ-OBJ-000892,TPN,NR_INWENT,T.A-24.06,cave_context,matched_inventory
JKTZ-OBJ-000893,Geoportal_PIG,PIG_ID,1595,cave_context,cave_single_object_assumed
JKTZ-OBJ-000893,TPN,GLOBALID,{FEFAD91A-E4B5-4320-8E0E-FFD5056797B5},object,source_object
JKTZ-OBJ-000893,TPN,NR_INWENT,T.E-13.10,cave_context,matched_inventory
JKTZ-OBJ-000894,Geoportal_PIG,PIG_ID,1514,cave_context,cave_single_object_assumed
JKTZ-OBJ-000894,TPN,GLOBALID,{D9F42427-2B5E-4F7F-8231-8E2D27F7ED45},object,source_object
JKTZ-OBJ-000894,TPN,NR_INWENT,T.E-11.51,cave_context,matched_inventory
JKTZ-OBJ-000895,Geoportal_PIG,PIG_ID,1039,cave_context,cave_single_object_assumed
JKTZ-OBJ-000895,TPN,GLOBALID,{24AB652D-52B8-4C16-9B53-A406166EA7A8},object,source_object
JKTZ-OBJ-000895,TPN,NR_INWENT,T.C-05.03,cave_context,matched_inventory
JKTZ-OBJ-000896,Geoportal_PIG,PIG_ID,1654,cave_context,cave_single_object_assumed
JKTZ-OBJ-000896,TPN,GLOBALID,{4A5F7D4E-8063-41AF-BF87-8ED372D14D56},object,source_object
JKTZ-OBJ-000896,TPN,NR_INWENT,T.F-09.03,cave_context,matched_inventory
JKTZ-OBJ-000897,Geoportal_PIG,PIG_ID,494,cave_context,cave_single_object_assumed
JKTZ-OBJ-000897,TPN,GLOBALID,{A7FDEFB6-483A-4622-8243-C0F2AD7295C2},object,source_object
JKTZ-OBJ-000897,TPN,NR_INWENT,T.E-12.05,cave_context,matched_inventory
JKTZ-OBJ-000898,Geoportal_PIG,PIG_ID,1423,cave_context,cave_single_object_assumed
JKTZ-OBJ-000898,TPN,GLOBALID,{92311241-9EFF-4428-AC24-FBE8BE1E3564},object,source_object
JKTZ-OBJ-000898,TPN,NR_INWENT,T.E-09.07,cave_context,matched_inventory
JKTZ-OBJ-000899,Geoportal_PIG,PIG_ID,1079,cave_context,cave_single_object_assumed
JKTZ-OBJ-000899,TPN,GLOBALID,{AF3F0FD7-6A99-45B7-BEBC-AA898E6642F0},object,source_object
JKTZ-OBJ-000899,TPN,NR_INWENT,T.D-06.09,cave_context,matched_inventory
JKTZ-OBJ-000900,TPN,GLOBALID,{F9C94562-FC14-4560-A452-5735CBD6F611},object,source_object
JKTZ-OBJ-000901,Geoportal_PIG,PIG_ID,1303,cave_context,cave_single_object_assumed
JKTZ-OBJ-000901,TPN,GLOBALID,{8BA5CCCC-853A-4869-A9B6-0B3683CE65D1},object,source_object
JKTZ-OBJ-000901,TPN,NR_INWENT,T.E-07.10,cave_context,matched_inventory
JKTZ-OBJ-000902,Geoportal_PIG,PIG_ID,1102,cave_context,cave_single_object_assumed
JKTZ-OBJ-000902,TPN,GLOBALID,{2485B351-01D1-48A7-A37D-209BE0407F2C},object,source_object
JKTZ-OBJ-000902,TPN,NR_INWENT,T.D-08.13,cave_context,matched_inventory
JKTZ-OBJ-000903,Geoportal_PIG,PIG_ID,4173,cave_context,cave_single_object_assumed
JKTZ-OBJ-000903,TPN,GLOBALID,{63CE8B66-47F2-4B2B-BAC3-BD01B2127446},object,source_object
JKTZ-OBJ-000903,TPN,NR_INWENT,T.E-06.14,cave_context,matched_inventory
JKTZ-OBJ-000904,Geoportal_PIG,PIG_ID,1463,cave_context,cave_single_object_assumed
JKTZ-OBJ-000904,TPN,GLOBALID,{F7E6368C-23CE-42CC-A0F2-533A9D18B1AF},object,source_object
JKTZ-OBJ-000904,TPN,NR_INWENT,T.E-09.24,cave_context,matched_inventory
JKTZ-OBJ-000905,Geoportal_PIG,PIG_ID,1276,cave_context,cave_single_object_assumed
JKTZ-OBJ-000905,TPN,GLOBALID,{2A560E84-EEF0-485B-9284-1ADEF6B33C56},object,source_object
JKTZ-OBJ-000905,TPN,NR_INWENT,T.D-18.04,cave_context,matched_inventory
JKTZ-OBJ-000906,Geoportal_PIG,PIG_ID,1019,cave_context,cave_single_object_assumed
JKTZ-OBJ-000906,TPN,GLOBALID,{B73C1283-B3F4-4EA7-86DE-F322B3F26C9E},object,source_object
JKTZ-OBJ-000906,TPN,NR_INWENT,T.B-14.02,cave_context,matched_inventory
JKTZ-OBJ-000907,Geoportal_PIG,PIG_ID,1407,cave_context,cave_single_object_assumed
JKTZ-OBJ-000907,TPN,GLOBALID,{85C47996-EFD6-465E-B51C-078860771AB7},object,source_object
JKTZ-OBJ-000907,TPN,NR_INWENT,T.E-08.39,cave_context,matched_inventory
JKTZ-OBJ-000908,Geoportal_PIG,PIG_ID,1018,cave_context,cave_single_object_assumed
JKTZ-OBJ-000908,TPN,GLOBALID,{A6422BC9-98C6-431C-B6A0-063F8921B17D},object,source_object
JKTZ-OBJ-000908,TPN,NR_INWENT,T.B-14.01,cave_context,matched_inventory
JKTZ-OBJ-000909,Geoportal_PIG,PIG_ID,1057,cave_context,cave_single_object_assumed
JKTZ-OBJ-000909,TPN,GLOBALID,{E39722F0-2730-4CB2-B2AB-D7130A65FDE1},object,source_object
JKTZ-OBJ-000909,TPN,NR_INWENT,T.C-15.06,cave_context,matched_inventory
JKTZ-OBJ-000910,Geoportal_PIG,PIG_ID,988,cave_context,cave_single_object_assumed
JKTZ-OBJ-000910,TPN,GLOBALID,{CDE95846-F436-4079-8594-4268E6048A6D},object,source_object
JKTZ-OBJ-000910,TPN,NR_INWENT,T.B-09.14,cave_context,matched_inventory
JKTZ-OBJ-000911,Geoportal_PIG,PIG_ID,804,cave_context,cave_single_object_assumed
JKTZ-OBJ-000911,TPN,GLOBALID,{F898C332-6F34-4AB4-8465-C4741039C54C},object,source_object
JKTZ-OBJ-000911,TPN,NR_INWENT,T.A-12.03,cave_context,matched_inventory
JKTZ-OBJ-000912,Geoportal_PIG,PIG_ID,972,cave_context,cave_single_object_assumed
JKTZ-OBJ-000912,TPN,GLOBALID,{C4A17714-5976-4B41-A6A6-9EACAE7E9421},object,source_object
JKTZ-OBJ-000912,TPN,NR_INWENT,T.B-09.06,cave_context,matched_inventory
JKTZ-OBJ-000913,Geoportal_PIG,PIG_ID,994,cave_context,cave_single_object_assumed
JKTZ-OBJ-000913,TPN,GLOBALID,{927D159C-AA85-4154-AEEB-C1BFA8C2D016},object,source_object
JKTZ-OBJ-000913,TPN,NR_INWENT,T.B-12.01,cave_context,matched_inventory
JKTZ-OBJ-000914,Geoportal_PIG,PIG_ID,1368,cave_context,cave_single_object_assumed
JKTZ-OBJ-000914,TPN,GLOBALID,{491A6172-0D2D-4DDE-A930-B479A87591AD},object,source_object
JKTZ-OBJ-000914,TPN,NR_INWENT,T.E-08.30,cave_context,matched_inventory
JKTZ-OBJ-000915,Geoportal_PIG,PIG_ID,1032,cave_context,cave_single_object_assumed
JKTZ-OBJ-000915,TPN,GLOBALID,{10A056BA-DBB4-41D6-A936-981113FC9627},object,source_object
JKTZ-OBJ-000915,TPN,NR_INWENT,T.B-18.01,cave_context,matched_inventory
JKTZ-OBJ-000916,TPN,GLOBALID,{B3202807-F363-428A-B8F0-0E22A2FA66DA},object,source_object
JKTZ-OBJ-000917,TPN,GLOBALID,{690FC059-791F-46EE-969D-CDD1F0BA3460},object,source_object
JKTZ-OBJ-000918,Geoportal_PIG,PIG_ID,1181,cave_context,cave_single_object_assumed
JKTZ-OBJ-000918,TPN,GLOBALID,{A6D3CBF7-D5DC-4D30-ABEA-215346B8A88C},object,source_object
JKTZ-OBJ-000918,TPN,NR_INWENT,T.D-09.08,cave_context,matched_inventory
JKTZ-OBJ-000919,Geoportal_PIG,PIG_ID,4048,cave_context,cave_single_object_assumed
JKTZ-OBJ-000919,TPN,GLOBALID,{F27AB91C-A18F-4CA4-8276-EB6D29BCBAC7},object,source_object
JKTZ-OBJ-000919,TPN,NR_INWENT,T.A-04.01,cave_context,matched_inventory
JKTZ-OBJ-000920,Geoportal_PIG,PIG_ID,1630,cave_context,cave_single_object_assumed
JKTZ-OBJ-000920,TPN,GLOBALID,{23A7C5CA-18B1-4339-9C1F-66F00EF7566A},object,source_object
JKTZ-OBJ-000920,TPN,NR_INWENT,T.E-13.28,cave_context,matched_inventory
JKTZ-OBJ-000921,Geoportal_PIG,PIG_ID,4068,cave_context,cave_single_object_assumed
JKTZ-OBJ-000921,TPN,GLOBALID,{3557333F-8DBC-42A2-B931-EC1404519DFD},object,source_object
JKTZ-OBJ-000921,TPN,NR_INWENT,T.B-04.04,cave_context,matched_inventory
JKTZ-OBJ-000922,Geoportal_PIG,PIG_ID,1232,cave_context,cave_single_object_assumed
JKTZ-OBJ-000922,TPN,GLOBALID,{2FEA4961-31E2-427F-8FFE-6A7BB42EED0D},object,source_object
JKTZ-OBJ-000922,TPN,NR_INWENT,T.D-12.12,cave_context,matched_inventory
JKTZ-OBJ-000923,Geoportal_PIG,PIG_ID,1503,cave_context,cave_single_object_assumed
JKTZ-OBJ-000923,TPN,GLOBALID,{1F4770BC-5CE0-4C5F-BB7F-0D120C193B62},object,source_object
JKTZ-OBJ-000923,TPN,NR_INWENT,T.E-11.22,cave_context,matched_inventory
JKTZ-OBJ-000924,Geoportal_PIG,PIG_ID,1330,cave_context,cave_single_object_assumed
JKTZ-OBJ-000924,TPN,GLOBALID,{6EC33AEC-4B9E-4E47-82FA-3C49A2D401EE},object,source_object
JKTZ-OBJ-000924,TPN,NR_INWENT,T.E-07.30,cave_context,matched_inventory
JKTZ-OBJ-000925,Geoportal_PIG,PIG_ID,1129,cave_context,cave_single_object_assumed
JKTZ-OBJ-000925,TPN,GLOBALID,{368F5025-3B22-4381-AC16-3FCAA21035DD},object,source_object
JKTZ-OBJ-000925,TPN,NR_INWENT,T.D-08.40,cave_context,matched_inventory
JKTZ-OBJ-000926,Geoportal_PIG,PIG_ID,11051,cave_context,cave_single_object_assumed
JKTZ-OBJ-000926,TPN,GLOBALID,{7715722F-DB8D-40A7-B889-6EE83425F4D2},object,source_object
JKTZ-OBJ-000926,TPN,NR_INWENT,T.A-12.04,cave_context,matched_inventory
JKTZ-OBJ-000927,Geoportal_PIG,PIG_ID,4447,cave_context,cave_single_object_assumed
JKTZ-OBJ-000927,TPN,GLOBALID,{78D37AF0-178C-446D-963E-95094F9EB1E1},object,source_object
JKTZ-OBJ-000927,TPN,NR_INWENT,T.J-10.01,cave_context,matched_inventory
JKTZ-OBJ-000928,Geoportal_PIG,PIG_ID,1354,cave_context,cave_single_object_assumed
JKTZ-OBJ-000928,TPN,GLOBALID,{B6DBF7A1-8DEE-4BAE-BB45-D1C9470BBA1D},object,source_object
JKTZ-OBJ-000928,TPN,NR_INWENT,T.E-07.46,cave_context,matched_inventory
JKTZ-OBJ-000929,Geoportal_PIG,PIG_ID,1554,cave_context,cave_single_object_assumed
JKTZ-OBJ-000929,TPN,GLOBALID,{54B22F5F-6623-4B87-B34F-21C7AC39EAFA},object,source_object
JKTZ-OBJ-000929,TPN,NR_INWENT,T.E-12.19,cave_context,matched_inventory
JKTZ-OBJ-000930,Geoportal_PIG,PIG_ID,4411,cave_context,cave_single_object_assumed
JKTZ-OBJ-000930,TPN,GLOBALID,{18C04DD7-99E7-446E-9969-63A01AD90F8D},object,source_object
JKTZ-OBJ-000930,TPN,NR_INWENT,T.E-12.71,cave_context,matched_inventory
JKTZ-OBJ-000931,Geoportal_PIG,PIG_ID,1593,cave_context,cave_single_object_assumed
JKTZ-OBJ-000931,TPN,GLOBALID,{54C9E6C1-5224-4113-B866-B3EC8D19E0A5},object,source_object
JKTZ-OBJ-000931,TPN,NR_INWENT,T.E-12.51,cave_context,matched_inventory
JKTZ-OBJ-000932,Geoportal_PIG,PIG_ID,1215,cave_context,cave_single_object_assumed
JKTZ-OBJ-000932,TPN,GLOBALID,{0E35D5B3-4CA4-45ED-B3FA-36A966F11037},object,source_object
JKTZ-OBJ-000932,TPN,NR_INWENT,T.D-14.03,cave_context,matched_inventory
JKTZ-OBJ-000933,Geoportal_PIG,PIG_ID,1142,cave_context,cave_single_object_assumed
JKTZ-OBJ-000933,TPN,GLOBALID,{38B35A66-1709-47A3-9C85-1919D6D7526D},object,source_object
JKTZ-OBJ-000933,TPN,NR_INWENT,T.D-05.04,cave_context,matched_inventory
JKTZ-OBJ-000934,Geoportal_PIG,PIG_ID,1707,cave_context,cave_single_object_assumed
JKTZ-OBJ-000934,TPN,GLOBALID,{48C7400B-EADC-459E-A231-E3889A364E3B},object,source_object
JKTZ-OBJ-000934,TPN,NR_INWENT,T.F-10.04,cave_context,matched_inventory
JKTZ-OBJ-000935,Geoportal_PIG,PIG_ID,1016,cave_context,cave_single_object_assumed
JKTZ-OBJ-000935,TPN,GLOBALID,{ED41B242-A73F-4C14-9A6F-B647BE52C242},object,source_object
JKTZ-OBJ-000935,TPN,NR_INWENT,T.B-12.09,cave_context,matched_inventory
JKTZ-OBJ-000936,Geoportal_PIG,PIG_ID,1074,cave_context,cave_single_object_assumed
JKTZ-OBJ-000936,TPN,GLOBALID,{64AED179-2FC5-4503-9D2A-BF122CD47630},object,source_object
JKTZ-OBJ-000936,TPN,NR_INWENT,T.D-04.07,cave_context,matched_inventory
JKTZ-OBJ-000937,Geoportal_PIG,PIG_ID,4266,cave_context,cave_single_object_assumed
JKTZ-OBJ-000937,TPN,GLOBALID,{F095821B-3E9E-4BF8-ACC0-E6478E3D94D1},object,source_object
JKTZ-OBJ-000937,TPN,NR_INWENT,T.C-05.07,cave_context,matched_inventory
JKTZ-OBJ-000938,Geoportal_PIG,PIG_ID,4167,cave_context,cave_single_object_assumed
JKTZ-OBJ-000938,TPN,GLOBALID,{6F307AD5-8B24-44CF-B955-17E57647F095},object,source_object
JKTZ-OBJ-000938,TPN,NR_INWENT,T.D-12.26,cave_context,matched_inventory
JKTZ-OBJ-000939,Geoportal_PIG,PIG_ID,4086,cave_context,cave_single_object_assumed
JKTZ-OBJ-000939,TPN,GLOBALID,{0F0A4F22-D9A3-4F22-8099-259457B49CDE},object,source_object
JKTZ-OBJ-000939,TPN,NR_INWENT,T.D-08.63,cave_context,matched_inventory
JKTZ-OBJ-000940,Geoportal_PIG,PIG_ID,1113,cave_context,cave_single_object_assumed
JKTZ-OBJ-000940,TPN,GLOBALID,{D90AADC9-9E6C-4020-A409-4B4FFAEEDBFF},object,source_object
JKTZ-OBJ-000940,TPN,NR_INWENT,T.D-08.23,cave_context,matched_inventory
JKTZ-OBJ-000941,TPN,GLOBALID,{DA201294-463E-4F4D-8A60-D2F88FB17C1A},object,source_object
JKTZ-OBJ-000942,Geoportal_PIG,PIG_ID,1497,cave_context,cave_single_object_assumed
JKTZ-OBJ-000942,TPN,GLOBALID,{1ED1AF27-2694-4ADB-8BCE-67CBC4981033},object,source_object
JKTZ-OBJ-000942,TPN,NR_INWENT,T.E-11.41,cave_context,matched_inventory
JKTZ-OBJ-000943,Geoportal_PIG,PIG_ID,1257,cave_context,cave_single_object_assumed
JKTZ-OBJ-000943,TPN,GLOBALID,{90E56D14-17C1-4683-BBA1-7DE28EC4CC4F},object,source_object
JKTZ-OBJ-000943,TPN,NR_INWENT,T.D-17.10,cave_context,matched_inventory
JKTZ-OBJ-000944,Geoportal_PIG,PIG_ID,1139,cave_context,cave_single_object_assumed
JKTZ-OBJ-000944,TPN,GLOBALID,{521EA98B-14D4-4581-9388-E9C79E0A46CF},object,source_object
JKTZ-OBJ-000944,TPN,NR_INWENT,T.D-08.49,cave_context,matched_inventory
JKTZ-OBJ-000945,Geoportal_PIG,PIG_ID,1053,cave_context,cave_single_object_assumed
JKTZ-OBJ-000945,TPN,GLOBALID,{13BDEBA6-4CCC-46F4-A787-F34D7CA227A6},object,source_object
JKTZ-OBJ-000945,TPN,NR_INWENT,T.C-15.02,cave_context,matched_inventory
JKTZ-OBJ-000946,TPN,GLOBALID,{DB9A3AD7-6249-4DAE-8C11-D37C5D5B78BD},object,source_object
JKTZ-OBJ-000947,Geoportal_PIG,PIG_ID,1037,cave_context,cave_single_object_assumed
JKTZ-OBJ-000947,TPN,GLOBALID,{0A7AF2B1-323A-40AB-9D4D-57708D297026},object,source_object
JKTZ-OBJ-000947,TPN,NR_INWENT,T.C-05.01,cave_context,matched_inventory
JKTZ-OBJ-000948,TPN,GLOBALID,{6C6683BC-DE94-4DAA-8716-64C86939974B},object,source_object
JKTZ-OBJ-000949,Geoportal_PIG,PIG_ID,4166,cave_context,cave_single_object_assumed
JKTZ-OBJ-000949,TPN,GLOBALID,{08B68A7A-8E97-4CBB-A0B0-942DE66A475E},object,source_object
JKTZ-OBJ-000949,TPN,NR_INWENT,T.D-12.25,cave_context,matched_inventory
JKTZ-OBJ-000950,Geoportal_PIG,PIG_ID,1260,cave_context,cave_single_object_assumed
JKTZ-OBJ-000950,TPN,GLOBALID,{45B795AF-C173-450D-BE67-C35C90838094},object,source_object
JKTZ-OBJ-000950,TPN,NR_INWENT,T.D-12.23,cave_context,matched_inventory
JKTZ-OBJ-000951,Geoportal_PIG,PIG_ID,1668,cave_context,cave_single_object_assumed
JKTZ-OBJ-000951,TPN,GLOBALID,{DB52B34B-B408-408F-9073-4C18141A9053},object,source_object
JKTZ-OBJ-000951,TPN,NR_INWENT,T.F-09.14,cave_context,matched_inventory
JKTZ-OBJ-000952,Geoportal_PIG,PIG_ID,4075,cave_context,cave_single_object_assumed
JKTZ-OBJ-000952,TPN,GLOBALID,{CDB87DD3-E756-49FC-92D6-8440095B0F19},object,source_object
JKTZ-OBJ-000952,TPN,NR_INWENT,T.B-12.10,cave_context,matched_inventory
JKTZ-OBJ-000953,Geoportal_PIG,PIG_ID,1671,cave_context,cave_single_object_assumed
JKTZ-OBJ-000953,TPN,GLOBALID,{F0C21DD8-6A0B-46A9-AFCE-1C3B4F668F8E},object,source_object
JKTZ-OBJ-000953,TPN,NR_INWENT,T.F-11.03,cave_context,matched_inventory
JKTZ-OBJ-000954,Geoportal_PIG,PIG_ID,1689,cave_context,cave_single_object_assumed
JKTZ-OBJ-000954,TPN,GLOBALID,{788286A6-E1AD-4823-94E1-D398E379C89E},object,source_object
JKTZ-OBJ-000954,TPN,NR_INWENT,T.F-09.30,cave_context,matched_inventory
JKTZ-OBJ-000955,Geoportal_PIG,PIG_ID,1318,cave_context,cave_single_object_assumed
JKTZ-OBJ-000955,TPN,GLOBALID,{A9E23154-C63F-4925-A768-BA1C38776DAB},object,source_object
JKTZ-OBJ-000955,TPN,NR_INWENT,T.E-07.24,cave_context,matched_inventory
JKTZ-OBJ-000956,Geoportal_PIG,PIG_ID,1087,cave_context,cave_single_object_assumed
JKTZ-OBJ-000956,TPN,GLOBALID,{F056190D-1BE8-4376-9B80-75370F3D0B4C},object,source_object
JKTZ-OBJ-000956,TPN,NR_INWENT,T.D-08.01,cave_context,matched_inventory
JKTZ-OBJ-000957,Geoportal_PIG,PIG_ID,1091,cave_context,cave_single_object_assumed
JKTZ-OBJ-000957,TPN,GLOBALID,{F471728A-5BF9-4F10-A72D-F29FDA6D4D0F},object,source_object
JKTZ-OBJ-000957,TPN,NR_INWENT,T.D-08.04,cave_context,matched_inventory
JKTZ-OBJ-000958,Geoportal_PIG,PIG_ID,1109,cave_context,cave_single_object_assumed
JKTZ-OBJ-000958,TPN,GLOBALID,{7A00AB50-FC9A-4C01-B7CC-5315AC461DEB},object,source_object
JKTZ-OBJ-000958,TPN,NR_INWENT,T.D-08.19,cave_context,matched_inventory
JKTZ-OBJ-000959,Geoportal_PIG,PIG_ID,1507,cave_context,cave_single_object_assumed
JKTZ-OBJ-000959,TPN,GLOBALID,{2E358A4E-0E5A-4C53-8741-5B600187AF74},object,source_object
JKTZ-OBJ-000959,TPN,NR_INWENT,T.E-11.44,cave_context,matched_inventory
JKTZ-OBJ-000960,Geoportal_PIG,PIG_ID,4347,cave_context,cave_single_object_assumed
JKTZ-OBJ-000960,TPN,GLOBALID,{FCC7A4D6-7779-45D7-B594-AF18F1EBB840},object,source_object
JKTZ-OBJ-000960,TPN,NR_INWENT,T.E-08.72,cave_context,matched_inventory
JKTZ-OBJ-000961,Geoportal_PIG,PIG_ID,1034,cave_context,cave_single_object_assumed
JKTZ-OBJ-000961,TPN,GLOBALID,{9C9CC0E8-06A3-40BA-B151-52C9570B5AD3},object,source_object
JKTZ-OBJ-000961,TPN,NR_INWENT,T.B-24.02,cave_context,matched_inventory
JKTZ-OBJ-000962,Geoportal_PIG,PIG_ID,1178,cave_context,cave_single_object_assumed
JKTZ-OBJ-000962,TPN,GLOBALID,{C334F817-A3EB-4A25-A18D-D32F83914A97},object,source_object
JKTZ-OBJ-000962,TPN,NR_INWENT,T.D-09.10,cave_context,matched_inventory
JKTZ-OBJ-000963,Geoportal_PIG,PIG_ID,1596,cave_context,cave_single_object_assumed
JKTZ-OBJ-000963,TPN,GLOBALID,{AE4692C9-7EAB-49BE-A0E6-8414F3E282C0},object,source_object
JKTZ-OBJ-000963,TPN,NR_INWENT,T.E-12.53,cave_context,matched_inventory
JKTZ-OBJ-000964,Geoportal_PIG,PIG_ID,1713,cave_context,cave_single_object_assumed
JKTZ-OBJ-000964,TPN,GLOBALID,{351A058B-B529-46D8-82DE-EA6496AA3F0D},object,source_object
JKTZ-OBJ-000964,TPN,NR_INWENT,T.F-10.10,cave_context,matched_inventory
JKTZ-OBJ-000965,Geoportal_PIG,PIG_ID,1389,cave_context,cave_single_object_assumed
JKTZ-OBJ-000965,TPN,GLOBALID,{DCA7BDC2-40F1-426B-95C8-3F7790F9EC0A},object,source_object
JKTZ-OBJ-000965,TPN,NR_INWENT,T.E-08.11,cave_context,matched_inventory
JKTZ-OBJ-000966,Geoportal_PIG,PIG_ID,1476,cave_context,cave_single_object_assumed
JKTZ-OBJ-000966,TPN,GLOBALID,{35A33CC1-FFFF-4A8F-9D5B-4F77880D9563},object,source_object
JKTZ-OBJ-000966,TPN,NR_INWENT,T.E-11.07,cave_context,matched_inventory
JKTZ-OBJ-000967,Geoportal_PIG,PIG_ID,1477,cave_context,cave_single_object_assumed
JKTZ-OBJ-000967,TPN,GLOBALID,{273C4EE6-2362-47EA-A8A1-FCAF3658C6E5},object,source_object
JKTZ-OBJ-000967,TPN,NR_INWENT,T.E-11.08,cave_context,matched_inventory
JKTZ-OBJ-000968,TPN,GLOBALID,{0AD65DEC-21FD-49ED-9416-5CDFAEB34D29},object,source_object
JKTZ-OBJ-000969,Geoportal_PIG,PIG_ID,1239,cave_context,cave_single_object_assumed
JKTZ-OBJ-000969,TPN,GLOBALID,{ACA83324-7B5B-468A-A8A9-24D36AFF313E},object,source_object
JKTZ-OBJ-000969,TPN,NR_INWENT,T.D-12.13,cave_context,matched_inventory
JKTZ-OBJ-000970,TPN,GLOBALID,{F4458B31-FE66-4983-91C6-5D0CD1A11BC7},object,source_object
JKTZ-OBJ-000971,Geoportal_PIG,PIG_ID,1728,cave_context,cave_single_object_assumed
JKTZ-OBJ-000971,TPN,GLOBALID,{C7AA36ED-BD41-433F-95C9-19DE153C6BD7},object,source_object
JKTZ-OBJ-000971,TPN,NR_INWENT,T.F-10.18,cave_context,matched_inventory
JKTZ-OBJ-000972,Geoportal_PIG,PIG_ID,1646,cave_context,cave_single_object_assumed
JKTZ-OBJ-000972,TPN,GLOBALID,{5AAB57A3-CC95-4AE0-ADF1-C335F1DB7601},object,source_object
JKTZ-OBJ-000972,TPN,NR_INWENT,T.F-07.01,cave_context,matched_inventory
JKTZ-OBJ-000973,Geoportal_PIG,PIG_ID,952,cave_context,cave_single_object_assumed
JKTZ-OBJ-000973,TPN,GLOBALID,{865E0BA1-D61B-482A-B8FB-EBF7250C1926},object,source_object
JKTZ-OBJ-000973,TPN,NR_INWENT,T.A-12.02,cave_context,matched_inventory
JKTZ-OBJ-000974,Geoportal_PIG,PIG_ID,1733,cave_context,cave_single_object_assumed
JKTZ-OBJ-000974,TPN,GLOBALID,{F40A4977-A74C-4C64-8D83-4908CE641CA0},object,source_object
JKTZ-OBJ-000974,TPN,NR_INWENT,T.L-22.04,cave_context,matched_inventory
JKTZ-OBJ-000975,Geoportal_PIG,PIG_ID,1338,cave_context,cave_single_object_assumed
JKTZ-OBJ-000975,TPN,GLOBALID,{EFD78893-DFFA-45AB-B283-DA40ADBBCCC0},object,source_object
JKTZ-OBJ-000975,TPN,NR_INWENT,T.E-07.34,cave_context,matched_inventory
JKTZ-OBJ-000976,Geoportal_PIG,PIG_ID,1292,cave_context,cave_single_object_assumed
JKTZ-OBJ-000976,TPN,GLOBALID,{455D8919-51F3-4745-B0AE-C8455F437A5E},object,source_object
JKTZ-OBJ-000976,TPN,NR_INWENT,T.E-05.05,cave_context,matched_inventory
JKTZ-OBJ-000977,Geoportal_PIG,PIG_ID,1559,cave_context,cave_single_object_assumed
JKTZ-OBJ-000977,TPN,GLOBALID,{20C4681B-95FB-429D-8879-6ABC0A688F4E},object,source_object
JKTZ-OBJ-000977,TPN,NR_INWENT,T.E-12.24,cave_context,matched_inventory
JKTZ-OBJ-000978,Geoportal_PIG,PIG_ID,1227,cave_context,cave_single_object_assumed
JKTZ-OBJ-000978,TPN,GLOBALID,{87AEB6FC-4A62-4EF4-A1F2-255E6E33C54A},object,source_object
JKTZ-OBJ-000978,TPN,NR_INWENT,T.D-16.03,cave_context,matched_inventory
JKTZ-OBJ-000979,Geoportal_PIG,PIG_ID,1461,cave_context,cave_single_object_assumed
JKTZ-OBJ-000979,TPN,GLOBALID,{B143E13B-7FAE-4E0F-A6DA-0C2BE556D604},object,source_object
JKTZ-OBJ-000979,TPN,NR_INWENT,T.E-09.22,cave_context,matched_inventory
JKTZ-OBJ-000980,TPN,GLOBALID,{FC5F97CD-C35E-4A49-8D19-4A40A0767A88},object,source_object
JKTZ-OBJ-000981,TPN,GLOBALID,{77C43DE2-6B32-42CD-AB72-BDBE4D57DD49},object,source_object
JKTZ-OBJ-000982,Geoportal_PIG,PIG_ID,1094,cave_context,cave_level_source_record
JKTZ-OBJ-000982,TPN,GLOBALID,{71432220-CA17-4420-ACC8-394596EDF79F},object,source_object
JKTZ-OBJ-000982,TPN,NR_INWENT,T.D-08.07,cave_context,matched_inventory
JKTZ-OBJ-000983,Geoportal_PIG,PIG_ID,1070,cave_context,cave_single_object_assumed
JKTZ-OBJ-000983,TPN,GLOBALID,{68C5B676-CB19-4F69-8A10-38C6458CDCE1},object,source_object
JKTZ-OBJ-000983,TPN,NR_INWENT,T.D-04.04,cave_context,matched_inventory
JKTZ-OBJ-000984,Geoportal_PIG,PIG_ID,4208,cave_context,cave_single_object_assumed
JKTZ-OBJ-000984,TPN,GLOBALID,{F412698D-1B79-42B1-BC65-3C2917E7877B},object,source_object
JKTZ-OBJ-000984,TPN,NR_INWENT,T.E-08.65,cave_context,matched_inventory
JKTZ-OBJ-000985,Geoportal_PIG,PIG_ID,1055,cave_context,cave_single_object_assumed
JKTZ-OBJ-000985,TPN,GLOBALID,{792E7D4A-02EC-4EE5-B409-34CF9018F530},object,source_object
JKTZ-OBJ-000985,TPN,NR_INWENT,T.C-15.04,cave_context,matched_inventory
JKTZ-OBJ-000986,Geoportal_PIG,PIG_ID,1561,cave_context,cave_single_object_assumed
JKTZ-OBJ-000986,TPN,GLOBALID,{A1BCA871-572E-4186-AC4F-34A1C8EC1AB5},object,source_object
JKTZ-OBJ-000986,TPN,NR_INWENT,T.E-12.26,cave_context,matched_inventory
JKTZ-OBJ-000987,TPN,GLOBALID,{F275B71F-8034-4305-8ECF-95EF2F9B4AE0},object,source_object
JKTZ-OBJ-000988,Geoportal_PIG,PIG_ID,1451,cave_context,cave_single_object_assumed
JKTZ-OBJ-000988,TPN,GLOBALID,{45DB9DC6-2CA9-448A-A2A1-D0A3BB4C1F16},object,source_object
JKTZ-OBJ-000988,TPN,NR_INWENT,T.E-10.04,cave_context,matched_inventory
JKTZ-OBJ-000989,Geoportal_PIG,PIG_ID,1496,cave_context,cave_single_object_assumed
JKTZ-OBJ-000989,TPN,GLOBALID,{05F4E7B0-CB85-4581-9801-3F728EBB1EE6},object,source_object
JKTZ-OBJ-000989,TPN,NR_INWENT,T.E-11.40,cave_context,matched_inventory
JKTZ-OBJ-000990,Geoportal_PIG,PIG_ID,11293,cave_context,cave_single_object_assumed
JKTZ-OBJ-000990,TPN,GLOBALID,{DB66AF9F-1408-4677-AA62-889486645567},object,source_object
JKTZ-OBJ-000990,TPN,NR_INWENT,T.D-12.27,cave_context,matched_inventory
JKTZ-OBJ-000991,Geoportal_PIG,PIG_ID,1597,cave_context,cave_single_object_assumed
JKTZ-OBJ-000991,TPN,GLOBALID,{397888B8-8D89-4FE6-8539-3CC5D04C0220},object,source_object
JKTZ-OBJ-000991,TPN,NR_INWENT,T.E-12.54,cave_context,matched_inventory
JKTZ-OBJ-000992,TPN,GLOBALID,{5085400E-9C55-4BDE-89C7-740A8F6190B6},object,source_object
JKTZ-OBJ-000993,Geoportal_PIG,PIG_ID,1213,cave_context,cave_single_object_assumed
JKTZ-OBJ-000993,TPN,GLOBALID,{E0EE1630-F20D-4FB6-BAEC-F5C9906B4DF6},object,source_object
JKTZ-OBJ-000993,TPN,NR_INWENT,T.D-12.05,cave_context,matched_inventory
JKTZ-OBJ-000994,Geoportal_PIG,PIG_ID,1577,cave_context,cave_single_object_assumed
JKTZ-OBJ-000994,TPN,GLOBALID,{CA9EF295-4FB4-43D5-9D7E-005DAC6FF8B4},object,source_object
JKTZ-OBJ-000994,TPN,NR_INWENT,T.E-13.04,cave_context,matched_inventory
JKTZ-OBJ-000995,TPN,GLOBALID,{964DB8E1-2BE8-4126-A9D2-2DA687C5CD0D},object,source_object
JKTZ-OBJ-000996,Geoportal_PIG,PIG_ID,1071,cave_context,cave_single_object_assumed
JKTZ-OBJ-000996,TPN,GLOBALID,{7D9BC151-841B-4688-8811-967984B4AABD},object,source_object
JKTZ-OBJ-000996,TPN,NR_INWENT,T.D-17.04,cave_context,matched_inventory
JKTZ-OBJ-000997,Geoportal_PIG,PIG_ID,1052,cave_context,cave_single_object_assumed
JKTZ-OBJ-000997,TPN,GLOBALID,{680A5D85-75B2-482B-9A94-D904A39945B6},object,source_object
JKTZ-OBJ-000997,TPN,NR_INWENT,T.C-15.01,cave_context,matched_inventory
JKTZ-OBJ-000998,Geoportal_PIG,PIG_ID,1126,cave_context,cave_single_object_assumed
JKTZ-OBJ-000998,TPN,GLOBALID,{169E7850-6009-4B5F-AE5C-16CC56890B97},object,source_object
JKTZ-OBJ-000998,TPN,NR_INWENT,T.D-08.37,cave_context,matched_inventory
JKTZ-OBJ-000999,TPN,GLOBALID,{72C1A44A-0423-4C26-A336-2B5CB36B3FDA},object,source_object
JKTZ-OBJ-001000,Geoportal_PIG,PIG_ID,4867,cave_context,cave_single_object_assumed
JKTZ-OBJ-001000,TPN,GLOBALID,{E565B1F6-5FC8-48E9-9ED9-E11F218C8B04},object,source_object
JKTZ-OBJ-001000,TPN,NR_INWENT,T.E-11.72,cave_context,matched_inventory
JKTZ-OBJ-001001,TPN,GLOBALID,{B8BC1EDD-8A32-4819-974B-7B55CA77221A},object,source_object
JKTZ-OBJ-001002,TPN,GLOBALID,{245D9CE7-7EA0-430E-8BD7-CB5BCB2A365B},object,source_object
JKTZ-OBJ-001003,TPN,GLOBALID,{1EC639A6-0C1C-4522-B7A4-6423E7FA3AC0},object,source_object
JKTZ-OBJ-001004,Geoportal_PIG,PIG_ID,1517,cave_context,cave_single_object_assumed
JKTZ-OBJ-001004,TPN,GLOBALID,{766D6D08-D9FD-492C-95DE-6CC01A2EFD24},object,source_object
JKTZ-OBJ-001004,TPN,NR_INWENT,T.E-11.53,cave_context,matched_inventory
JKTZ-OBJ-001005,TPN,GLOBALID,{89FC0421-8243-453B-B724-DAC2C28E9BF8},object,source_object
