jktz_object_id,object_type,object_subtype,name,source_name,object_label,cave_inventory_id,cave_name,cave_assignment_status,current_observation_id,current_source,current_x1992,current_y1992,current_z,current_lat_wgs84,current_lon_wgs84,accuracy_class,verification_status,review_status,notes,source_tpn_globalid,import_key
JKTZ-OBJ-000001,otwor_jaskini,jaskinia,Szczelinka w Głębowcu,Szczelinka w Głębowcu,,T.E-08.75,Szczelinka w Głębowcu,explicit,JKTZ-OBS-000001,TPN,152971.36,562235.67,1297.367139,,,nieokreslona,niezweryfikowane,ok,,{D7C052E6-D584-4320-B886-367312D2219F},tpn:{D7C052E6-D584-4320-B886-367312D2219F}
JKTZ-OBJ-000002,otwor_jaskini,jaskinia,Nyża pod Brzózką,Nyża pod Brzózką,,T.D-13.05,Nyża pod Brzózką,explicit,JKTZ-OBS-000002,TPN,154416.5,567679.48,1375.830628,,,nieokreslona,zweryfikowane,ok,,{38626571-CAA6-4317-8900-D61A995020E9},tpn:{38626571-CAA6-4317-8900-D61A995020E9}
JKTZ-OBJ-000003,otwor_jaskini,jaskinia,Szczelina pod Gankową I,Szczelina pod Gankową I,,T.F-09.32,Szczelina pod Gankową I,explicit,JKTZ-OBS-000003,TPN,152257.21,563743.52,1240.002327,,,nieokreslona,niezweryfikowane,ok,,{998C78C8-FE66-4FF5-A708-B7FCEB35E0C8},tpn:{998C78C8-FE66-4FF5-A708-B7FCEB35E0C8}
JKTZ-OBJ-000004,otwor_jaskini,jaskinia,Nyża w Baranich Schodkach I,Nyża w Baranich Schodkach I,,T.E-12.65,Nyża w Baranich Schodkach I,explicit,JKTZ-OBS-000004,TPN,153213.19,566950.31,1794.120804,,,nieokreslona,zweryfikowane,ok,,{3385780F-49AE-4A44-88D2-B5E0A44A6EEF},tpn:{3385780F-49AE-4A44-88D2-B5E0A44A6EEF}
JKTZ-OBJ-000005,otwor_jaskini,jaskinia,Dziurawa Koleba,Dziurawa Koleba,,T.D-08.45,Dziurawa Koleba,explicit,JKTZ-OBS-000005,TPN,153859.26,563126.37,1186.388327,,,nieokreslona,niezweryfikowane,ok,,{814F5451-68F8-4DB0-A52F-D7469D588938},tpn:{814F5451-68F8-4DB0-A52F-D7469D588938}
JKTZ-OBJ-000006,otwor_jaskini,jaskinia,Dziura w Organach I,Dziura w Organach I,,T.D-09.11,Dziura w Organach I,explicit,JKTZ-OBS-000006,TPN,153652.7,563328.75,1312.011073,,,nieokreslona,niezweryfikowane,ok,,{1D079841-BA86-4F16-A9CD-DC89A215567E},tpn:{1D079841-BA86-4F16-A9CD-DC89A215567E}
JKTZ-OBJ-000007,otwor_jaskini,jaskinia,Dziura pod Kotlinami,Dziura pod Kotlinami,,,,missing,JKTZ-OBS-000007,TPN,153002.83,567247.64,1709.266412,,,nieokreslona,zweryfikowane,needs_inventory_id,Brak NR_INWENT w zrodle TPN.,{A92FF1D1-6B71-4A2F-995D-9F7F56003701},tpn:{A92FF1D1-6B71-4A2F-995D-9F7F56003701}
JKTZ-OBJ-000008,otwor_jaskini,jaskinia,Myślenicka Dziura,Myślenicka Dziura,,T.D-16.02,Myślenicka Dziura,explicit,JKTZ-OBS-000008,TPN,154332.52,570742.14,1265.419995,,,nieokreslona,zweryfikowane,ok,,{6CE25FC0-E936-4473-BF8C-374DDAD70FF8},tpn:{6CE25FC0-E936-4473-BF8C-374DDAD70FF8}
JKTZ-OBJ-000009,otwor_jaskini,jaskinia,Jaskinia Mała w Mułowej,Jaskinia Mała w Mułowej,,T.E-11.18,Jaskinia Mała w Mułowej,explicit,JKTZ-OBS-000009,TPN,152697.08,565655.63,1753.068244,,,nieokreslona,zweryfikowane,ok,,{23287A45-D91F-46D7-A9B2-2C6EBFDA9764},tpn:{23287A45-D91F-46D7-A9B2-2C6EBFDA9764}
JKTZ-OBJ-000010,otwor_jaskini,jaskinia,Schron Partyzantów,Schron Partyzantów,,T.D-12.03,Schron Partyzantów,explicit,JKTZ-OBS-000010,TPN,153857.1,566550.62,1441.081803,,,nieokreslona,zweryfikowane,ok,,{F8CD0A11-3239-40F3-9473-2F3F67F09177},tpn:{F8CD0A11-3239-40F3-9473-2F3F67F09177}
JKTZ-OBJ-000011,otwor_jaskini,jaskinia,Schron przy Arkadzie,Schron przy Arkadzie,,T.E-09.25,Schron przy Arkadzie,explicit,JKTZ-OBS-000011,TPN,152482.95,563585.61,1221.53891,,,nieokreslona,niezweryfikowane,ok,,{FBFEAEEE-59BD-41A0-80F7-5DF22CCFFDC4},tpn:{FBFEAEEE-59BD-41A0-80F7-5DF22CCFFDC4}
JKTZ-OBJ-000012,otwor_jaskini,jaskinia,Szczelina w Niedźwiedziu,Szczelina w Niedźwiedziu,,T.D-11.03,Szczelina w Niedźwiedziu,explicit,JKTZ-OBS-000012,TPN,153895.02,566091.99,1535.266962,,,nieokreslona,zweryfikowane,ok,,{9DD1974D-1112-4D96-B545-149DEFF404F8},tpn:{9DD1974D-1112-4D96-B545-149DEFF404F8}
JKTZ-OBJ-000013,otwor_jaskini,jaskinia,Schronisko przy Jeleniej Perci,Schronisko przy Jeleniej Perci,,T.E-07.38,Schronisko przy Jeleniej Perci,explicit,JKTZ-OBS-000013,TPN,152993.91,562117.66,1373.779577,,,nieokreslona,niezweryfikowane,ok,,{B6F7153B-1D72-4F3E-9B70-BEBBF10E52CF},tpn:{B6F7153B-1D72-4F3E-9B70-BEBBF10E52CF}
JKTZ-OBJ-000014,otwor_jaskini,jaskinia,Jaskinia Ziobrowa,Jaskinia Ziobrowa,,T.E-08.25,Jaskinia Ziobrowa,explicit,JKTZ-OBS-000014,TPN,152736.38,562858.16,1075.590663,,,nieokreslona,niezweryfikowane,ok,,{F98E8983-73F8-411C-AC19-A8159D2509EE},tpn:{F98E8983-73F8-411C-AC19-A8159D2509EE}
JKTZ-OBJ-000015,otwor_jaskini,jaskinia,Schron przed Sową III,Schron przed Sową III,,T.D-08.34,Schron przed Sową III,explicit,JKTZ-OBS-000015,TPN,153919.16,562896.87,1010.281746,,,nieokreslona,niezweryfikowane,ok,,{999266F2-D9FD-4E23-95C7-B33DF9249882},tpn:{999266F2-D9FD-4E23-95C7-B33DF9249882}
JKTZ-OBJ-000016,otwor_jaskini,jaskinia,Szczelina w Łomiku,Szczelina w Łomiku,,,,missing,JKTZ-OBS-000016,TPN,156110.25,568939.79,1249.337206,,,nieokreslona,zweryfikowane,needs_inventory_id,Brak NR_INWENT w zrodle TPN.,{4B93FEA3-BF1A-4B34-BD98-0E41E9535BE9},tpn:{4B93FEA3-BF1A-4B34-BD98-0E41E9535BE9}
JKTZ-OBJ-000017,otwor_jaskini,jaskinia,Dziura pod Świstową Studnią,Dziura pod Świstową Studnią,,T.E-12.35,Dziura pod Świstową Studnią,explicit,JKTZ-OBS-000017,TPN,153017.46,567244.57,1685.524588,,,nieokreslona,zweryfikowane,ok,,{AE41691D-E8DC-446A-803F-0CEF3B31291E},tpn:{AE41691D-E8DC-446A-803F-0CEF3B31291E}
JKTZ-OBJ-000018,otwor_jaskini,jaskinia,Schron w Kondratowych Basztach,Schron w Kondratowych Basztach,,,,missing,JKTZ-OBS-000018,TPN,153392.77,568279.1,1564.720792,,,nieokreslona,zweryfikowane,needs_inventory_id,Brak NR_INWENT w zrodle TPN.,{61A88B7E-F4D7-448E-89C5-22F89BA5BAEF},tpn:{61A88B7E-F4D7-448E-89C5-22F89BA5BAEF}
JKTZ-OBJ-000019,otwor_jaskini,jaskinia,Szczelina w Zameczkach,Szczelina w Zameczkach,,,,missing,JKTZ-OBS-000019,TPN,155087.54,569205.61,1362.970544,,,nieokreslona,zweryfikowane,needs_inventory_id,Brak NR_INWENT w zrodle TPN.,{5760C06D-8E78-4D2C-A4DF-2A3FCB0BF8B2},tpn:{5760C06D-8E78-4D2C-A4DF-2A3FCB0BF8B2}
JKTZ-OBJ-000020,otwor_jaskini,jaskinia,Nisza przy Zagonie,Nisza przy Zagonie,,T.D-12.06,Nisza przy Zagonie,explicit,JKTZ-OBS-000020,TPN,153674.94,566321.93,1704.767986,,,nieokreslona,zweryfikowane,ok,,{D1D15AFB-85BE-4030-9CDE-B5185CA4AEDB},tpn:{D1D15AFB-85BE-4030-9CDE-B5185CA4AEDB}
JKTZ-OBJ-000021,otwor_jaskini,jaskinia,Szczelina przy Zawieszonej Skale I,Szczelina przy Zawieszonej Skale I,,T.E-07.17,Szczelina przy Zawieszonej Skale I,explicit,JKTZ-OBS-000021,TPN,153188.18,561828.64,1374.415382,,,nieokreslona,niezweryfikowane,ok,,{D3CBAA6B-3606-410F-966E-C456312CA3C2},tpn:{D3CBAA6B-3606-410F-966E-C456312CA3C2}
JKTZ-OBJ-000022,otwor_jaskini,jaskinia,Schronisko w Dolinie za Bramką,Schronisko w Dolinie za Bramką,,T.B-12.11,Schronisko w Dolinie za Bramką,explicit,JKTZ-OBS-000022,TPN,155843.05,566915.62,1206.268003,,,nieokreslona,zweryfikowane,ok,,{0B841FD6-F169-4101-B7A1-13349B2E1714},tpn:{0B841FD6-F169-4101-B7A1-13349B2E1714}
JKTZ-OBJ-000023,otwor_jaskini,jaskinia,Dudzia Dziura,Dudzia Dziura,,T.E-09.21,Dudzia Dziura,explicit,JKTZ-OBS-000023,TPN,152394.6,563494.99,1260.389356,,,nieokreslona,niezweryfikowane,ok,,{B1F9FAAC-54C4-4E08-A474-CB2CEAD0F2A9},tpn:{B1F9FAAC-54C4-4E08-A474-CB2CEAD0F2A9}
JKTZ-OBJ-000024,otwor_jaskini,jaskinia,Ptasia Studnia,Ptasia Studnia,,T.E-11.06,Ptasia Studnia,explicit,JKTZ-OBS-000024,TPN,152901.32,565839.53,1650.610092,,,nieokreslona,zweryfikowane,ok,,{E03549BE-8CD5-4C62-865B-15FC23EC2AB2},tpn:{E03549BE-8CD5-4C62-865B-15FC23EC2AB2}
JKTZ-OBJ-000025,otwor_jaskini,jaskinia,Jaskinia Trójkątna,Jaskinia Trójkątna,,T.E-12.23,Jaskinia Trójkątna,explicit,JKTZ-OBS-000025,TPN,153426.76,566942.83,1837.153378,,,nieokreslona,zweryfikowane,ok,,{B342F3C4-2EB2-4F37-BAA0-C0356B2332DD},tpn:{B342F3C4-2EB2-4F37-BAA0-C0356B2332DD}
JKTZ-OBJ-000026,otwor_jaskini,jaskinia,Schron nad Progiem,Schron nad Progiem,,T.D-08.65,Schron nad Progiem,explicit,JKTZ-OBS-000026,TPN,153647.71,563012.28,1015.568368,,,nieokreslona,niezweryfikowane,ok,,{7214936D-EDAA-436F-919F-4E57B947EA74},tpn:{7214936D-EDAA-436F-919F-4E57B947EA74}
JKTZ-OBJ-000027,otwor_jaskini,jaskinia,Gawra w Kondratowych Basztach,Gawra w Kondratowych Basztach,,,,missing,JKTZ-OBS-000027,TPN,153384.15,568111.1,1652.330193,,,nieokreslona,zweryfikowane,needs_inventory_id,Brak NR_INWENT w zrodle TPN.,{B70FDCF8-521F-4619-9B06-77D598113DCF},tpn:{B70FDCF8-521F-4619-9B06-77D598113DCF}
JKTZ-OBJ-000028,otwor_jaskini,jaskinia,Bardzo Niska Nyża,Bardzo Niska Nyża,,T.D-08.57,Bardzo Niska Nyża,explicit,JKTZ-OBS-000028,TPN,153614.36,563124.85,1129.38876,,,nieokreslona,niezweryfikowane,ok,,{828E69B9-913C-4FEC-BB29-A74214B52584},tpn:{828E69B9-913C-4FEC-BB29-A74214B52584}
JKTZ-OBJ-000029,otwor_jaskini,jaskinia,Korytarz nad Piargiem,Korytarz nad Piargiem,,T.E-11.38,Korytarz nad Piargiem,explicit,JKTZ-OBS-000029,TPN,153025.2,565861.43,1433.958221,,,nieokreslona,zweryfikowane,ok,,{6765FD85-422E-4241-A4CC-6E06612D0EB1},tpn:{6765FD85-422E-4241-A4CC-6E06612D0EB1}
JKTZ-OBJ-000030,otwor_jaskini,jaskinia,Szczelina nad Lejem,Szczelina nad Lejem,,T.D-22.04,Szczelina nad Lejem,explicit,JKTZ-OBS-000030,TPN,154055.82,576941.96,1762.278017,,,nieokreslona,niezweryfikowane,ok,,{F67B912E-F7AA-4F5E-AF7E-EF9EFEAE6C64},tpn:{F67B912E-F7AA-4F5E-AF7E-EF9EFEAE6C64}
JKTZ-OBJ-000031,otwor_jaskini,jaskinia,Żeleźniakowa Brama,Żeleźniakowa Brama,,T.E-08.49,Żeleźniakowa Brama,explicit,JKTZ-OBS-000031,TPN,152980.27,562357.93,1261.061962,,,nieokreslona,niezweryfikowane,ok,,{8700627C-CF7F-4AD8-8365-131FD3EDC9BE},tpn:{8700627C-CF7F-4AD8-8365-131FD3EDC9BE}
JKTZ-OBJ-000032,otwor_jaskini,jaskinia,Jaskinia pod Głazem,Jaskinia pod Głazem,,T.E-07.06,Jaskinia pod Głazem,explicit,JKTZ-OBS-000032,TPN,153090.69,561279.43,1725.595068,,,nieokreslona,niezweryfikowane,ok,,{26CC4BA6-2813-4889-9312-D65B431DB780},tpn:{26CC4BA6-2813-4889-9312-D65B431DB780}
JKTZ-OBJ-000033,otwor_jaskini,jaskinia,Jaskinia za Mnichem,Jaskinia za Mnichem,,T.E-13.14,Jaskinia za Mnichem,explicit,JKTZ-OBS-000033,TPN,153527.52,567458.23,1518.218977,,,nieokreslona,zweryfikowane,ok,,{A2896787-3BDE-4F05-94AF-189809FB5825},tpn:{A2896787-3BDE-4F05-94AF-189809FB5825}
JKTZ-OBJ-000034,otwor_jaskini,jaskinia,Schron przy Smoczej Jamie,Schron przy Smoczej Jamie,,T.E-08.33,Schron przy Smoczej Jamie,explicit,JKTZ-OBS-000034,TPN,152638.24,563107.68,1100.650693,,,nieokreslona,niezweryfikowane,ok,,{78811F4C-AD7F-4979-998E-9E6F998F446C},tpn:{78811F4C-AD7F-4979-998E-9E6F998F446C}
JKTZ-OBJ-000035,otwor_jaskini,jaskinia,Szczelina przy Bańdziochu,Szczelina przy Bańdziochu,,T.E-07.44,Szczelina przy Bańdziochu,explicit,JKTZ-OBS-000035,TPN,153310.89,561819.39,1365.144801,,,nieokreslona,niezweryfikowane,ok,,{F194637E-621B-4B2C-8EDF-283C3FA343C3},tpn:{F194637E-621B-4B2C-8EDF-283C3FA343C3}
JKTZ-OBJ-000036,obiekt_terenowy,,Szczelina nad Okapami,Szczelina nad Okapami,,,,missing,JKTZ-OBS-000036,TPN,153673.53,566892.52,1520.233053,,,nieokreslona,niezweryfikowane,needs_inventory_id,Brak NR_INWENT w zrodle TPN.,{32002BF4-19E5-4BDC-8EF1-93D2E7B54909},tpn:{32002BF4-19E5-4BDC-8EF1-93D2E7B54909}
JKTZ-OBJ-000037,sztolnia,sztolnia,Sztolnia na Klinowej Czubie nr 8,Sztolnia na Klinowej Czubie nr 8,,,,missing,JKTZ-OBS-000037,TPN,155114.12,559959.52,1189.342539,,,nieokreslona,niezweryfikowane,needs_inventory_id,Brak NR_INWENT w zrodle TPN.,{5811B4F0-9466-491F-A4A5-28ED700D1A5D},tpn:{5811B4F0-9466-491F-A4A5-28ED700D1A5D}
JKTZ-OBJ-000038,otwor_jaskini,jaskinia,Gawra nad Pisaną,Gawra nad Pisaną,,,,missing,JKTZ-OBS-000038,TPN,153277.24,563756.67,1489.321899,,,nieokreslona,zweryfikowane,needs_inventory_id,Brak NR_INWENT w zrodle TPN.,{AFC28DA7-F21D-4303-8707-C5412DD4C64E},tpn:{AFC28DA7-F21D-4303-8707-C5412DD4C64E}
JKTZ-OBJ-000039,otwor_jaskini,jaskinia,Wielka Nyża,Wielka Nyża,,T.D-08.26,Wielka Nyża,explicit,JKTZ-OBS-000039,TPN,153596.1,562549.56,1269.906936,,,nieokreslona,niezweryfikowane,ok,,{CBCA9AB2-077A-44A4-ACA8-973CEE8B7111},tpn:{CBCA9AB2-077A-44A4-ACA8-973CEE8B7111}
JKTZ-OBJ-000040,otwor_jaskini,jaskinia,Szemrzący Schron,Szemrzący Schron,,T.D-06.03,Szemrzący Schron,explicit,JKTZ-OBS-000040,TPN,153391.94,561104.54,1550.764316,,,nieokreslona,niezweryfikowane,ok,,{E83DDD29-C1ED-4024-80E0-C661BFFEC1C2},tpn:{E83DDD29-C1ED-4024-80E0-C661BFFEC1C2}
JKTZ-OBJ-000041,otwor_jaskini,jaskinia,Szczelina nad Strzelistą,Szczelina nad Strzelistą,,T.E-12.20,Szczelina nad Strzelistą,explicit,JKTZ-OBS-000041,TPN,153440.89,566801.8,1748.177779,,,nieokreslona,zweryfikowane,ok,,{2BE48BA1-AA64-4C81-BC60-19BF9348CAB8},tpn:{2BE48BA1-AA64-4C81-BC60-19BF9348CAB8}
JKTZ-OBJ-000042,otwor_jaskini,jaskinia,Kalacki Korytarzyk,Kalacki Korytarzyk,,T.C-15.12,Kalacki Korytarzyk,explicit,JKTZ-OBS-000042,TPN,154762.68,570134.76,1316.049435,,,nieokreslona,zweryfikowane,ok,,{1E5492F0-EDC5-4BD3-A6D8-8B73A03F059D},tpn:{1E5492F0-EDC5-4BD3-A6D8-8B73A03F059D}
JKTZ-OBJ-000043,otwor_jaskini,jaskinia,Królicza Jama,Królicza Jama,,T.E-12.27,Królicza Jama,explicit,JKTZ-OBS-000043,TPN,152877.6,566988.15,1880.734959,,,nieokreslona,zweryfikowane,ok,,{81318770-25A4-4060-93DD-59E069D20EC7},tpn:{81318770-25A4-4060-93DD-59E069D20EC7}
JKTZ-OBJ-000044,otwor_jaskini,jaskinia,Wyzior,Wyzior,,T.E-08.21,Wyzior,explicit,JKTZ-OBS-000044,TPN,152798.4,562890.8,1055.980888,,,nieokreslona,zweryfikowane,ok,,{4E4EA3F1-E282-453F-84B2-D982B498ADF4},tpn:{4E4EA3F1-E282-453F-84B2-D982B498ADF4}
JKTZ-OBJ-000045,otwor_jaskini,jaskinia,Jaskinia Wilcza,Jaskinia Wilcza,,T.E-12.64,Jaskinia Wilcza,explicit,JKTZ-OBS-000045,TPN,153023.53,567229.72,1668.921853,,,nieokreslona,zweryfikowane,ok,,{ECA70A41-1AD6-452F-861C-ED58D62E7F94},tpn:{ECA70A41-1AD6-452F-861C-ED58D62E7F94}
JKTZ-OBJ-000046,sztolnia,sztolnia,Sztolnie w Żlebie pod Banie,Sztolnie w Żlebie pod Banie,,,,missing,JKTZ-OBS-000046,TPN,151364.2,561315.18,1425.727936,,,nieokreslona,niezweryfikowane,needs_inventory_id,Brak NR_INWENT w zrodle TPN.,{F4D11F48-14AF-4A26-9FBC-A3366D5BF8D2},tpn:{F4D11F48-14AF-4A26-9FBC-A3366D5BF8D2}
JKTZ-OBJ-000047,otwor_jaskini,jaskinia,Jędrusiowa Dziura,Jędrusiowa Dziura,,T.E-12.43,Jędrusiowa Dziura,explicit,JKTZ-OBS-000047,TPN,153136.78,567192.34,1592.032975,,,nieokreslona,zweryfikowane,ok,,{E70A776D-C9AC-48BB-995F-303241B61670},tpn:{E70A776D-C9AC-48BB-995F-303241B61670}
JKTZ-OBJ-000048,otwor_jaskini,jaskinia,Okap z Kotem,Okap z Kotem,,,,missing,JKTZ-OBS-000048,TPN,154213.68,563094.2,1047.456288,,,nieokreslona,niezweryfikowane,needs_inventory_id,Brak NR_INWENT w zrodle TPN.,{AF10A02B-D9B1-4697-950C-C58015B51296},tpn:{AF10A02B-D9B1-4697-950C-C58015B51296}
JKTZ-OBJ-000049,otwor_jaskini,jaskinia,Nisza przy Szemrzącym Schronie II,Nisza przy Szemrzącym Schronie II,,T.D-06.16,Nisza przy Szemrzącym Schronie II,explicit,JKTZ-OBS-000049,TPN,153399.13,561187.31,1509.424523,,,nieokreslona,niezweryfikowane,ok,,{2A1DB3F5-3264-4C30-97F2-96525AA7AE9A},tpn:{2A1DB3F5-3264-4C30-97F2-96525AA7AE9A}
JKTZ-OBJ-000050,otwor_jaskini,jaskinia,Żółta Dziura,Żółta Dziura,,T.E-09.16,Żółta Dziura,explicit,JKTZ-OBS-000050,TPN,152570.41,563415.36,1170.963737,,,nieokreslona,niezweryfikowane,ok,,{192FF205-AACF-4A53-A1BF-C5B44B89846E},tpn:{192FF205-AACF-4A53-A1BF-C5B44B89846E}
JKTZ-OBJ-000051,otwor_jaskini,jaskinia,Szczelina na Grzędzie,Szczelina na Grzędzie,,T.E-08.54,Szczelina na Grzędzie,explicit,JKTZ-OBS-000051,TPN,153070.3,562360.56,1184.456536,,,nieokreslona,niezweryfikowane,ok,,{BFD29C11-0C0C-4F4F-9577-18E86BA1FBD1},tpn:{BFD29C11-0C0C-4F4F-9577-18E86BA1FBD1}
JKTZ-OBJ-000052,otwor_jaskini,jaskinia,Szczelina w Grani II,Szczelina w Grani II,,T.E-06.13,Szczelina w Grani II,explicit,JKTZ-OBS-000052,TPN,153119.7,561204.7,1765.491339,,,nieokreslona,niezweryfikowane,ok,,{3CE9AF97-B67A-47F3-9309-60A8442F46E7},tpn:{3CE9AF97-B67A-47F3-9309-60A8442F46E7}
JKTZ-OBJ-000053,otwor_jaskini,jaskinia,Nyża w Siodłowej Turni,Nyża w Siodłowej Turni,,T.D-13.06,Nyża w Siodłowej Turni,explicit,JKTZ-OBS-000053,TPN,153872.18,567452.61,1627.701753,,,nieokreslona,zweryfikowane,ok,,{17B71AD0-C006-49F2-B2F0-E0094F4DD061},tpn:{17B71AD0-C006-49F2-B2F0-E0094F4DD061}
JKTZ-OBJ-000054,otwor_jaskini,jaskinia,Jaskinia Rura Kominiarska,Jaskinia Rura Kominiarska,,T.E-07.09,Jaskinia Rura Kominiarska,explicit,JKTZ-OBS-000054,TPN,153103.21,561714.93,1574.448662,,,nieokreslona,niezweryfikowane,ok,,{E64BC09B-435E-4D2A-86FF-F67516F671D6},tpn:{E64BC09B-435E-4D2A-86FF-F67516F671D6}
JKTZ-OBJ-000055,sztolnia,sztolnia,Sztolnia w Żlebie pod Czerwienicą,Sztolnia w Żlebie pod Czerwienicą,,,,missing,JKTZ-OBS-000055,TPN,154077.5,572944.52,1573.75552,,,nieokreslona,niezweryfikowane,needs_inventory_id,Brak NR_INWENT w zrodle TPN.,{C92929A3-56C0-4CE7-A989-3F2E432AF387},tpn:{C92929A3-56C0-4CE7-A989-3F2E432AF387}
JKTZ-OBJ-000056,otwor_jaskini,jaskinia,Schron w Progu Mułowym,Schron w Progu Mułowym,,T.E-11.32,Schron w Progu Mułowym,explicit,JKTZ-OBS-000056,TPN,152873.11,565724.53,1533.492319,,,nieokreslona,zweryfikowane,ok,,{EE94CEE2-4D9C-49DF-94E5-5AFC8EFE020B},tpn:{EE94CEE2-4D9C-49DF-94E5-5AFC8EFE020B}
JKTZ-OBJ-000057,otwor_jaskini,jaskinia,Grota u podnóża Myślenickich Turni,Grota u podnóża Myślenickich Turni,,T.D-16.08,Grota u podnóża Myślenickich Turni,explicit,JKTZ-OBS-000057,TPN,154323.5,570770.74,1282.792789,,,nieokreslona,zweryfikowane,ok,,{81F8A0BB-6D7F-4E11-A86C-AD579575AC13},tpn:{81F8A0BB-6D7F-4E11-A86C-AD579575AC13}
JKTZ-OBJ-000058,otwor_jaskini,jaskinia,Jaskinia Wodna pod Raptawicką Turnią,Jaskinia Wodna pod Raptawicką Turnią,,T.E-08.29,Jaskinia Wodna pod Raptawicką Turnią,explicit,JKTZ-OBS-000058,TPN,152953.27,562898.52,1020.972651,,,nieokreslona,zweryfikowane,ok,,{5D25E8E1-4107-4E28-807D-318D7D0C0EF3},tpn:{5D25E8E1-4107-4E28-807D-318D7D0C0EF3}
JKTZ-OBJ-000059,otwor_jaskini,jaskinia,Szczelina Chochołowska,Szczelina Chochołowska,,T.D-04.02,Szczelina Chochołowska,explicit,JKTZ-OBS-000059,TPN,153466.42,559084.12,1065.434167,,,nieokreslona,zweryfikowane,ok,,{42E28FBC-EA46-4966-AF00-6C30A195195F},tpn:{42E28FBC-EA46-4966-AF00-6C30A195195F}
JKTZ-OBJ-000060,otwor_jaskini,jaskinia,Szczelina za Ptakową Turnią,Szczelina za Ptakową Turnią,,T.E-09.42,Szczelina za Ptakową Turnią,explicit,JKTZ-OBS-000060,TPN,152488.96,563814.02,1372.671127,,,nieokreslona,niezweryfikowane,ok,,{618BB524-677E-40BC-83ED-EA213385FA49},tpn:{618BB524-677E-40BC-83ED-EA213385FA49}
JKTZ-OBJ-000061,otwor_jaskini,jaskinia,Schron przy Zagonie,Schron przy Zagonie,,,,missing,JKTZ-OBS-000061,TPN,153823.01,566570.26,1406.243938,,,nieokreslona,zweryfikowane,needs_inventory_id,Brak NR_INWENT w zrodle TPN.,{D1372576-F8E4-440B-BFDE-A01BFDE6BCF2},tpn:{D1372576-F8E4-440B-BFDE-A01BFDE6BCF2}
JKTZ-OBJ-000062,otwor_jaskini,jaskinia,Dziura w Kondratowych Basztach,Dziura w Kondratowych Basztach,,,,missing,JKTZ-OBS-000062,TPN,153463.41,567993.52,1657.875924,,,nieokreslona,zweryfikowane,needs_inventory_id,Brak NR_INWENT w zrodle TPN.,{D22B814F-00F6-46BE-A245-547F46E810C1},tpn:{D22B814F-00F6-46BE-A245-547F46E810C1}
JKTZ-OBJ-000063,otwor_jaskini,jaskinia,Świstowa Studnia,Świstowa Studnia,,T.E-12.29,Świstowa Studnia,explicit,JKTZ-OBS-000063,TPN,153044.75,567271.45,1668.811263,,,nieokreslona,zweryfikowane,ok,,{49C610D9-1F24-4303-82A8-9E077342683E},tpn:{49C610D9-1F24-4303-82A8-9E077342683E}
JKTZ-OBJ-000064,otwor_jaskini,jaskinia,Dziura w Burcie,Dziura w Burcie,,,,missing,JKTZ-OBS-000064,TPN,154223.18,563123.32,1105.003896,,,nieokreslona,niezweryfikowane,needs_inventory_id,Brak NR_INWENT w zrodle TPN.,{BA97358D-C961-45B2-8A59-F1423AD3E8A9},tpn:{BA97358D-C961-45B2-8A59-F1423AD3E8A9}
JKTZ-OBJ-000065,otwor_jaskini,jaskinia,Awen Odpękniętych Nacieków,Awen Odpękniętych Nacieków,,T.E-07.01,Awen Odpękniętych Nacieków,explicit,JKTZ-OBS-000065,TPN,153152.64,561391.76,1672.133483,,,nieokreslona,niezweryfikowane,ok,,{A5AC9B07-F788-4069-8D07-D7D775B1BF2C},tpn:{A5AC9B07-F788-4069-8D07-D7D775B1BF2C}
JKTZ-OBJ-000066,otwor_jaskini,jaskinia,Jaskinia Niedźwiedzia Średnia,Jaskinia Niedźwiedzia Średnia,,T.D-10.04,Jaskinia Niedźwiedzia Średnia,explicit,JKTZ-OBS-000066,TPN,153603.58,565120.34,1369.430276,,,nieokreslona,zweryfikowane,ok,,{5CB9D2A5-061C-4E63-809A-6A25603C7F8D},tpn:{5CB9D2A5-061C-4E63-809A-6A25603C7F8D}
JKTZ-OBJ-000067,otwor_jaskini,jaskinia,Rura nad Okapami,Rura nad Okapami,,,,missing,JKTZ-OBS-000067,TPN,153689.33,566881.09,1502.592509,,,nieokreslona,zweryfikowane,needs_inventory_id,Brak NR_INWENT w zrodle TPN.,{86E6E8C9-8495-4E9B-8E89-BC4BC2ADEC06},tpn:{86E6E8C9-8495-4E9B-8E89-BC4BC2ADEC06}
JKTZ-OBJ-000068,otwor_jaskini,jaskinia,Nyża nad Bramką,Nyża nad Bramką,,T.E-07.36,Nyża nad Bramką,explicit,JKTZ-OBS-000068,TPN,153053.21,562281.03,1265.98581,,,nieokreslona,niezweryfikowane,ok,,{D54F8971-A987-4EC7-9C67-DFE1B2F4BA0C},tpn:{D54F8971-A987-4EC7-9C67-DFE1B2F4BA0C}
JKTZ-OBJ-000069,otwor_jaskini,jaskinia,Szczelina nad Żlebem,Szczelina nad Żlebem,,T.E-08.36,Szczelina nad Żlebem,explicit,JKTZ-OBS-000069,TPN,152704.92,562605.12,1146.27517,,,nieokreslona,niezweryfikowane,ok,,{A8872736-80B6-4D68-BD07-7FE4F614CBA5},tpn:{A8872736-80B6-4D68-BD07-7FE4F614CBA5}
JKTZ-OBJ-000070,otwor_jaskini,jaskinia,Groby,Groby,,T.E-08.17,Groby,explicit,JKTZ-OBS-000070,TPN,152475.66,562970.05,1268.163301,,,nieokreslona,niezweryfikowane,ok,,{351F2F77-2551-4AE3-B265-F5F16650E8DE},tpn:{351F2F77-2551-4AE3-B265-F5F16650E8DE}
JKTZ-OBJ-000071,otwor_jaskini,jaskinia,Schronisko nad Wiśniakową Jamą,Schronisko nad Wiśniakową Jamą,,T.E-07.28,Schronisko nad Wiśniakową Jamą,explicit,JKTZ-OBS-000071,TPN,153009.79,561962.3,1490.438831,,,nieokreslona,niezweryfikowane,ok,,{89115F60-C282-4C40-938A-229569CE132E},tpn:{89115F60-C282-4C40-938A-229569CE132E}
JKTZ-OBJ-000072,otwor_jaskini,jaskinia,Szczelina przy Tomanowym Okapie,Szczelina przy Tomanowym Okapie,,T.F-11.08,Szczelina przy Tomanowym Okapie,explicit,JKTZ-OBS-000072,TPN,151843.7,565369.12,1948.984684,,,nieokreslona,niezweryfikowane,ok,,{89707F71-ADEB-45FD-BCC7-E742BA6867FF},tpn:{89707F71-ADEB-45FD-BCC7-E742BA6867FF}
JKTZ-OBJ-000073,otwor_jaskini,jaskinia,Szczelina na Zakręcie I,Szczelina na Zakręcie I,,T.E-09.37,Szczelina na Zakręcie I,explicit,JKTZ-OBS-000073,TPN,152523.99,563479.63,1163.019343,,,nieokreslona,niezweryfikowane,ok,,{B79197F0-C5A7-4141-B05A-9E2AEE44FAA3},tpn:{B79197F0-C5A7-4141-B05A-9E2AEE44FAA3}
JKTZ-OBJ-000074,otwor_jaskini,jaskinia,Szczelina w Ratuszu Miętusim,Szczelina w Ratuszu Miętusim,,T.E-11.43,Szczelina w Ratuszu Miętusim,explicit,JKTZ-OBS-000074,TPN,153192.97,565876.24,1427.515682,,,nieokreslona,zweryfikowane,ok,,{E7AEB398-23B8-4263-A174-E85DF8FAC176},tpn:{E7AEB398-23B8-4263-A174-E85DF8FAC176}
JKTZ-OBJ-000075,otwor_jaskini,jaskinia,Jaskinia Zakosista,Jaskinia Zakosista,,T.F-09.04,Jaskinia Zakosista,explicit,JKTZ-OBS-000075,TPN,152276.11,563594.02,1281.250019,,,nieokreslona,zweryfikowane,ok,,{44D5526F-B287-47F6-8DA5-DF5615A512F5},tpn:{44D5526F-B287-47F6-8DA5-DF5615A512F5}
JKTZ-OBJ-000076,otwor_jaskini,jaskinia,Lejowa Szczelina,Lejowa Szczelina,,T.E-06.07,Lejowa Szczelina,explicit,JKTZ-OBS-000076,TPN,153182.11,561221.04,1722.098028,,,nieokreslona,niezweryfikowane,ok,,{D22B7269-0B61-4D30-9E8E-D6BEC62E1313},tpn:{D22B7269-0B61-4D30-9E8E-D6BEC62E1313}
JKTZ-OBJ-000077,otwor_jaskini,jaskinia,Spękana Szczelina,Spękana Szczelina,,T.E-09.34,Spękana Szczelina,explicit,JKTZ-OBS-000077,TPN,152415.5,563643.37,1237.615691,,,nieokreslona,niezweryfikowane,ok,,{76ACE9B4-C7AD-4B71-98C3-57BFB5D3D6B7},tpn:{76ACE9B4-C7AD-4B71-98C3-57BFB5D3D6B7}
JKTZ-OBJ-000078,otwor_jaskini,jaskinia,Jaworzyński Schron,Jaworzyński Schron,,T.A-23.02,Jaworzyński Schron,explicit,JKTZ-OBS-000078,TPN,157701.94,578008.01,989.1632917,,,nieokreslona,zweryfikowane,ok,,{14FF6C3F-B38F-4AD2-B1DF-B5BE096EE464},tpn:{14FF6C3F-B38F-4AD2-B1DF-B5BE096EE464}
JKTZ-OBJ-000079,otwor_jaskini,jaskinia,Capkowa Szczelina,Capkowa Szczelina,,T.A-16.01,Capkowa Szczelina,explicit,JKTZ-OBS-000079,TPN,157279.15,570819.65,972.1624449,,,nieokreslona,zweryfikowane,ok,,{0A21805B-CA7B-42FB-BE38-FC4615E28C2B},tpn:{0A21805B-CA7B-42FB-BE38-FC4615E28C2B}
JKTZ-OBJ-000080,otwor_jaskini,jaskinia,Dolny Lej,Dolny Lej,,T.E-12.09,Dolny Lej,explicit,JKTZ-OBS-000080,TPN,152944.95,567235.31,1751.602906,,,nieokreslona,zweryfikowane,ok,,{1EBBBB08-F5B4-496B-88FD-3F0DF099F549},tpn:{1EBBBB08-F5B4-496B-88FD-3F0DF099F549}
JKTZ-OBJ-000081,otwor_jaskini,jaskinia,Koliby,Koliby,,T.F-09.09,Koliby,explicit,JKTZ-OBS-000081,TPN,152265.92,563808.26,1281.550366,,,nieokreslona,niezweryfikowane,ok,,{524DED86-FF47-4A92-AD52-1D79D1BB0CE0},tpn:{524DED86-FF47-4A92-AD52-1D79D1BB0CE0}
JKTZ-OBJ-000082,otwor_jaskini,jaskinia,Dziura nad Mylną,Dziura nad Mylną,,T.E-08.12,Dziura nad Mylną,explicit,JKTZ-OBS-000082,TPN,152765.96,562678.09,1166.414857,,,nieokreslona,zweryfikowane,ok,,{902C0DF0-F53D-4DAB-B3DC-2CE16D9240AF},tpn:{902C0DF0-F53D-4DAB-B3DC-2CE16D9240AF}
JKTZ-OBJ-000083,otwor_jaskini,jaskinia,"Jaskinia Czarna, N",Jaskinia Czarna,N,T.E-09.12,Jaskinia Czarna,inferred_by_unique_name,JKTZ-OBS-000083,TPN,153660.06,564120.85,1404.441269,,,nieokreslona,zweryfikowane,needs_inventory_id_confirmation,Brak NR_INWENT w TPN; kandydat po nazwie: T.E-09.12.,{B918424F-9161-4841-8BC8-0051445A4D29},tpn:{B918424F-9161-4841-8BC8-0051445A4D29}
JKTZ-OBJ-000084,otwor_jaskini,jaskinia,Zbójnicka Rura,Zbójnicka Rura,,T.E-08.68,Zbójnicka Rura,explicit,JKTZ-OBS-000084,TPN,152472.25,562953.36,1279.522045,,,nieokreslona,niezweryfikowane,ok,,{E939B7F8-14B9-4DA3-96CC-4797B4FFC957},tpn:{E939B7F8-14B9-4DA3-96CC-4797B4FFC957}
JKTZ-OBJ-000085,otwor_jaskini,jaskinia,Dziura w Miedzianym Kosturze II,Dziura w Miedzianym Kosturze II,,T.J-21.02,Dziura w Miedzianym Kosturze II,explicit,JKTZ-OBS-000085,TPN,149042.95,576158.26,1977.932711,,,nieokreslona,niezweryfikowane,ok,,{AE72E4C2-DE63-4A82-BBDE-EB4737E7C96E},tpn:{AE72E4C2-DE63-4A82-BBDE-EB4737E7C96E}
JKTZ-OBJ-000086,otwor_jaskini,jaskinia,Schron w Zawracie Kasprowym,Schron w Zawracie Kasprowym,,,,missing,JKTZ-OBS-000086,TPN,153945.98,572353.92,1580.273854,,,nieokreslona,zweryfikowane,needs_inventory_id,Brak NR_INWENT w zrodle TPN.,{A3228025-863C-4833-9DA9-2AC6337E1F66},tpn:{A3228025-863C-4833-9DA9-2AC6337E1F66}
JKTZ-OBJ-000087,otwor_jaskini,jaskinia,Jaskinia Dwuotworowa w Iwanówce,Jaskinia Dwuotworowa w Iwanówce,,T.E-05.01,Jaskinia Dwuotworowa w Iwanówce,explicit,JKTZ-OBS-000087,TPN,152937.41,560094.97,1568.125325,,,nieokreslona,niezweryfikowane,ok,,{7E200520-8625-46CB-B5F0-27B8C0526FC8},tpn:{7E200520-8625-46CB-B5F0-27B8C0526FC8}
JKTZ-OBJ-000088,otwor_jaskini,jaskinia,Szczelina przed Kufą,Szczelina przed Kufą,,T.D-06.13,Szczelina przed Kufą,explicit,JKTZ-OBS-000088,TPN,153514.37,561009.33,1528.559492,,,nieokreslona,niezweryfikowane,ok,,{1519106B-EFAE-4FFD-89FB-66ECF9B97C30},tpn:{1519106B-EFAE-4FFD-89FB-66ECF9B97C30}
JKTZ-OBJ-000089,sztolnia,sztolnia,Sztolnia w Żlebie Piekło,Sztolnia w Żlebie Piekło,,,,missing,JKTZ-OBS-000089,TPN,151635.42,559821.15,1336.180803,,,nieokreslona,niezweryfikowane,needs_inventory_id,Brak NR_INWENT w zrodle TPN.,{5DEECEF0-D133-4954-9235-6229FC686B9F},tpn:{5DEECEF0-D133-4954-9235-6229FC686B9F}
JKTZ-OBJ-000090,otwor_jaskini,jaskinia,Nyża przy Starym Szlaku,Nyża przy Starym Szlaku,,T.D-13.07,Nyża przy Starym Szlaku,explicit,JKTZ-OBS-000090,TPN,154060.35,567396.67,1594.086893,,,nieokreslona,zweryfikowane,ok,,{05425E8B-3834-443F-9B98-84AE0A28C558},tpn:{05425E8B-3834-443F-9B98-84AE0A28C558}
JKTZ-OBJ-000091,otwor_jaskini,jaskinia,Jaskinia Skoruszowa,Jaskinia Skoruszowa,,T.E-09.03,Jaskinia Skoruszowa,explicit,JKTZ-OBS-000091,TPN,152512.63,563611.81,1260.075246,,,nieokreslona,niezweryfikowane,ok,,{4A2E89DD-C0BF-4E5D-BFA8-9E7D8ADCAA3D},tpn:{4A2E89DD-C0BF-4E5D-BFA8-9E7D8ADCAA3D}
JKTZ-OBJ-000092,otwor_jaskini,jaskinia,Zbójnicka Kapliczka,Zbójnicka Kapliczka,,T.A-23.03,Zbójnicka Kapliczka,explicit,JKTZ-OBS-000092,TPN,157704.54,577973.63,1027.639458,,,nieokreslona,zweryfikowane,ok,,{EE12FF57-96EE-40FD-A663-DCAEA84BBF41},tpn:{EE12FF57-96EE-40FD-A663-DCAEA84BBF41}
JKTZ-OBJ-000093,otwor_jaskini,jaskinia,Żwirowa Dziura Niżnia,Żwirowa Dziura Niżnia,,T.D-09.06,Żwirowa Dziura Niżnia,explicit,JKTZ-OBS-000093,TPN,153823.61,563252.26,1299.29757,,,nieokreslona,niezweryfikowane,ok,,{5E109AAD-EC27-43C8-AF97-E9492B597F11},tpn:{5E109AAD-EC27-43C8-AF97-E9492B597F11}
JKTZ-OBJ-000094,otwor_jaskini,jaskinia,Schronisko nad Trawersem w Żeleźniaku II,Schronisko nad Trawersem w Żeleźniaku II,,T.E-07.40,Schronisko nad Trawersem w Żeleźniaku II,explicit,JKTZ-OBS-000094,TPN,153212.56,561692.05,1465.739413,,,nieokreslona,niezweryfikowane,ok,,{F24A8A97-D766-469F-89FD-820E6DC620AE},tpn:{F24A8A97-D766-469F-89FD-820E6DC620AE}
JKTZ-OBJ-000095,otwor_jaskini,jaskinia,Schronisko w Małym Żlebku,Schronisko w Małym Żlebku,,T.A-12.01,Schronisko w Małym Żlebku,explicit,JKTZ-OBS-000095,TPN,156719.02,566251.03,1029.9826,,,nieokreslona,zweryfikowane,ok,,{B0E22FDF-7578-4B2F-A4F7-3EEE8AB78A77},tpn:{B0E22FDF-7578-4B2F-A4F7-3EEE8AB78A77}
JKTZ-OBJ-000096,otwor_jaskini,jaskinia,Szczelina za Okrętem II,Szczelina za Okrętem II,,T.D-08.47,Szczelina za Okrętem II,explicit,JKTZ-OBS-000096,TPN,154058.67,563069.11,1101.47658,,,nieokreslona,niezweryfikowane,ok,,{6BC083E5-EF96-4B9F-85BD-E6ED886486B0},tpn:{6BC083E5-EF96-4B9F-85BD-E6ED886486B0}
JKTZ-OBJ-000097,otwor_jaskini,jaskinia,Jaskinia pod Wiśniakową Jamą,Jaskinia pod Wiśniakową Jamą,,T.E-07.26,Jaskinia pod Wiśniakową Jamą,explicit,JKTZ-OBS-000097,TPN,153015.58,561992.14,1459.95574,,,nieokreslona,niezweryfikowane,ok,,{F8EBFB04-FBA4-43FB-B027-7B7C4D3BEF30},tpn:{F8EBFB04-FBA4-43FB-B027-7B7C4D3BEF30}
JKTZ-OBJ-000098,otwor_jaskini,jaskinia,Jaskinia Ciasna,Jaskinia Ciasna,,T.F-09.06,Jaskinia Ciasna,explicit,JKTZ-OBS-000098,TPN,152267.32,563596.31,1271.883951,,,nieokreslona,niezweryfikowane,ok,,{ECDF2AB2-13A3-4F53-8B99-1B2BFBEE2D0A},tpn:{ECDF2AB2-13A3-4F53-8B99-1B2BFBEE2D0A}
JKTZ-OBJ-000099,otwor_jaskini,jaskinia,"Jaskinia nad Korytem, NW",Jaskinia nad Korytem,NW,T.D-12.10,Jaskinia nad Korytem,explicit,JKTZ-OBS-000099,TPN,153771.47,566266.52,1622.372288,,,nieokreslona,zweryfikowane,ok,,{7954AF44-5E53-42D8-A3EC-2C817D4A5421},tpn:{7954AF44-5E53-42D8-A3EC-2C817D4A5421}
JKTZ-OBJ-000100,otwor_jaskini,jaskinia,Dziura w Wielkiej Turni,Dziura w Wielkiej Turni,,T.F-09.31,Dziura w Wielkiej Turni,explicit,JKTZ-OBS-000100,TPN,152298.12,563551.51,1279.288658,,,nieokreslona,niezweryfikowane,ok,,{71E373C5-CEB5-409E-8B36-1BA95C7DE17F},tpn:{71E373C5-CEB5-409E-8B36-1BA95C7DE17F}
JKTZ-OBJ-000101,otwor_jaskini,jaskinia,Gawra we Wysrankach,Gawra we Wysrankach,,,,missing,JKTZ-OBS-000101,TPN,153952.67,563801.33,1199.427985,,,nieokreslona,zweryfikowane,needs_inventory_id,Brak NR_INWENT w zrodle TPN.,{4C30384D-7D8D-48D8-8D57-AEA8CC59687C},tpn:{4C30384D-7D8D-48D8-8D57-AEA8CC59687C}
JKTZ-OBJ-000102,otwor_jaskini,jaskinia,Kominek przy Bańdziochu,Kominek przy Bańdziochu,,T.E-07.42,Kominek przy Bańdziochu,explicit,JKTZ-OBS-000102,TPN,153101.25,561829.94,1505.66994,,,nieokreslona,niezweryfikowane,ok,,{9202C685-6AA8-4E4B-95D6-ED9D24166BC3},tpn:{9202C685-6AA8-4E4B-95D6-ED9D24166BC3}
JKTZ-OBJ-000103,otwor_jaskini,jaskinia,Jaskinia Koszowa,Jaskinia Koszowa,,T.D-22.02,Jaskinia Koszowa,explicit,JKTZ-OBS-000103,TPN,154054.91,577097.61,1763.604,,,nieokreslona,niezweryfikowane,ok,,{1F704D07-E20F-45A0-9D42-CBC0A19163FE},tpn:{1F704D07-E20F-45A0-9D42-CBC0A19163FE}
JKTZ-OBJ-000104,otwor_jaskini,jaskinia,Mała Szczelina w Tomanowym Grzbiecie,Mała Szczelina w Tomanowym Grzbiecie,,T.F-10.22,Mała Szczelina w Tomanowym Grzbiecie,explicit,JKTZ-OBS-000104,TPN,151745.47,565156.96,1786.184305,,,nieokreslona,niezweryfikowane,ok,,{1B3C3A21-95DF-4879-83C6-FEA85C95E7AA},tpn:{1B3C3A21-95DF-4879-83C6-FEA85C95E7AA}
JKTZ-OBJ-000105,otwor_jaskini,jaskinia,Jaskinia Lejowa Wyżnia,Jaskinia Lejowa Wyżnia,,T.E-07.04,Jaskinia Lejowa Wyżnia,explicit,JKTZ-OBS-000105,TPN,153124.66,561354.51,1721.460787,,,nieokreslona,niezweryfikowane,ok,,{ACAF21E8-6600-4C10-8BE9-09F9502AE7BD},tpn:{ACAF21E8-6600-4C10-8BE9-09F9502AE7BD}
JKTZ-OBJ-000106,otwor_jaskini,jaskinia,Nyża za Załomem,Nyża za Załomem,,T.E-08.44,Nyża za Załomem,explicit,JKTZ-OBS-000106,TPN,152667.11,562914,1152.212546,,,nieokreslona,niezweryfikowane,ok,,{FFCFAB90-7CFA-42F5-8050-BC13F041A3CE},tpn:{FFCFAB90-7CFA-42F5-8050-BC13F041A3CE}
JKTZ-OBJ-000107,otwor_jaskini,jaskinia,Schronisko przy Ścianach II,Schronisko przy Ścianach II,,,,missing,JKTZ-OBS-000107,TPN,153922.84,559833.92,1165.372298,,,nieokreslona,zweryfikowane,needs_inventory_id,Brak NR_INWENT w zrodle TPN.,{1B23AA17-69C9-486D-B03B-089AADB88194},tpn:{1B23AA17-69C9-486D-B03B-089AADB88194}
JKTZ-OBJ-000108,otwor_jaskini,jaskinia,Tunel pod Upłazkowym Przechodem,Tunel pod Upłazkowym Przechodem,,T.E-09.46,Tunel pod Upłazkowym Przechodem,explicit,JKTZ-OBS-000108,TPN,152635.29,563892.38,1535.098897,,,nieokreslona,niezweryfikowane,ok,,{5D102BCA-7697-444F-B98A-AF5027B41B3F},tpn:{5D102BCA-7697-444F-B98A-AF5027B41B3F}
JKTZ-OBJ-000109,otwor_jaskini,jaskinia,Maćkowa Dziura,Maćkowa Dziura,,T.E-12.62,Maćkowa Dziura,explicit,JKTZ-OBS-000109,TPN,153329.81,566842.49,1832.130275,,,nieokreslona,zweryfikowane,ok,,{F243F916-6346-4DE3-BE9F-8CB9EEE0ECA3},tpn:{F243F916-6346-4DE3-BE9F-8CB9EEE0ECA3}
JKTZ-OBJ-000110,otwor_jaskini,jaskinia,Dziura nad Jaskinią Śpiących Rycerzy III,Dziura nad Jaskinią Śpiących Rycerzy III,,T.D-12.22,Dziura nad Jaskinią Śpiących Rycerzy III,explicit,JKTZ-OBS-000110,TPN,154027.91,567189.36,1428.152347,,,nieokreslona,zweryfikowane,ok,,{B080E627-E031-4C6B-BE69-B88ABDEC0B36},tpn:{B080E627-E031-4C6B-BE69-B88ABDEC0B36}
JKTZ-OBJ-000111,otwor_jaskini,jaskinia,Krucha Szczelina,Krucha Szczelina,,T.E-11.26,Krucha Szczelina,explicit,JKTZ-OBS-000111,TPN,153034.45,565540.26,1439.423324,,,nieokreslona,niezweryfikowane,ok,,{FF043CA8-B739-4323-848E-6FF5898BB486},tpn:{FF043CA8-B739-4323-848E-6FF5898BB486}
JKTZ-OBJ-000112,otwor_jaskini,jaskinia,Jaskinia Turoniowa,Jaskinia Turoniowa,,T.E-11.55,Jaskinia Turoniowa,explicit,JKTZ-OBS-000112,TPN,152829.62,566110.46,1785.848452,,,nieokreslona,niezweryfikowane,ok,,{E2E3CEBB-86BF-4564-9A8E-FBE69771F394},tpn:{E2E3CEBB-86BF-4564-9A8E-FBE69771F394}
JKTZ-OBJ-000113,otwor_jaskini,jaskinia,Dziura pod Lodową Małołącką II,Dziura pod Lodową Małołącką II,,T.E-13.24,Dziura pod Lodową Małołącką II,explicit,JKTZ-OBS-000113,TPN,153252.15,567561.87,1634.403178,,,nieokreslona,zweryfikowane,ok,,{088C1F4A-7C5B-4F1B-BCAD-527D58944742},tpn:{088C1F4A-7C5B-4F1B-BCAD-527D58944742}
JKTZ-OBJ-000114,otwor_jaskini,jaskinia,Staszkowa Studnia,Staszkowa Studnia,,T.Z-21.01,Staszkowa Studnia,explicit,JKTZ-OBS-000114,TPN,157933.1,575994.93,993.7527671,,,nieokreslona,zweryfikowane,ok,,{8E71492B-6D42-445F-A274-55643FB31390},tpn:{8E71492B-6D42-445F-A274-55643FB31390}
JKTZ-OBJ-000115,otwor_jaskini,jaskinia,Ptasi Schron,Ptasi Schron,,T.F-09.26,Ptasi Schron,explicit,JKTZ-OBS-000115,TPN,152065.69,563985.49,1317.446233,,,nieokreslona,niezweryfikowane,ok,,{A8FED4CD-2E6C-44E9-B7E7-37B6A0ACB20A},tpn:{A8FED4CD-2E6C-44E9-B7E7-37B6A0ACB20A}
JKTZ-OBJ-000116,otwor_jaskini,jaskinia,Harnasiowa Szczelina,Harnasiowa Szczelina,,T.E-11.52,Harnasiowa Szczelina,explicit,JKTZ-OBS-000116,TPN,153005.91,565406.07,1623.495653,,,nieokreslona,niezweryfikowane,ok,,{F39B8A6B-C967-491A-9E0A-C1E5C7B7E30E},tpn:{F39B8A6B-C967-491A-9E0A-C1E5C7B7E30E}
JKTZ-OBJ-000117,otwor_jaskini,jaskinia,Szczelina pod Lodową,Szczelina pod Lodową,,T.F-10.11,Szczelina pod Lodową,explicit,JKTZ-OBS-000117,TPN,151926.74,564661.9,1596.904313,,,nieokreslona,zweryfikowane,ok,,{4CFCD808-D82B-4786-8BF0-36DFE7178B04},tpn:{4CFCD808-D82B-4786-8BF0-36DFE7178B04}
JKTZ-OBJ-000118,otwor_jaskini,jaskinia,Jaskinia między Żleby,Jaskinia między Żleby,,T.D-08.06,Jaskinia między Żleby,explicit,JKTZ-OBS-000118,TPN,153961.35,563055.69,1116.172741,,,nieokreslona,niezweryfikowane,ok,,{95763B5B-269A-4A91-B8BB-0417988E978D},tpn:{95763B5B-269A-4A91-B8BB-0417988E978D}
JKTZ-OBJ-000119,sztolnia,sztolnia,Sztolnia w Dolinie Białego nr 1,Sztolnia w Dolinie Białego nr 1,,,,missing,JKTZ-OBS-000119,TPN,156532.54,569519.71,958.2595783,,,nieokreslona,niezweryfikowane,needs_inventory_id,Brak NR_INWENT w zrodle TPN.,{0606A079-D986-44F9-BC11-22BE576A107E},tpn:{0606A079-D986-44F9-BC11-22BE576A107E}
JKTZ-OBJ-000120,otwor_jaskini,jaskinia,Dziura pod Jaskinią Magurską,Dziura pod Jaskinią Magurską,,T.D-18.06,Dziura pod Jaskinią Magurską,explicit,JKTZ-OBS-000120,TPN,154203.99,572535.02,1370.611069,,,nieokreslona,zweryfikowane,ok,,{89D967B0-2FCC-4557-AC77-BC25689156FA},tpn:{89D967B0-2FCC-4557-AC77-BC25689156FA}
JKTZ-OBJ-000121,otwor_jaskini,jaskinia,Jaskinia Niedźwiedzia Niżnia,Jaskinia Niedźwiedzia Niżnia,,T.D-10.03,Jaskinia Niedźwiedzia Niżnia,explicit,JKTZ-OBS-000121,TPN,153638.88,565152.07,1294.846492,,,nieokreslona,zweryfikowane,ok,,{DB1988C1-E24D-4770-9EB1-A3318C513815},tpn:{DB1988C1-E24D-4770-9EB1-A3318C513815}
JKTZ-OBJ-000122,otwor_jaskini,jaskinia,Szczelina z Mostkiem,Szczelina z Mostkiem,,T.D-08.62,Szczelina z Mostkiem,explicit,JKTZ-OBS-000122,TPN,153619.9,563222.66,1207.451486,,,nieokreslona,niezweryfikowane,ok,,{347E9678-1439-45D4-B7A1-F3F8F7D66921},tpn:{347E9678-1439-45D4-B7A1-F3F8F7D66921}
JKTZ-OBJ-000123,otwor_jaskini,jaskinia,Szczelina w Żlebie z Bramką II,Szczelina w Żlebie z Bramką II,,T.E-08.56,Szczelina w Żlebie z Bramką II,explicit,JKTZ-OBS-000123,TPN,153111.58,562409.43,1144.191458,,,nieokreslona,niezweryfikowane,ok,,{2D720753-31D1-4190-99BE-A5C2C9709B92},tpn:{2D720753-31D1-4190-99BE-A5C2C9709B92}
JKTZ-OBJ-000124,otwor_jaskini,jaskinia,Schronisko pod Dziobem III,Schronisko pod Dziobem III,,T.E-05.04,Schronisko pod Dziobem III,explicit,JKTZ-OBS-000124,TPN,153040.15,559973.29,1487.80386,,,nieokreslona,niezweryfikowane,ok,,{02BC3513-59CD-4DEA-B46C-DDB0D0FE8665},tpn:{02BC3513-59CD-4DEA-B46C-DDB0D0FE8665}
JKTZ-OBJ-000125,otwor_jaskini,jaskinia,Schron nad Dziurą Wyżnią,Schron nad Dziurą Wyżnią,,T.B-14.05,Schron nad Dziurą Wyżnią,explicit,JKTZ-OBS-000125,TPN,156432.69,568598.9,1036.193873,,,nieokreslona,zweryfikowane,ok,,{C242E183-BA4E-4792-B7AD-961E8D3C0F08},tpn:{C242E183-BA4E-4792-B7AD-961E8D3C0F08}
JKTZ-OBJ-000126,otwor_jaskini,jaskinia,Głowoniowa Nyża,Głowoniowa Nyża,,T.H-23.01,Głowoniowa Nyża,explicit,JKTZ-OBS-000126,TPN,150907.35,578158.52,1615.412983,,,nieokreslona,zweryfikowane,ok,,{8E29E068-8568-4D5A-83F4-BFEBE59FC95A},tpn:{8E29E068-8568-4D5A-83F4-BFEBE59FC95A}
JKTZ-OBJ-000127,otwor_jaskini,jaskinia,Dziura nad Wantulami III,Dziura nad Wantulami III,,T.D-10.08,Dziura nad Wantulami III,explicit,JKTZ-OBS-000127,TPN,153731.8,565071.99,1305.719153,,,nieokreslona,niezweryfikowane,ok,,{D1D5D5F1-2530-4A20-92B4-E7E90BC5F5D7},tpn:{D1D5D5F1-2530-4A20-92B4-E7E90BC5F5D7}
JKTZ-OBJ-000128,otwor_jaskini,jaskinia,Kalacka Nyża V,Kalacka Nyża V,,,,missing,JKTZ-OBS-000128,TPN,154765.94,570098.1,1313.50377,,,nieokreslona,zweryfikowane,needs_inventory_id,Brak NR_INWENT w zrodle TPN.,{840F8DD0-1013-4E80-9156-14863D013448},tpn:{840F8DD0-1013-4E80-9156-14863D013448}
JKTZ-OBJ-000129,otwor_jaskini,jaskinia,Tomanowa Szczelina I,Tomanowa Szczelina I,,T.F-11.19,Tomanowa Szczelina I,explicit,JKTZ-OBS-000129,TPN,151660.62,565784.8,1994.708799,,,nieokreslona,niezweryfikowane,ok,,{4FC50BEB-F256-44C8-9F80-0F1F82000086},tpn:{4FC50BEB-F256-44C8-9F80-0F1F82000086}
JKTZ-OBJ-000130,otwor_jaskini,jaskinia,Jaskinia Zawaliskowa w Stołach,Jaskinia Zawaliskowa w Stołach,,T.D-08.25,Jaskinia Zawaliskowa w Stołach,explicit,JKTZ-OBS-000130,TPN,153644.58,562606.25,1292.515578,,,nieokreslona,niezweryfikowane,ok,,{8FF59A68-A36F-45F1-A1CD-0886CFCFA15C},tpn:{8FF59A68-A36F-45F1-A1CD-0886CFCFA15C}
JKTZ-OBJ-000131,otwor_jaskini,jaskinia,Szczelina w Iwanówce,Szczelina w Iwanówce,,T.E-05.07,Szczelina w Iwanówce,explicit,JKTZ-OBS-000131,TPN,153038.28,559751.43,1406.592123,,,nieokreslona,niezweryfikowane,ok,,{64959601-03DE-4D5F-97B7-0D7B3AD605A1},tpn:{64959601-03DE-4D5F-97B7-0D7B3AD605A1}
JKTZ-OBJ-000132,otwor_jaskini,jaskinia,Dziura w Kończystej Niżnia,Dziura w Kończystej Niżnia,,T.B-09.02,Dziura w Kończystej Niżnia,explicit,JKTZ-OBS-000132,TPN,155549.93,563894.33,1208.253058,,,nieokreslona,niezweryfikowane,ok,,{0257A120-426E-4B7D-B47F-1D9F853C6C85},tpn:{0257A120-426E-4B7D-B47F-1D9F853C6C85}
JKTZ-OBJ-000133,otwor_jaskini,jaskinia,Schron przy Źródle,Schron przy Źródle,,T.G-19.04,Schron przy Źródle,explicit,JKTZ-OBS-000133,TPN,151708.35,573417.44,1779.916426,,,nieokreslona,niezweryfikowane,ok,,{31379085-223B-4255-804D-B8FE31E0865A},tpn:{31379085-223B-4255-804D-B8FE31E0865A}
JKTZ-OBJ-000134,otwor_jaskini,jaskinia,Jaskinia w Szerokiem,Jaskinia w Szerokiem,,T.E-11.04,Jaskinia w Szerokiem,explicit,JKTZ-OBS-000134,TPN,152686.79,565434.5,1858.337752,,,nieokreslona,niezweryfikowane,ok,,{A7462111-5667-464E-AC98-6191F66412C5},tpn:{A7462111-5667-464E-AC98-6191F66412C5}
JKTZ-OBJ-000135,otwor_jaskini,jaskinia,Dziura w Czerwonym Groniku,Dziura w Czerwonym Groniku,,T.B-09.18,Dziura w Czerwonym Groniku,explicit,JKTZ-OBS-000135,TPN,155820.38,563963.8,1233.770944,,,nieokreslona,zweryfikowane,ok,,{9BE7870B-E6E5-4B59-9A0E-907DB8D4EC8D},tpn:{9BE7870B-E6E5-4B59-9A0E-907DB8D4EC8D}
JKTZ-OBJ-000136,otwor_jaskini,jaskinia,Mnichowa Studnia Wyżnia,Mnichowa Studnia Wyżnia,,T.E-13.03,Mnichowa Studnia Wyżnia,explicit,JKTZ-OBS-000136,TPN,153274.76,567643.46,1699.893361,,,nieokreslona,zweryfikowane,ok,,{29508047-79F7-4739-BAD5-FC2D7E4CAD8B},tpn:{29508047-79F7-4739-BAD5-FC2D7E4CAD8B}
JKTZ-OBJ-000137,otwor_jaskini,jaskinia,Schron nad Szczeliną w Wielkich Koryciskach,Schron nad Szczeliną w Wielkich Koryciskach,,T.B-04.07,Schron nad Szczeliną w Wielkich Koryciskach,explicit,JKTZ-OBS-000137,TPN,156015.1,558643.56,1080.640289,,,nieokreslona,zweryfikowane,ok,,{4939EEC8-117A-4FC5-97CA-82A9ECEB565C},tpn:{4939EEC8-117A-4FC5-97CA-82A9ECEB565C}
JKTZ-OBJ-000138,otwor_jaskini,jaskinia,Jaskinia Miętusia,Jaskinia Miętusia,,T.D-11.01,Jaskinia Miętusia,explicit,JKTZ-OBS-000138,TPN,153599.76,565391.38,1271.290985,,,nieokreslona,zweryfikowane,ok,,{32B460B7-EE70-42D2-991B-798FF9AEEE46},tpn:{32B460B7-EE70-42D2-991B-798FF9AEEE46}
JKTZ-OBJ-000139,otwor_jaskini,jaskinia,Jaskinia z Mułem,Jaskinia z Mułem,,T.E-07.31,Jaskinia z Mułem,explicit,JKTZ-OBS-000139,TPN,153014.28,562132.12,1346.493488,,,nieokreslona,niezweryfikowane,ok,,{F8EFA103-21D1-4E22-9652-A4B21DB05B28},tpn:{F8EFA103-21D1-4E22-9652-A4B21DB05B28}
JKTZ-OBJ-000140,otwor_jaskini,jaskinia,Jarząbczy Schron,Jarząbczy Schron,,,,missing,JKTZ-OBS-000140,TPN,148386.91,557539.51,1777.818382,,,nieokreslona,zweryfikowane,needs_inventory_id,Brak NR_INWENT w zrodle TPN.,{D06EAAA8-1A55-4ECB-8C1C-3D5E7C499BDD},tpn:{D06EAAA8-1A55-4ECB-8C1C-3D5E7C499BDD}
JKTZ-OBJ-000141,otwor_jaskini,jaskinia,Szczelina w Uwozisku,Szczelina w Uwozisku,,T.E-07.48,Szczelina w Uwozisku,explicit,JKTZ-OBS-000141,TPN,152392.74,562253.52,1200.691669,,,nieokreslona,niezweryfikowane,ok,,{FB71F07A-6BAC-40E0-9E45-7A32EFFE49C0},tpn:{FB71F07A-6BAC-40E0-9E45-7A32EFFE49C0}
JKTZ-OBJ-000142,otwor_jaskini,jaskinia,Studzienka przy Pomaranczarni,Studzienka przy Pomaranczarni,,,,missing,JKTZ-OBS-000142,TPN,153591.24,567572.55,1652.81397,,,nieokreslona,zweryfikowane,needs_inventory_id,Brak NR_INWENT w zrodle TPN.,{74EBCFAC-7BBB-4D82-A73F-524887F40151},tpn:{74EBCFAC-7BBB-4D82-A73F-524887F40151}
JKTZ-OBJ-000143,otwor_jaskini,jaskinia,Wyżnia Szczelina w Zadnim Kościelcu,Wyżnia Szczelina w Zadnim Kościelcu,,T.G-19.01,Wyżnia Szczelina w Zadnim Kościelcu,explicit,JKTZ-OBS-000143,TPN,151080.91,573883.89,2083.078386,,,nieokreslona,niezweryfikowane,ok,,{92E40144-6EFD-4D36-B306-4D32B4E56D59},tpn:{92E40144-6EFD-4D36-B306-4D32B4E56D59}
JKTZ-OBJ-000144,otwor_jaskini,jaskinia,Dziura w Organach III,Dziura w Organach III,,T.D-09.09,Dziura w Organach III,explicit,JKTZ-OBS-000144,TPN,153578.61,563248.75,1219.607109,,,nieokreslona,niezweryfikowane,ok,,{65B7B865-77D5-43A4-94F1-0A31EBA041DB},tpn:{65B7B865-77D5-43A4-94F1-0A31EBA041DB}
JKTZ-OBJ-000145,otwor_jaskini,jaskinia,Zapadlisko,Zapadlisko,,,,missing,JKTZ-OBS-000145,TPN,152935.31,567031.82,1838.447584,,,nieokreslona,zweryfikowane,needs_inventory_id,Brak NR_INWENT w zrodle TPN.,{E306CFB8-DE61-4E12-B244-DFFE0ACA3586},tpn:{E306CFB8-DE61-4E12-B244-DFFE0ACA3586}
JKTZ-OBJ-000146,otwor_jaskini,jaskinia,Szczelina w Ratuszu,Szczelina w Ratuszu,,T.E-09.29,Szczelina w Ratuszu,explicit,JKTZ-OBS-000146,TPN,152559.7,563350.67,1170.969292,,,nieokreslona,niezweryfikowane,ok,,{0021B205-658A-4117-BFF5-E29A95612527},tpn:{0021B205-658A-4117-BFF5-E29A95612527}
JKTZ-OBJ-000147,otwor_jaskini,jaskinia,Szczelina w Tomanowym Grzbiecie VI,Szczelina w Tomanowym Grzbiecie VI,,T.F-10.17,Szczelina w Tomanowym Grzbiecie VI,explicit,JKTZ-OBS-000147,TPN,151811.07,565205.76,1841.665084,,,nieokreslona,niezweryfikowane,ok,,{3C6678C5-9B82-4DB8-8DE9-AB31B1F31A5D},tpn:{3C6678C5-9B82-4DB8-8DE9-AB31B1F31A5D}
JKTZ-OBJ-000148,otwor_jaskini,jaskinia,Mała Szczelina,Mała Szczelina,,T.E-08.26,Mała Szczelina,explicit,JKTZ-OBS-000148,TPN,152719.18,562879.63,1107.041042,,,nieokreslona,niezweryfikowane,ok,,{06B61B57-90EB-48CA-8FF2-DC177585F725},tpn:{06B61B57-90EB-48CA-8FF2-DC177585F725}
JKTZ-OBJ-000149,otwor_jaskini,jaskinia,Jaskinia Pomarańczarnia,Jaskinia Pomarańczarnia,,T.E-13.05,Jaskinia Pomarańczarnia,explicit,JKTZ-OBS-000149,TPN,153591.23,567579.95,1649.115085,,,nieokreslona,zweryfikowane,ok,,{7B2AA2B6-021E-4E82-9917-3CA034CC9A2D},tpn:{7B2AA2B6-021E-4E82-9917-3CA034CC9A2D}
JKTZ-OBJ-000150,otwor_jaskini,jaskinia,Szczelina w Progu Mułowym,Szczelina w Progu Mułowym,,T.E-11.54,Szczelina w Progu Mułowym,explicit,JKTZ-OBS-000150,TPN,152731.17,565747.73,1715.261701,,,nieokreslona,zweryfikowane,ok,,{B6C15540-AA7A-40D4-8413-729340088802},tpn:{B6C15540-AA7A-40D4-8413-729340088802}
JKTZ-OBJ-000151,otwor_jaskini,jaskinia,Studzienka za Ratuszem,Studzienka za Ratuszem,,T.E-11.63,Studzienka za Ratuszem,explicit,JKTZ-OBS-000151,TPN,153241.69,566194.53,1676.122075,,,nieokreslona,niezweryfikowane,ok,,{125AB922-4EED-48FE-AE4A-E12D5453BD26},tpn:{125AB922-4EED-48FE-AE4A-E12D5453BD26}
JKTZ-OBJ-000152,otwor_jaskini,jaskinia,Szczelina Salicylowa,Szczelina Salicylowa,,,,missing,JKTZ-OBS-000152,TPN,151926.32,564681.5,1619.870315,,,nieokreslona,zweryfikowane,needs_inventory_id,Brak NR_INWENT w zrodle TPN.,{9C221920-8DB8-42B8-9363-FF0D31EB6CBF},tpn:{9C221920-8DB8-42B8-9363-FF0D31EB6CBF}
JKTZ-OBJ-000153,otwor_jaskini,jaskinia,Dziura w Ździarach,Dziura w Ździarach,,T.E-09.27,Dziura w Ździarach,explicit,JKTZ-OBS-000153,TPN,153110.91,563905.86,1553.179018,,,nieokreslona,niezweryfikowane,ok,,{70E23A03-450D-43C9-9578-0CD5E598B65C},tpn:{70E23A03-450D-43C9-9578-0CD5E598B65C}
JKTZ-OBJ-000154,otwor_jaskini,jaskinia,Myslenicka Rura,Myslenicka Rura,,,,missing,JKTZ-OBS-000154,TPN,154292.42,570783.23,1308.688254,,,nieokreslona,zweryfikowane,needs_inventory_id,Brak NR_INWENT w zrodle TPN.,{A8920EDC-9F80-4B86-AA53-B0628CD02173},tpn:{A8920EDC-9F80-4B86-AA53-B0628CD02173}
JKTZ-OBJ-000155,otwor_jaskini,jaskinia,Dziura w Ciemniaku,Dziura w Ciemniaku,,T.F-11.14,Dziura w Ciemniaku,explicit,JKTZ-OBS-000155,TPN,152006.03,565606.22,2059.842638,,,nieokreslona,zweryfikowane,ok,,{1AE231CE-01B5-404E-BE33-9DF945BEF690},tpn:{1AE231CE-01B5-404E-BE33-9DF945BEF690}
JKTZ-OBJ-000156,otwor_jaskini,jaskinia,Szczelina nad Okapami,Szczelina nad Okapami,,,,missing,JKTZ-OBS-000156,TPN,153674.87,566891.33,1514.183319,,,nieokreslona,zweryfikowane,needs_inventory_id,Brak NR_INWENT w zrodle TPN.,{42D3F366-F55C-48CF-A5BC-1EAABE01CC7F},tpn:{42D3F366-F55C-48CF-A5BC-1EAABE01CC7F}
JKTZ-OBJ-000157,otwor_jaskini,jaskinia,Wiśniakowa Jama,Wiśniakowa Jama,,T.E-07.27,Wiśniakowa Jama,explicit,JKTZ-OBS-000157,TPN,153015.18,561977.17,1476.261877,,,nieokreslona,niezweryfikowane,ok,,{90721570-515B-4EB9-A3F6-D01B25187407},tpn:{90721570-515B-4EB9-A3F6-D01B25187407}
JKTZ-OBJ-000158,otwor_jaskini,jaskinia,Jaskinia nad Beczką,Jaskinia nad Beczką,,T.F-09.43,Jaskinia nad Beczką,explicit,JKTZ-OBS-000158,TPN,152194.69,564315.41,1413.757328,,,nieokreslona,niezweryfikowane,ok,,{F109B6A3-6ABD-4ECA-A4F6-7F342F61371C},tpn:{F109B6A3-6ABD-4ECA-A4F6-7F342F61371C}
JKTZ-OBJ-000159,otwor_jaskini,jaskinia,Schronisko nad Bramą,Schronisko nad Bramą,,T.E-07.49,Schronisko nad Bramą,explicit,JKTZ-OBS-000159,TPN,153047.68,562261.18,1265.03454,,,nieokreslona,niezweryfikowane,ok,,{3CE5E8DE-4CD1-400E-A642-D66663ECFDB2},tpn:{3CE5E8DE-4CD1-400E-A642-D66663ECFDB2}
JKTZ-OBJ-000160,otwor_jaskini,jaskinia,Schron nad Sniezna,Schron nad Sniezna,,,,missing,JKTZ-OBS-000160,TPN,152862.96,567407.76,1726.637645,,,nieokreslona,zweryfikowane,needs_inventory_id,Brak NR_INWENT w zrodle TPN.,{D6DA794E-6CD4-4CDC-9342-B94BE4734FCA},tpn:{D6DA794E-6CD4-4CDC-9342-B94BE4734FCA}
JKTZ-OBJ-000161,otwor_jaskini,jaskinia,Szczelina nad Jaskinią w Dudzińcu,Szczelina nad Jaskinią w Dudzińcu,,T.D-05.10,Szczelina nad Jaskinią w Dudzińcu,explicit,JKTZ-OBS-000161,TPN,153604.59,559687.02,1260.019842,,,nieokreslona,zweryfikowane,ok,,{92F2C4AF-5932-4666-BD1E-96985A1B17DA},tpn:{92F2C4AF-5932-4666-BD1E-96985A1B17DA}
JKTZ-OBJ-000162,otwor_jaskini,jaskinia,Szczelina pod Tunelem Pawlikowskiego,Szczelina pod Tunelem Pawlikowskiego,,T.D-08.51,Szczelina pod Tunelem Pawlikowskiego,explicit,JKTZ-OBS-000162,TPN,153938.08,563045.31,1075.8995,,,nieokreslona,niezweryfikowane,ok,,{51AB7014-9FEB-4E1A-97FA-902ABE7CC018},tpn:{51AB7014-9FEB-4E1A-97FA-902ABE7CC018}
JKTZ-OBJ-000163,otwor_jaskini,jaskinia,Szczelina w Nosalu,Szczelina w Nosalu,,,,missing,JKTZ-OBS-000163,TPN,157098.88,571818.34,1168.960709,,,nieokreslona,zweryfikowane,needs_inventory_id,Brak NR_INWENT w zrodle TPN.,{07247104-AFDF-41DE-82F4-3C841DC0CA24},tpn:{07247104-AFDF-41DE-82F4-3C841DC0CA24}
JKTZ-OBJ-000164,otwor_jaskini,jaskinia,Szczelina za Okrętem I,Szczelina za Okrętem I,,T.D-08.46,Szczelina za Okrętem I,explicit,JKTZ-OBS-000164,TPN,154125.01,562478.59,1245.192026,,,nieokreslona,niezweryfikowane,ok,,{7759C129-816F-4BE2-9E60-BE844111364E},tpn:{7759C129-816F-4BE2-9E60-BE844111364E}
JKTZ-OBJ-000165,otwor_jaskini,jaskinia,Jaskinia Lodowa Małołącka,Jaskinia Lodowa Małołącka,,T.E-13.02,Jaskinia Lodowa Małołącka,explicit,JKTZ-OBS-000165,TPN,153262.03,567562.36,1637.100508,,,nieokreslona,zweryfikowane,ok,,{6F686C88-D161-433B-B965-9575E18E0DE8},tpn:{6F686C88-D161-433B-B965-9575E18E0DE8}
JKTZ-OBJ-000166,otwor_jaskini,jaskinia,Samkowy Schron,Samkowy Schron,,,,missing,JKTZ-OBS-000166,TPN,156364.05,567691.48,1015.366016,,,nieokreslona,zweryfikowane,needs_inventory_id,Brak NR_INWENT w zrodle TPN.,{2B10B023-5F25-4CC3-B9F8-3BA313D9C527},tpn:{2B10B023-5F25-4CC3-B9F8-3BA313D9C527}
JKTZ-OBJ-000167,otwor_jaskini,jaskinia,Dziura przy Lodowej Małołąckiej II,Dziura przy Lodowej Małołąckiej II,,T.E-13.21,Dziura przy Lodowej Małołąckiej II,explicit,JKTZ-OBS-000167,TPN,153268.87,567565.91,1639.867888,,,nieokreslona,zweryfikowane,ok,,{40A3AA6A-A1F7-4A6F-B1FD-AE2174C03C07},tpn:{40A3AA6A-A1F7-4A6F-B1FD-AE2174C03C07}
JKTZ-OBJ-000168,otwor_jaskini,jaskinia,Jaskinia Zwolińskiego,Jaskinia Zwolińskiego,,T.D-16.14,Jaskinia Zwolińskiego,explicit,JKTZ-OBS-000168,TPN,154223.52,571106.3,1290.089909,,,nieokreslona,zweryfikowane,ok,,{0F21A995-EA21-4992-9864-B1A4D54E1A66},tpn:{0F21A995-EA21-4992-9864-B1A4D54E1A66}
JKTZ-OBJ-000169,otwor_jaskini,jaskinia,Wiciowy Schron,Wiciowy Schron,,T.D-08.41,Wiciowy Schron,explicit,JKTZ-OBS-000169,TPN,153512.95,562731.69,1099.875041,,,nieokreslona,niezweryfikowane,ok,,{F0614B4C-6C7E-47D4-8DEC-5395464813FC},tpn:{F0614B4C-6C7E-47D4-8DEC-5395464813FC}
JKTZ-OBJ-000170,otwor_jaskini,jaskinia,Korytarzyk w Czarnych Turniach,Korytarzyk w Czarnych Turniach,,T.E-07.32,Korytarzyk w Czarnych Turniach,explicit,JKTZ-OBS-000170,TPN,152422.81,562067.8,1279.560662,,,nieokreslona,niezweryfikowane,ok,,{685F7459-2F5D-4AC5-A5E8-B305D8BB865B},tpn:{685F7459-2F5D-4AC5-A5E8-B305D8BB865B}
JKTZ-OBJ-000171,otwor_jaskini,jaskinia,Krakowski Schron,Krakowski Schron,,T.F-09.39,Krakowski Schron,explicit,JKTZ-OBS-000171,TPN,152227.5,563898.73,1323.68375,,,nieokreslona,niezweryfikowane,ok,,{A607DCA7-51AE-4907-B011-95BA6F6694D1},tpn:{A607DCA7-51AE-4907-B011-95BA6F6694D1}
JKTZ-OBJ-000172,otwor_jaskini,jaskinia,Dziura w Stole,Dziura w Stole,,T.G-11.01,Dziura w Stole,explicit,JKTZ-OBS-000172,TPN,151114.69,565882.93,1894.051995,,,nieokreslona,niezweryfikowane,ok,,{20F45B20-D1ED-4CA6-BD79-7EE08043C244},tpn:{20F45B20-D1ED-4CA6-BD79-7EE08043C244}
JKTZ-OBJ-000173,otwor_jaskini,jaskinia,Jaskinia pod Murem,Jaskinia pod Murem,,T.D-08.56,Jaskinia pod Murem,explicit,JKTZ-OBS-000173,TPN,153621.91,562542.88,1276.972366,,,nieokreslona,niezweryfikowane,ok,,{1AF0D677-C56C-4EC1-A632-01E0251BBF63},tpn:{1AF0D677-C56C-4EC1-A632-01E0251BBF63}
JKTZ-OBJ-000174,otwor_jaskini,jaskinia,Zbójnicka Nyża,Zbójnicka Nyża,,T.D-08.16,Zbójnicka Nyża,explicit,JKTZ-OBS-000174,TPN,153882.08,563157.75,1213.179113,,,nieokreslona,niezweryfikowane,ok,,{137D8706-5BB5-4E9E-BBB8-7DC60B3E75EB},tpn:{137D8706-5BB5-4E9E-BBB8-7DC60B3E75EB}
JKTZ-OBJ-000175,otwor_jaskini,jaskinia,Szuflada Dolna,Szuflada Dolna,,T.E-12.52,Szuflada Dolna,explicit,JKTZ-OBS-000175,TPN,153421.8,566692.85,1761.405354,,,nieokreslona,zweryfikowane,ok,,{C0A51F78-6A05-48B7-A711-50CE5639E102},tpn:{C0A51F78-6A05-48B7-A711-50CE5639E102}
JKTZ-OBJ-000176,otwor_jaskini,jaskinia,Jaskinia Omszała,Jaskinia Omszała,,T.E-12.15,Jaskinia Omszała,explicit,JKTZ-OBS-000176,TPN,152808.16,567001.73,1903.027764,,,nieokreslona,zweryfikowane,ok,,{CCAF34A2-D592-479A-98B6-CE886F7C6196},tpn:{CCAF34A2-D592-479A-98B6-CE886F7C6196}
JKTZ-OBJ-000177,otwor_jaskini,jaskinia,Komin w Ździarach,Komin w Ździarach,,T.E-09.49,Komin w Ździarach,explicit,JKTZ-OBS-000177,TPN,153175.51,563885.3,1559.062257,,,nieokreslona,niezweryfikowane,ok,,{FAC8752A-ACB1-4752-B26A-B7211F5A9FCD},tpn:{FAC8752A-ACB1-4752-B26A-B7211F5A9FCD}
JKTZ-OBJ-000178,otwor_jaskini,jaskinia,Radkowa Dziura II,Radkowa Dziura II,,T.E-08.48,Radkowa Dziura II,explicit,JKTZ-OBS-000178,TPN,152519.58,563080.83,1190.49072,,,nieokreslona,niezweryfikowane,ok,,{C1595610-9DFA-44BA-A1C7-BE8E66C772D4},tpn:{C1595610-9DFA-44BA-A1C7-BE8E66C772D4}
JKTZ-OBJ-000179,otwor_jaskini,jaskinia,Nyża nad Olczyską I,Nyża nad Olczyską I,,T.C-18.01,Nyża nad Olczyską I,explicit,JKTZ-OBS-000179,TPN,155695.95,573045.31,1166.388272,,,nieokreslona,zweryfikowane,ok,,{3AEDA2A7-5D72-4109-85CE-712D12A30946},tpn:{3AEDA2A7-5D72-4109-85CE-712D12A30946}
JKTZ-OBJ-000180,otwor_jaskini,jaskinia,Schron pod Przeziorową,Schron pod Przeziorową,,T.F-08.05,Schron pod Przeziorową,explicit,JKTZ-OBS-000180,TPN,152280.4,562780.67,1173.298653,,,nieokreslona,niezweryfikowane,ok,,{206FB217-1CD7-4D83-8FA3-47D9C1A97AF2},tpn:{206FB217-1CD7-4D83-8FA3-47D9C1A97AF2}
JKTZ-OBJ-000181,otwor_jaskini,jaskinia,Zimna Szczelina II,Zimna Szczelina II,,T.D-08.39,Zimna Szczelina II,explicit,JKTZ-OBS-000181,TPN,153600.99,562760.15,1132.987285,,,nieokreslona,niezweryfikowane,ok,,{D4B6BE5E-3961-497F-8026-D8EE05839468},tpn:{D4B6BE5E-3961-497F-8026-D8EE05839468}
JKTZ-OBJ-000182,otwor_jaskini,jaskinia,Nyża z Dzięglem,Nyża z Dzięglem,,T.D-08.61,Nyża z Dzięglem,explicit,JKTZ-OBS-000182,TPN,153619.4,563203.68,1190.089518,,,nieokreslona,niezweryfikowane,ok,,{A353E919-B059-433C-8F20-9CD30EA994DB},tpn:{A353E919-B059-433C-8F20-9CD30EA994DB}
JKTZ-OBJ-000183,otwor_jaskini,jaskinia,Jaskinia Wołoszyńska Niżnia,Jaskinia Wołoszyńska Niżnia,,T.E-25.02,Jaskinia Wołoszyńska Niżnia,explicit,JKTZ-OBS-000183,TPN,153572.82,579243.28,1151.226467,,,nieokreslona,zweryfikowane,ok,,{9133C575-03C7-4D67-813E-F340AA446B91},tpn:{9133C575-03C7-4D67-813E-F340AA446B91}
JKTZ-OBJ-000184,otwor_jaskini,jaskinia,Szczelina w Krzesanicy III,Szczelina w Krzesanicy III,,T.F-11.05,Szczelina w Krzesanicy III,explicit,JKTZ-OBS-000184,TPN,151954.24,566083.63,2104.293168,,,nieokreslona,niezweryfikowane,ok,,{BFBFB55B-F346-4792-A9A5-C486E522F931},tpn:{BFBFB55B-F346-4792-A9A5-C486E522F931}
JKTZ-OBJ-000185,otwor_jaskini,jaskinia,Dziura w Czarnej Turni II,Dziura w Czarnej Turni II,,T.C-12.02,Dziura w Czarnej Turni II,explicit,JKTZ-OBS-000185,TPN,155355.64,566947.12,1276.624349,,,nieokreslona,zweryfikowane,ok,,{CBDC69E3-11E7-4961-95C5-755CEEC1CC10},tpn:{CBDC69E3-11E7-4961-95C5-755CEEC1CC10}
JKTZ-OBJ-000186,otwor_jaskini,jaskinia,Dziura nad Jaskinią Raptawicką I,Dziura nad Jaskinią Raptawicką I,,T.E-08.14,Dziura nad Jaskinią Raptawicką I,explicit,JKTZ-OBS-000186,TPN,152822.69,562708.92,1151.894212,,,nieokreslona,zweryfikowane,ok,,{3B6A8545-C61A-4EC0-A300-36BF455759B8},tpn:{3B6A8545-C61A-4EC0-A300-36BF455759B8}
JKTZ-OBJ-000187,otwor_jaskini,jaskinia,Jaskinia nad Percią,Jaskinia nad Percią,,T.E-09.40,Jaskinia nad Percią,explicit,JKTZ-OBS-000187,TPN,152492.09,563604.53,1255.404836,,,nieokreslona,niezweryfikowane,ok,,{B029AF6C-1FFC-4C64-9968-624EB5FD0EE8},tpn:{B029AF6C-1FFC-4C64-9968-624EB5FD0EE8}
JKTZ-OBJ-000188,otwor_jaskini,jaskinia,Nyża za Półką,Nyża za Półką,,T.B-14.04,Nyża za Półką,explicit,JKTZ-OBS-000188,TPN,156419.86,568625.27,1052.517244,,,nieokreslona,zweryfikowane,ok,,{4BC3FA60-50ED-4B60-A3E4-767701791A5D},tpn:{4BC3FA60-50ED-4B60-A3E4-767701791A5D}
JKTZ-OBJ-000189,otwor_jaskini,jaskinia,Jaskinia w Kosówkach,Jaskinia w Kosówkach,,T.E-06.02,Jaskinia w Kosówkach,explicit,JKTZ-OBS-000189,TPN,153094.34,561228.36,1746.155155,,,nieokreslona,niezweryfikowane,ok,,{4E7CBE59-8470-4963-8247-3C2DAA9EA66D},tpn:{4E7CBE59-8470-4963-8247-3C2DAA9EA66D}
JKTZ-OBJ-000190,otwor_jaskini,jaskinia,Szczelina w Krzesanicy II,Szczelina w Krzesanicy II,,T.F-11.04,Szczelina w Krzesanicy II,explicit,JKTZ-OBS-000190,TPN,151964.23,566083.37,2090.360179,,,nieokreslona,niezweryfikowane,ok,,{F520650E-65C7-4376-9B23-E4938A42B514},tpn:{F520650E-65C7-4376-9B23-E4938A42B514}
JKTZ-OBJ-000191,otwor_jaskini,jaskinia,Nisza w Zawraciku Kasprowym,Nisza w Zawraciku Kasprowym,,T.D-17.16,Nisza w Zawraciku Kasprowym,explicit,JKTZ-OBS-000191,TPN,154428.15,571414.63,1350.836702,,,nieokreslona,zweryfikowane,ok,,{93989CC1-336D-40D9-BBBF-AD98B9269993},tpn:{93989CC1-336D-40D9-BBBF-AD98B9269993}
JKTZ-OBJ-000192,otwor_jaskini,jaskinia,Nisza w Organach II,Nisza w Organach II,,T.D-08.68,Nisza w Organach II,explicit,JKTZ-OBS-000192,TPN,153483.6,563024.27,1062.593661,,,nieokreslona,niezweryfikowane,ok,,{DB33AC30-E5C0-436D-85C6-7AEDE2E905B5},tpn:{DB33AC30-E5C0-436D-85C6-7AEDE2E905B5}
JKTZ-OBJ-000193,otwor_jaskini,jaskinia,Jaskinia Wyżnia Litworowa,Jaskinia Wyżnia Litworowa,,T.E-12.12,Jaskinia Wyżnia Litworowa,explicit,JKTZ-OBS-000193,TPN,152850.65,566600.97,1920.381041,,,nieokreslona,zweryfikowane,ok,,{62739B69-C1E4-464C-A7F9-B54B78EBF17C},tpn:{62739B69-C1E4-464C-A7F9-B54B78EBF17C}
JKTZ-OBJ-000194,otwor_jaskini,jaskinia,Dziura w Organach VI,Dziura w Organach VI,,T.D-08.55,Dziura w Organach VI,explicit,JKTZ-OBS-000194,TPN,153643.07,563011.53,1016.40733,,,nieokreslona,niezweryfikowane,ok,,{6CA87105-875D-4773-98B8-2235192B32F7},tpn:{6CA87105-875D-4773-98B8-2235192B32F7}
JKTZ-OBJ-000195,otwor_jaskini,jaskinia,Szczelina przy Piórze,Szczelina przy Piórze,,,,missing,JKTZ-OBS-000195,TPN,157452.89,572396.11,1015.597953,,,nieokreslona,zweryfikowane,needs_inventory_id,Brak NR_INWENT w zrodle TPN.,{25604785-57C9-44E3-A432-B94C85D4551B},tpn:{25604785-57C9-44E3-A432-B94C85D4551B}
JKTZ-OBJ-000196,otwor_jaskini,jaskinia,Dziura nad Doliną Strążyską,Dziura nad Doliną Strążyską,,T.C-13.02,Dziura nad Doliną Strążyską,explicit,JKTZ-OBS-000196,TPN,154531.12,568028.8,1411.49853,,,nieokreslona,zweryfikowane,ok,,{5CC91529-AA65-42C8-9A6C-31CEFF992766},tpn:{5CC91529-AA65-42C8-9A6C-31CEFF992766}
JKTZ-OBJ-000197,otwor_jaskini,jaskinia,Schron w Zdziarchach,Schron w Zdziarchach,,,,missing,JKTZ-OBS-000197,TPN,153185.68,568102.18,1797.826835,,,nieokreslona,zweryfikowane,needs_inventory_id,Brak NR_INWENT w zrodle TPN.,{61A58610-C3AE-4D2D-9C78-3E5741214D77},tpn:{61A58610-C3AE-4D2D-9C78-3E5741214D77}
JKTZ-OBJ-000198,otwor_jaskini,jaskinia,Szczelina przy Zawieszonej Skale II,Szczelina przy Zawieszonej Skale II,,T.E-07.18,Szczelina przy Zawieszonej Skale II,explicit,JKTZ-OBS-000198,TPN,153167.47,561839.18,1398.163381,,,nieokreslona,niezweryfikowane,ok,,{5A18CEE0-DA04-4700-A785-133EEED3E146},tpn:{5A18CEE0-DA04-4700-A785-133EEED3E146}
JKTZ-OBJ-000199,otwor_jaskini,jaskinia,Sowia Jama II,Sowia Jama II,,T.D-08.43,Sowia Jama II,explicit,JKTZ-OBS-000199,TPN,153682.26,562859.16,1069.558308,,,nieokreslona,niezweryfikowane,ok,,{568D3748-9ABD-4CCC-AD15-50A7E8EFBFA1},tpn:{568D3748-9ABD-4CCC-AD15-50A7E8EFBFA1}
JKTZ-OBJ-000200,otwor_jaskini,jaskinia,Schron pod Sarnią Skałą,Schron pod Sarnią Skałą,,,,missing,JKTZ-OBS-000200,TPN,155662.38,568236.53,1278.051144,,,nieokreslona,zweryfikowane,needs_inventory_id,Brak NR_INWENT w zrodle TPN.,{B99B0CF7-4CA0-4B29-A31E-A74E68F936CD},tpn:{B99B0CF7-4CA0-4B29-A31E-A74E68F936CD}
JKTZ-OBJ-000201,otwor_jaskini,jaskinia,Trójkątny Schron,Trójkątny Schron,,T.F-09.08,Trójkątny Schron,explicit,JKTZ-OBS-000201,TPN,152283.19,563742.83,1271.848812,,,nieokreslona,niezweryfikowane,ok,,{952AF1CF-F646-4036-BBE0-B8301FCF727E},tpn:{952AF1CF-F646-4036-BBE0-B8301FCF727E}
JKTZ-OBJ-000202,otwor_jaskini,jaskinia,Studnia za Murem,Studnia za Murem,,T.E-11.13,Studnia za Murem,explicit,JKTZ-OBS-000202,TPN,152902.07,565588.75,1570.373317,,,nieokreslona,zweryfikowane,ok,,{062430D3-83C1-49ED-8004-044B1DD8FB80},tpn:{062430D3-83C1-49ED-8004-044B1DD8FB80}
JKTZ-OBJ-000203,otwor_jaskini,jaskinia,Jaskinia Zakopiańska,Jaskinia Zakopiańska,,T.D-09.01,Jaskinia Zakopiańska,explicit,JKTZ-OBS-000203,TPN,153692.43,564123.68,1366.539692,,,nieokreslona,zweryfikowane,ok,,{406BBA8C-54CB-479F-AFA0-B2BD650DD761},tpn:{406BBA8C-54CB-479F-AFA0-B2BD650DD761}
JKTZ-OBJ-000204,otwor_jaskini,jaskinia,Korytarzyk w Szczelinie,Korytarzyk w Szczelinie,,T.E-08.71,Korytarzyk w Szczelinie,explicit,JKTZ-OBS-000204,TPN,152619.25,563064.49,1092.669835,,,nieokreslona,niezweryfikowane,ok,,{B33EDD51-A246-4A3A-A8FA-8CE95EEC525D},tpn:{B33EDD51-A246-4A3A-A8FA-8CE95EEC525D}
JKTZ-OBJ-000205,otwor_jaskini,jaskinia,Szczelina nad Zagonem,Szczelina nad Zagonem,,T.D-12.18,Szczelina nad Zagonem,explicit,JKTZ-OBS-000205,TPN,153716.99,566425.22,1627.222044,,,nieokreslona,zweryfikowane,ok,,{E320A144-4A8A-432D-9988-6A3E0771D959},tpn:{E320A144-4A8A-432D-9988-6A3E0771D959}
JKTZ-OBJ-000206,otwor_jaskini,jaskinia,Komora w Okręcie,Komora w Okręcie,,T.D-08.50,Komora w Okręcie,explicit,JKTZ-OBS-000206,TPN,154162.5,563064.37,1049.859472,,,nieokreslona,niezweryfikowane,ok,,{5764BF98-913E-45F9-9FCE-50C498610FA3},tpn:{5764BF98-913E-45F9-9FCE-50C498610FA3}
JKTZ-OBJ-000207,otwor_jaskini,jaskinia,Jaskinia nad Kasprową Niżnią,Jaskinia nad Kasprową Niżnią,,,,missing,JKTZ-OBS-000207,TPN,154465.89,571218.67,1231.548982,,,nieokreslona,zweryfikowane,needs_inventory_id,Brak NR_INWENT w zrodle TPN.,{1B274BA2-8A70-4FBA-BCE5-50A642876EAA},tpn:{1B274BA2-8A70-4FBA-BCE5-50A642876EAA}
JKTZ-OBJ-000208,otwor_jaskini,jaskinia,Szczelina Przysłopczańska,Szczelina Przysłopczańska,,T.B-10.03,Szczelina Przysłopczańska,explicit,JKTZ-OBS-000208,TPN,155439.71,564513.28,1217.935332,,,nieokreslona,zweryfikowane,ok,,{69C92C32-3F8B-4595-9C4C-B50D38F6B532},tpn:{69C92C32-3F8B-4595-9C4C-B50D38F6B532}
JKTZ-OBJ-000209,otwor_jaskini,jaskinia,Schron pod Siodłową Turnią I,Schron pod Siodłową Turnią I,,,,missing,JKTZ-OBS-000209,TPN,153956.26,567322.45,1545.605673,,,nieokreslona,zweryfikowane,needs_inventory_id,Brak NR_INWENT w zrodle TPN.,{E7505F82-A5F5-4C2D-BB98-7DD3399C5651},tpn:{E7505F82-A5F5-4C2D-BB98-7DD3399C5651}
JKTZ-OBJ-000210,otwor_jaskini,jaskinia,Dziura w Zawiesistej,Dziura w Zawiesistej,,T.E-04.01,Dziura w Zawiesistej,explicit,JKTZ-OBS-000210,TPN,153137.28,558657.27,1176.42496,,,nieokreslona,niezweryfikowane,ok,,{7D4C5169-E788-4A65-9ECC-47531E12896B},tpn:{7D4C5169-E788-4A65-9ECC-47531E12896B}
JKTZ-OBJ-000211,otwor_jaskini,jaskinia,Dziura nad Zabijakiem I,Dziura nad Zabijakiem I,,T.D-07.01,Dziura nad Zabijakiem I,explicit,JKTZ-OBS-000211,TPN,153928.21,561937.84,1326.361076,,,nieokreslona,niezweryfikowane,ok,,{F0F06C12-762C-4C86-A5FC-CF3F9587D9A4},tpn:{F0F06C12-762C-4C86-A5FC-CF3F9587D9A4}
JKTZ-OBJ-000212,otwor_jaskini,jaskinia,Sowia Jama I,Sowia Jama I,,T.D-08.42,Sowia Jama I,explicit,JKTZ-OBS-000212,TPN,153685.78,562879.07,1057.572905,,,nieokreslona,niezweryfikowane,ok,,{9F5DFA29-EA7F-47B0-BBE0-6AE2D6A092B6},tpn:{9F5DFA29-EA7F-47B0-BBE0-6AE2D6A092B6}
JKTZ-OBJ-000213,otwor_jaskini,jaskinia,Upłazkowa Koleba,Upłazkowa Koleba,,T.E-09.43,Upłazkowa Koleba,explicit,JKTZ-OBS-000213,TPN,152595.94,563854.43,1478.552775,,,nieokreslona,niezweryfikowane,ok,,{E595548B-803C-47BF-AA96-59B239B0EF8A},tpn:{E595548B-803C-47BF-AA96-59B239B0EF8A}
JKTZ-OBJ-000214,otwor_jaskini,jaskinia,Dziura w Szczerbie II,Dziura w Szczerbie II,,T.D-13.02,Dziura w Szczerbie II,explicit,JKTZ-OBS-000214,TPN,154193.23,568187.73,1816.192232,,,nieokreslona,zweryfikowane,ok,,{4B115F06-4FE7-471D-8061-6145E56581FC},tpn:{4B115F06-4FE7-471D-8061-6145E56581FC}
JKTZ-OBJ-000215,otwor_jaskini,jaskinia,Bliźniaczy Komin,Bliźniaczy Komin,,T.E-11.34,Bliźniaczy Komin,explicit,JKTZ-OBS-000215,TPN,153134.79,565932.49,1547.394374,,,nieokreslona,niezweryfikowane,ok,,{61F5CFC1-A9EB-4193-A3B3-E4FD8DD9C60D},tpn:{61F5CFC1-A9EB-4193-A3B3-E4FD8DD9C60D}
JKTZ-OBJ-000216,otwor_jaskini,jaskinia,Jaskinia Dudnica,Jaskinia Dudnica,,T.D-16.05,Jaskinia Dudnica,explicit,JKTZ-OBS-000216,TPN,154621.42,570370.63,1185.132142,,,nieokreslona,zweryfikowane,ok,,{FF5162FB-9DBD-4EBD-B296-639E970C6ADD},tpn:{FF5162FB-9DBD-4EBD-B296-639E970C6ADD}
JKTZ-OBJ-000217,otwor_jaskini,jaskinia,Jaskinia Kokonowa,Jaskinia Kokonowa,,T.E-04.02,Jaskinia Kokonowa,explicit,JKTZ-OBS-000217,TPN,153176.73,558496.93,1291.324426,,,nieokreslona,niezweryfikowane,ok,,{A00678A9-E909-4776-B57B-FE446D4FD3E0},tpn:{A00678A9-E909-4776-B57B-FE446D4FD3E0}
JKTZ-OBJ-000218,otwor_jaskini,jaskinia,Schronisko pod Dziobem I,Schronisko pod Dziobem I,,T.E-05.02,Schronisko pod Dziobem I,explicit,JKTZ-OBS-000218,TPN,153027.69,559993.63,1502.782775,,,nieokreslona,niezweryfikowane,ok,,{2921C035-4B83-4092-8734-A131DC108DEF},tpn:{2921C035-4B83-4092-8734-A131DC108DEF}
JKTZ-OBJ-000219,otwor_jaskini,jaskinia,Schron przy Wymytem,Schron przy Wymytem,,,,missing,JKTZ-OBS-000219,TPN,156001.95,568459.61,1188.10446,,,nieokreslona,zweryfikowane,needs_inventory_id,Brak NR_INWENT w zrodle TPN.,{43E5925D-1348-42E6-ABBC-115D0F255F5A},tpn:{43E5925D-1348-42E6-ABBC-115D0F255F5A}
JKTZ-OBJ-000220,otwor_jaskini,jaskinia,Dziura w Szczerbie I,Dziura w Szczerbie I,,T.D-13.03,Dziura w Szczerbie I,explicit,JKTZ-OBS-000220,TPN,154185.46,568175.03,1812.472312,,,nieokreslona,zweryfikowane,ok,,{8BD895DB-7088-4012-9A28-6872C4A280C9},tpn:{8BD895DB-7088-4012-9A28-6872C4A280C9}
JKTZ-OBJ-000221,otwor_jaskini,jaskinia,Korytarzyk pod Jagnięcą,Korytarzyk pod Jagnięcą,,T.E-09.14,Korytarzyk pod Jagnięcą,explicit,JKTZ-OBS-000221,TPN,152509.83,563694.85,1306.327844,,,nieokreslona,niezweryfikowane,ok,,{4DCF9F3C-2719-44F3-B6D8-C208E02EDD74},tpn:{4DCF9F3C-2719-44F3-B6D8-C208E02EDD74}
JKTZ-OBJ-000222,otwor_jaskini,jaskinia,Siwarowa Dziura,Siwarowa Dziura,,T.D-12.02,Siwarowa Dziura,explicit,JKTZ-OBS-000222,TPN,153845.25,566517.51,1462.370791,,,nieokreslona,zweryfikowane,ok,,{CD125C15-5951-41C7-A4BF-EA597AFD2613},tpn:{CD125C15-5951-41C7-A4BF-EA597AFD2613}
JKTZ-OBJ-000223,otwor_jaskini,jaskinia,Jaskinia Lodowa Mułowa,Jaskinia Lodowa Mułowa,,T.E-11.16,Jaskinia Lodowa Mułowa,explicit,JKTZ-OBS-000223,TPN,152807.13,565680.01,1682.464447,,,nieokreslona,zweryfikowane,ok,,{D929A422-5E8C-4BF8-8BAC-2BBEE56B03AD},tpn:{D929A422-5E8C-4BF8-8BAC-2BBEE56B03AD}
JKTZ-OBJ-000224,otwor_jaskini,jaskinia,Szczelina w Niżniej Świstówce I,Szczelina w Niżniej Świstówce I,,,,missing,JKTZ-OBS-000224,TPN,153279.09,567359.34,1533.042547,,,nieokreslona,zweryfikowane,needs_inventory_id,Brak NR_INWENT w zrodle TPN.,{3F7018B7-6BB7-4181-9F09-607ADD6EC315},tpn:{3F7018B7-6BB7-4181-9F09-607ADD6EC315}
JKTZ-OBJ-000225,otwor_jaskini,jaskinia,"Jaskinia Mylna, S",Jaskinia Mylna,S,T.E-08.04,Jaskinia Mylna,explicit,JKTZ-OBS-000225,TPN,152786.53,562728.48,1098.924832,,,nieokreslona,tpn_weryf_4,ok,,{CECF8620-A1C8-4941-A5B1-6C2226DC1F88},tpn:{CECF8620-A1C8-4941-A5B1-6C2226DC1F88}
JKTZ-OBJ-000226,otwor_jaskini,jaskinia,Grotka przy Huciskach,Grotka przy Huciskach,,T.C-05.08,Grotka przy Huciskach,explicit,JKTZ-OBS-000226,TPN,154718.33,559275.93,989.8028901,,,nieokreslona,zweryfikowane,ok,,{479EC3E3-2B4A-4F0E-B9D5-915901C6A9A9},tpn:{479EC3E3-2B4A-4F0E-B9D5-915901C6A9A9}
JKTZ-OBJ-000227,otwor_jaskini,jaskinia,Jaskinia przy Tunelu Małołąckim,Jaskinia przy Tunelu Małołąckim,,,,missing,JKTZ-OBS-000227,TPN,153765.87,566784.5,1397.164616,,,nieokreslona,zweryfikowane,needs_inventory_id,Brak NR_INWENT w zrodle TPN.,{F8892AF0-67AE-47D1-8E94-9683FD539C7E},tpn:{F8892AF0-67AE-47D1-8E94-9683FD539C7E}
JKTZ-OBJ-000228,otwor_jaskini,jaskinia,Omszała Szczelina w Żeleźniaku,Omszała Szczelina w Żeleźniaku,,T.E-08.52,Omszała Szczelina w Żeleźniaku,explicit,JKTZ-OBS-000228,TPN,152986.19,562392.76,1232.358886,,,nieokreslona,niezweryfikowane,ok,,{57D7D3F9-32BD-430D-826D-D5A67D07A4F7},tpn:{57D7D3F9-32BD-430D-826D-D5A67D07A4F7}
JKTZ-OBJ-000229,otwor_jaskini,jaskinia,Jaskinia Poszukiwaczy Skarbów,Jaskinia Poszukiwaczy Skarbów,,T.E-08.18,Jaskinia Poszukiwaczy Skarbów,explicit,JKTZ-OBS-000229,TPN,152500.34,562995.39,1201.8467,,,nieokreslona,niezweryfikowane,ok,,{3E46ACC8-6C9F-4340-B525-8C64C859CAA2},tpn:{3E46ACC8-6C9F-4340-B525-8C64C859CAA2}
JKTZ-OBJ-000230,otwor_jaskini,jaskinia,Zamczysko Wyżnie,Zamczysko Wyżnie,,T.D-08.59,Zamczysko Wyżnie,explicit,JKTZ-OBS-000230,TPN,153650.55,563209.87,1227.817491,,,nieokreslona,niezweryfikowane,ok,,{7E79EE82-FAD4-436C-9303-3E7FC76702EC},tpn:{7E79EE82-FAD4-436C-9303-3E7FC76702EC}
JKTZ-OBJ-000231,otwor_jaskini,jaskinia,Piwnica Miętusia,Piwnica Miętusia,,T.E-11.01,Piwnica Miętusia,explicit,JKTZ-OBS-000231,TPN,153407.71,565283.36,1391.520085,,,nieokreslona,zweryfikowane,ok,,{29EBB2CB-8AAB-4EF1-A8DC-7728AE2CC368},tpn:{29EBB2CB-8AAB-4EF1-A8DC-7728AE2CC368}
JKTZ-OBJ-000232,otwor_jaskini,jaskinia,Schron Wschodni pod Kufą,Schron Wschodni pod Kufą,,T.D-06.14,Schron Wschodni pod Kufą,explicit,JKTZ-OBS-000232,TPN,153501.45,561087.64,1487.490639,,,nieokreslona,niezweryfikowane,ok,,{E47E074F-48F3-4CED-BCB9-1C04DA9C8758},tpn:{E47E074F-48F3-4CED-BCB9-1C04DA9C8758}
JKTZ-OBJ-000233,otwor_jaskini,jaskinia,Jaworowa Szczelina,Jaworowa Szczelina,,T.E-09.30,Jaworowa Szczelina,explicit,JKTZ-OBS-000233,TPN,152538.01,562530.56,1157.346649,,,nieokreslona,niezweryfikowane,ok,,{8047BE78-EEC7-4F4B-B6F2-F9CF6781D3B1},tpn:{8047BE78-EEC7-4F4B-B6F2-F9CF6781D3B1}
JKTZ-OBJ-000234,otwor_jaskini,jaskinia,Dziura za Porzeczkami,Dziura za Porzeczkami,,T.A-23.05,Dziura za Porzeczkami,explicit,JKTZ-OBS-000234,TPN,157636.03,577932.18,1061.753259,,,nieokreslona,zweryfikowane,ok,,{E1FB7940-6AE6-4DD7-BA0F-DC79EAA88BAD},tpn:{E1FB7940-6AE6-4DD7-BA0F-DC79EAA88BAD}
JKTZ-OBJ-000235,otwor_jaskini,jaskinia,Jaskinia Juhaska,Jaskinia Juhaska,,T.D-14.01,Jaskinia Juhaska,explicit,JKTZ-OBS-000235,TPN,154571.59,568595.59,1573.394597,,,nieokreslona,zweryfikowane,ok,,{3524D696-48F6-4958-B00C-8345575257D6},tpn:{3524D696-48F6-4958-B00C-8345575257D6}
JKTZ-OBJ-000236,otwor_jaskini,jaskinia,Jaskinia nad Mostkiem Wyżnia,Jaskinia nad Mostkiem Wyżnia,,T.D-08.03,Jaskinia nad Mostkiem Wyżnia,explicit,JKTZ-OBS-000236,TPN,154083.52,562761.59,1141.61525,,,nieokreslona,niezweryfikowane,ok,,{EF04F765-43FB-48CE-BEC7-8CA010ABFFA8},tpn:{EF04F765-43FB-48CE-BEC7-8CA010ABFFA8}
JKTZ-OBJ-000237,otwor_jaskini,jaskinia,Zbójecka Dziura,Zbójecka Dziura,,T.D-04.01,Zbójecka Dziura,explicit,JKTZ-OBS-000237,TPN,153661.69,559055.64,1141.561625,,,nieokreslona,zweryfikowane,ok,,{E70F5D13-0917-470D-ABB0-5D7853D98016},tpn:{E70F5D13-0917-470D-ABB0-5D7853D98016}
JKTZ-OBJ-000238,otwor_jaskini,jaskinia,Filipczańskie Okno,Filipczańskie Okno,,T.B-24.06,Filipczańskie Okno,explicit,JKTZ-OBS-000238,TPN,156722.22,578593.68,1062.503985,,,nieokreslona,zweryfikowane,ok,,{9853D570-F007-42EC-B928-8FE0692E8AF1},tpn:{9853D570-F007-42EC-B928-8FE0692E8AF1}
JKTZ-OBJ-000239,otwor_jaskini,jaskinia,Dziura pod Siodełkiem,Dziura pod Siodełkiem,,T.E-12.55,Dziura pod Siodełkiem,explicit,JKTZ-OBS-000239,TPN,153467.6,566475.24,1774.248024,,,nieokreslona,zweryfikowane,ok,,{3F48775E-C46C-4DF2-ACAD-CB273DC6AD77},tpn:{3F48775E-C46C-4DF2-ACAD-CB273DC6AD77}
JKTZ-OBJ-000240,otwor_jaskini,jaskinia,Szczelina przy Wymytem,Szczelina przy Wymytem,,,,missing,JKTZ-OBS-000240,TPN,155977.11,568489.45,1192.685794,,,nieokreslona,zweryfikowane,needs_inventory_id,Brak NR_INWENT w zrodle TPN.,{CF3C3737-0919-4FDA-BCBA-AEAE12604FA7},tpn:{CF3C3737-0919-4FDA-BCBA-AEAE12604FA7}
JKTZ-OBJ-000241,otwor_jaskini,jaskinia,Dziura nad Jaskinią Raptawicką II,Dziura nad Jaskinią Raptawicką II,,T.E-08.15,Dziura nad Jaskinią Raptawicką II,explicit,JKTZ-OBS-000241,TPN,152814.93,562704.3,1150.180479,,,nieokreslona,zweryfikowane,ok,,{874BE4A1-F9BF-4FBD-B29C-F648A6FFB026},tpn:{874BE4A1-F9BF-4FBD-B29C-F648A6FFB026}
JKTZ-OBJ-000242,otwor_jaskini,jaskinia,Lisia Jama,Lisia Jama,,T.B-14.03,Lisia Jama,explicit,JKTZ-OBS-000242,TPN,156478.72,568591.73,1035.228381,,,nieokreslona,zweryfikowane,ok,,{90938460-DADB-4D19-82AB-558B3A45FF85},tpn:{90938460-DADB-4D19-82AB-558B3A45FF85}
JKTZ-OBJ-000243,otwor_jaskini,jaskinia,Schronisko Wschodnie w Kończystej,Schronisko Wschodnie w Kończystej,,T.B-09.16,Schronisko Wschodnie w Kończystej,explicit,JKTZ-OBS-000243,TPN,155468.06,564011.44,1149.593306,,,nieokreslona,niezweryfikowane,ok,,{F64FAB23-53F9-45FA-A1C2-748D15A67568},tpn:{F64FAB23-53F9-45FA-A1C2-748D15A67568}
JKTZ-OBJ-000244,otwor_jaskini,jaskinia,Dziura w Wantach,Dziura w Wantach,,T.E-12.21,Dziura w Wantach,explicit,JKTZ-OBS-000244,TPN,153430.16,566768.05,1760.765233,,,nieokreslona,zweryfikowane,ok,,{26BCFA87-B0B2-4830-9D1C-15E391DB0C46},tpn:{26BCFA87-B0B2-4830-9D1C-15E391DB0C46}
JKTZ-OBJ-000245,otwor_jaskini,jaskinia,Szczelina nad Ptasią,Szczelina nad Ptasią,,T.E-11.64,Szczelina nad Ptasią,explicit,JKTZ-OBS-000245,TPN,152783.95,565883.78,1746.419128,,,nieokreslona,niezweryfikowane,ok,,{DCAD726E-957A-4C2F-81E7-A00DA3BA74DC},tpn:{DCAD726E-957A-4C2F-81E7-A00DA3BA74DC}
JKTZ-OBJ-000246,otwor_jaskini,jaskinia,Jaskinia w Piekle,Jaskinia w Piekle,,T.E-13.26,Jaskinia w Piekle,explicit,JKTZ-OBS-000246,TPN,153504.89,567995.21,1636.085998,,,nieokreslona,zweryfikowane,ok,,{D48FE3ED-6A07-4BE1-82F2-2FBC84CEFFCC},tpn:{D48FE3ED-6A07-4BE1-82F2-2FBC84CEFFCC}
JKTZ-OBJ-000247,otwor_jaskini,jaskinia,Gawra,Gawra,,T.E-09.01,Gawra,explicit,JKTZ-OBS-000247,TPN,152550.12,563668.8,1298.055213,,,nieokreslona,niezweryfikowane,ok,,{2D06DB10-AD59-4E25-ABD6-25BA344BDC07},tpn:{2D06DB10-AD59-4E25-ABD6-25BA344BDC07}
JKTZ-OBJ-000248,otwor_jaskini,jaskinia,Nisza nad Jelenią Percią,Nisza nad Jelenią Percią,,T.E-07.35,Nisza nad Jelenią Percią,explicit,JKTZ-OBS-000248,TPN,153079.34,562135.4,1307.746191,,,nieokreslona,niezweryfikowane,ok,,{27D9FB42-F6B9-495D-B6B8-D0F0B6943A5A},tpn:{27D9FB42-F6B9-495D-B6B8-D0F0B6943A5A}
JKTZ-OBJ-000249,otwor_jaskini,jaskinia,Myślenicka Szczelina,Myślenicka Szczelina,,T.D-16.06,Myślenicka Szczelina,explicit,JKTZ-OBS-000249,TPN,154343.78,570748.1,1268.113518,,,nieokreslona,zweryfikowane,ok,,{D10D1340-938D-43B2-8E7F-19D6110CA747},tpn:{D10D1340-938D-43B2-8E7F-19D6110CA747}
JKTZ-OBJ-000250,otwor_jaskini,jaskinia,Szczelina w Żlebie Kirkora,Szczelina w Żlebie Kirkora,,T.D-13.04,Szczelina w Żlebie Kirkora,explicit,JKTZ-OBS-000250,TPN,154455.16,567671.19,1321.145779,,,nieokreslona,zweryfikowane,ok,,{2091F15D-54BF-40C7-9CF8-04B2FDE247FE},tpn:{2091F15D-54BF-40C7-9CF8-04B2FDE247FE}
JKTZ-OBJ-000251,otwor_jaskini,jaskinia,Dziura za Wykrotem,Dziura za Wykrotem,,,,missing,JKTZ-OBS-000251,TPN,156144.62,559044.28,1000.289135,,,nieokreslona,zweryfikowane,needs_inventory_id,Brak NR_INWENT w zrodle TPN.,{DDED8478-2649-47DE-9199-DAE3080C4C68},tpn:{DDED8478-2649-47DE-9199-DAE3080C4C68}
JKTZ-OBJ-000252,otwor_jaskini,jaskinia,"Jaskinia Śnieżna Studnia, Śnieżna Studnia",Jaskinia Śnieżna Studnia,Śnieżna Studnia,T.E-12.08,Jaskinia Śnieżna Studnia,explicit,JKTZ-OBS-000252,TPN,153074.06,567143.5,1755.166511,,,nieokreslona,zweryfikowane,ok,,{DBDFE727-C1A8-4F4A-BBE5-706906238F6E},tpn:{DBDFE727-C1A8-4F4A-BBE5-706906238F6E}
JKTZ-OBJ-000253,otwor_jaskini,jaskinia,Dziurawa Nisza w Jatkach,Dziurawa Nisza w Jatkach,,T.B-12.07,Dziurawa Nisza w Jatkach,explicit,JKTZ-OBS-000253,TPN,155686.58,567049.46,1316.672298,,,nieokreslona,zweryfikowane,ok,,{9FB3E3A8-FF23-4E7A-A922-89645F410082},tpn:{9FB3E3A8-FF23-4E7A-A922-89645F410082}
JKTZ-OBJ-000254,otwor_jaskini,jaskinia,"Jaskinia Wysoka, górny",Jaskinia Wysoka,górny,T.F-09.12,Jaskinia Wysoka,explicit,JKTZ-OBS-000254,TPN,152161.36,564371.68,1475.971207,,,nieokreslona,zweryfikowane,ok,,{BA5BC846-7368-45FC-8C32-8A02085FF431},tpn:{BA5BC846-7368-45FC-8C32-8A02085FF431}
JKTZ-OBJ-000255,otwor_jaskini,jaskinia,Jaskinia Przeziorowa,Jaskinia Przeziorowa,,T.F-08.01,Jaskinia Przeziorowa,explicit,JKTZ-OBS-000255,TPN,152274.84,562860.4,1238.286302,,,nieokreslona,niezweryfikowane,ok,,{859B300C-5F75-4BF0-8BCD-3465A16E5CD2},tpn:{859B300C-5F75-4BF0-8BCD-3465A16E5CD2}
JKTZ-OBJ-000256,otwor_jaskini,jaskinia,Jaskinia za Zaciskiem,Jaskinia za Zaciskiem,,T.E-11.46,Jaskinia za Zaciskiem,explicit,JKTZ-OBS-000256,TPN,152958.61,565507.28,1557.235267,,,nieokreslona,niezweryfikowane,ok,,{757D675F-2DC5-4C94-9629-133647C09738},tpn:{757D675F-2DC5-4C94-9629-133647C09738}
JKTZ-OBJ-000257,otwor_jaskini,jaskinia,Jaskinia przy Studni w Mnichu,Jaskinia przy Studni w Mnichu,,T.L-22.03,Jaskinia przy Studni w Mnichu,explicit,JKTZ-OBS-000257,TPN,147861.08,576872.99,1887.511432,,,nieokreslona,niezweryfikowane,ok,,{186CD6B6-1879-4D04-A806-3CCB64555BA0},tpn:{186CD6B6-1879-4D04-A806-3CCB64555BA0}
JKTZ-OBJ-000258,otwor_jaskini,jaskinia,Dziura w Organach V,Dziura w Organach V,,T.D-09.12,Dziura w Organach V,explicit,JKTZ-OBS-000258,TPN,153688.49,563245.84,1265.895326,,,nieokreslona,niezweryfikowane,ok,,{16CB2C1B-D59F-4C30-B9EB-218BD6D437FA},tpn:{16CB2C1B-D59F-4C30-B9EB-218BD6D437FA}
JKTZ-OBJ-000259,otwor_jaskini,jaskinia,Szczelina w Wielkich Koryciskach,Szczelina w Wielkich Koryciskach,,T.B-04.06,Szczelina w Wielkich Koryciskach,explicit,JKTZ-OBS-000259,TPN,156011.05,558642.67,1068.282971,,,nieokreslona,zweryfikowane,ok,,{5744BD19-1F3D-476A-B74B-09B58891C0A3},tpn:{5744BD19-1F3D-476A-B74B-09B58891C0A3}
JKTZ-OBJ-000260,otwor_jaskini,jaskinia,Komórka przy Średnim Leju,Komórka przy Średnim Leju,,T.E-12.67,Komórka przy Średnim Leju,explicit,JKTZ-OBS-000260,TPN,152879.58,566999.82,1869.696911,,,nieokreslona,zweryfikowane,ok,,{B3870EF4-6A8B-4617-9A76-8E77BB82B8D3},tpn:{B3870EF4-6A8B-4617-9A76-8E77BB82B8D3}
JKTZ-OBJ-000261,otwor_jaskini,jaskinia,Jaskinia Lodowa Krakowska,Jaskinia Lodowa Krakowska,,T.F-10.03,Jaskinia Lodowa Krakowska,explicit,JKTZ-OBS-000261,TPN,151927.32,564668.35,1611.810871,,,nieokreslona,zweryfikowane,ok,,{62F9FCCE-67CD-4904-8AA4-874355D6B7CF},tpn:{62F9FCCE-67CD-4904-8AA4-874355D6B7CF}
JKTZ-OBJ-000262,otwor_jaskini,jaskinia,Nyża nad Olczyską III,Nyża nad Olczyską III,,,,missing,JKTZ-OBS-000262,TPN,155686.25,573056.97,1174.627501,,,nieokreslona,zweryfikowane,needs_inventory_id,Brak NR_INWENT w zrodle TPN.,{BE12C616-1780-44D3-AD82-398987C85B67},tpn:{BE12C616-1780-44D3-AD82-398987C85B67}
JKTZ-OBJ-000263,otwor_jaskini,jaskinia,Szczelina za Paśnikiem,Szczelina za Paśnikiem,,T.B-24.05,Szczelina za Paśnikiem,explicit,JKTZ-OBS-000263,TPN,156843.39,578236.5,1216.246138,,,nieokreslona,zweryfikowane,ok,,{A7D95407-553E-4639-98C2-CE077B883B5D},tpn:{A7D95407-553E-4639-98C2-CE077B883B5D}
JKTZ-OBJ-000264,otwor_jaskini,jaskinia,Dziura z Gawrą,Dziura z Gawrą,,T.D-18.08,Dziura z Gawrą,explicit,JKTZ-OBS-000264,TPN,154067.24,572258.5,1560.081397,,,nieokreslona,zweryfikowane,ok,,{CA1DF9DB-A591-409B-894F-BD65C3E23B17},tpn:{CA1DF9DB-A591-409B-894F-BD65C3E23B17}
JKTZ-OBJ-000265,otwor_jaskini,jaskinia,Korytarz z Różą,Korytarz z Różą,,T.D-08.28,Korytarz z Różą,explicit,JKTZ-OBS-000265,TPN,153841.79,563221.79,1288.78596,,,nieokreslona,niezweryfikowane,ok,,{F6CD2736-D198-4677-843B-337BD1C3578E},tpn:{F6CD2736-D198-4677-843B-337BD1C3578E}
JKTZ-OBJ-000266,otwor_jaskini,jaskinia,Wilczy Schron,Wilczy Schron,,T.E-12.36,Wilczy Schron,explicit,JKTZ-OBS-000266,TPN,153059.68,567263.35,1635.256335,,,nieokreslona,zweryfikowane,ok,,{1DA1C57B-60F3-4C4E-B06C-5DDD047AECE6},tpn:{1DA1C57B-60F3-4C4E-B06C-5DDD047AECE6}
JKTZ-OBJ-000267,otwor_jaskini,jaskinia,Jaskinia Skośna,Jaskinia Skośna,,T.E-06.01,Jaskinia Skośna,explicit,JKTZ-OBS-000267,TPN,153103.85,561210.11,1752.728811,,,nieokreslona,niezweryfikowane,ok,,{82607F42-7B33-4CD6-A3FD-CD95E53D28D1},tpn:{82607F42-7B33-4CD6-A3FD-CD95E53D28D1}
JKTZ-OBJ-000268,otwor_jaskini,jaskinia,Wielka Żabia Szpara,Wielka Żabia Szpara,,T.J-24.03,Wielka Żabia Szpara,explicit,JKTZ-OBS-000268,TPN,149891.25,579383.12,1571.944179,,,nieokreslona,niezweryfikowane,ok,,{6842B5C5-69EC-4F77-810F-8A5B2368D16B},tpn:{6842B5C5-69EC-4F77-810F-8A5B2368D16B}
JKTZ-OBJ-000269,otwor_jaskini,jaskinia,Jaskinia przy Progu Mułowym,Jaskinia przy Progu Mułowym,,T.E-11.39,Jaskinia przy Progu Mułowym,explicit,JKTZ-OBS-000269,TPN,152963.26,565813.02,1483.233041,,,nieokreslona,zweryfikowane,ok,,{36D98511-10D8-4182-A7E1-BC7BEAC2792D},tpn:{36D98511-10D8-4182-A7E1-BC7BEAC2792D}
JKTZ-OBJ-000270,otwor_jaskini,jaskinia,Jaskinia nad Smytnią,Jaskinia nad Smytnią,,T.E-07.16,Jaskinia nad Smytnią,explicit,JKTZ-OBS-000270,TPN,152908.05,561668.11,1577.32748,,,nieokreslona,niezweryfikowane,ok,,{78C698F2-4463-459C-AC37-E442A4B2604B},tpn:{78C698F2-4463-459C-AC37-E442A4B2604B}
JKTZ-OBJ-000271,otwor_jaskini,jaskinia,Szczelina nad Mostkiem,Szczelina nad Mostkiem,,T.D-08.22,Szczelina nad Mostkiem,explicit,JKTZ-OBS-000271,TPN,154035.17,562747.86,1129.029026,,,nieokreslona,niezweryfikowane,ok,,{9884C999-570E-4E21-AB87-AE51E18CD9DC},tpn:{9884C999-570E-4E21-AB87-AE51E18CD9DC}
JKTZ-OBJ-000272,otwor_jaskini,jaskinia,Szczelina przed Sową,Szczelina przed Sową,,T.D-08.69,Szczelina przed Sową,explicit,JKTZ-OBS-000272,TPN,153827.92,562895.01,1013.647349,,,nieokreslona,niezweryfikowane,ok,,{EBEE2DFF-752F-4DBB-BB57-B7753D4025C7},tpn:{EBEE2DFF-752F-4DBB-BB57-B7753D4025C7}
JKTZ-OBJ-000273,sztolnia,sztolnia,,,,,,missing,JKTZ-OBS-000273,TPN,154647.14,568139.23,1275.097117,,,nieokreslona,niezweryfikowane,needs_inventory_id,Brak NR_INWENT w zrodle TPN.,{A5C7088E-A2FE-4898-AE2E-B0A9B420B17D},tpn:{A5C7088E-A2FE-4898-AE2E-B0A9B420B17D}
JKTZ-OBJ-000274,otwor_jaskini,jaskinia,Szczelina pod Gankową III,Szczelina pod Gankową III,,T.F-09.34,Szczelina pod Gankową III,explicit,JKTZ-OBS-000274,TPN,152257.29,563746.51,1240.343798,,,nieokreslona,niezweryfikowane,ok,,{6D0ADC15-4701-4BC5-AD88-7B442046E34E},tpn:{6D0ADC15-4701-4BC5-AD88-7B442046E34E}
JKTZ-OBJ-000275,otwor_jaskini,jaskinia,Schronisko przy Jaskini w Dudzińcu,Schronisko przy Jaskini w Dudzińcu,,T.D-05.08,Schronisko przy Jaskini w Dudzińcu,explicit,JKTZ-OBS-000275,TPN,153630.87,559688.82,1242.234489,,,nieokreslona,zweryfikowane,ok,,{05993BEA-3B61-4FF8-874E-A8C5070CD292},tpn:{05993BEA-3B61-4FF8-874E-A8C5070CD292}
JKTZ-OBJ-000276,otwor_jaskini,jaskinia,Jaskinia Bystrej,Jaskinia Bystrej,,T.D-16.04,Jaskinia Bystrej,explicit,JKTZ-OBS-000276,TPN,154616.96,570361.39,1185.879162,,,nieokreslona,zweryfikowane,ok,,{45260486-42B3-4CBF-9109-9940BAF7909F},tpn:{45260486-42B3-4CBF-9109-9940BAF7909F}
JKTZ-OBJ-000277,otwor_jaskini,jaskinia,Gawra w Pronobisie,Gawra w Pronobisie,,,,missing,JKTZ-OBS-000277,TPN,153536.29,566488.01,1703.823452,,,nieokreslona,zweryfikowane,needs_inventory_id,Brak NR_INWENT w zrodle TPN.,{204A0610-40F4-4D2D-AA17-A138A1237B13},tpn:{204A0610-40F4-4D2D-AA17-A138A1237B13}
JKTZ-OBJ-000278,otwor_jaskini,jaskinia,Jaskinia Mała pod Zamkiem,Jaskinia Mała pod Zamkiem,,T.E-08.23,Jaskinia Mała pod Zamkiem,explicit,JKTZ-OBS-000278,TPN,152598.5,562927.81,1194.002887,,,nieokreslona,niezweryfikowane,ok,,{842A4D5F-B21F-4B09-B55C-E871EB54C356},tpn:{842A4D5F-B21F-4B09-B55C-E871EB54C356}
JKTZ-OBJ-000279,otwor_jaskini,jaskinia,Mokry Schron,Mokry Schron,,T.E-13.13,Mokry Schron,explicit,JKTZ-OBS-000279,TPN,153471.38,567462.35,1528.920651,,,nieokreslona,zweryfikowane,ok,,{FDA227AB-5051-41CB-819E-BD2635872B4C},tpn:{FDA227AB-5051-41CB-819E-BD2635872B4C}
JKTZ-OBJ-000280,otwor_jaskini,jaskinia,Studnia w Kazalnicy,Studnia w Kazalnicy,,T.E-11.12,Studnia w Kazalnicy,explicit,JKTZ-OBS-000280,TPN,152898.29,565606.88,1521.278282,,,nieokreslona,zweryfikowane,ok,,{75225B17-A95F-4673-8D7A-6616F3A1977E},tpn:{75225B17-A95F-4673-8D7A-6616F3A1977E}
JKTZ-OBJ-000281,otwor_jaskini,jaskinia,Szczelina w Mnichowych Turniach II,Szczelina w Mnichowych Turniach II,,T.E-13.18,Szczelina w Mnichowych Turniach II,explicit,JKTZ-OBS-000281,TPN,153434.09,567540.63,1652.02262,,,nieokreslona,zweryfikowane,ok,,{EFCB3785-DC34-4845-9E03-073B39626FC7},tpn:{EFCB3785-DC34-4845-9E03-073B39626FC7}
JKTZ-OBJ-000282,otwor_jaskini,jaskinia,"Jaskinia pod Śnieżną Studnią, Jaskinia pod Śnieżną Studnią",Jaskinia pod Śnieżną Studnią,Jaskinia pod Śnieżną Studnią,T.E-12.11,Jaskinia pod Śnieżną Studnią,explicit,JKTZ-OBS-000282,TPN,153126.63,567105.31,1688.357814,,,nieokreslona,zweryfikowane,ok,,{DFDA05BA-3EF6-4EA3-9AEA-4FF83789031D},tpn:{DFDA05BA-3EF6-4EA3-9AEA-4FF83789031D}
JKTZ-OBJ-000283,otwor_jaskini,jaskinia,Jaskinia Goryckiego,Jaskinia Goryckiego,,T.D-08.05,Jaskinia Goryckiego,explicit,JKTZ-OBS-000283,TPN,153970.41,563020.47,1080.782539,,,nieokreslona,niezweryfikowane,ok,,{049A3B16-F077-4887-970D-15055B5310DD},tpn:{049A3B16-F077-4887-970D-15055B5310DD}
JKTZ-OBJ-000284,otwor_jaskini,jaskinia,Komin w Ratuszu,Komin w Ratuszu,,T.E-11.03,Komin w Ratuszu,explicit,JKTZ-OBS-000284,TPN,153175.14,565890.99,1474.014826,,,nieokreslona,zweryfikowane,ok,,{251BD9EA-04F7-476F-A4EE-C9FB4D8C4BB4},tpn:{251BD9EA-04F7-476F-A4EE-C9FB4D8C4BB4}
JKTZ-OBJ-000285,otwor_jaskini,jaskinia,Jaskinia Marmurowa,Jaskinia Marmurowa,,T.E-11.05,Jaskinia Marmurowa,explicit,JKTZ-OBS-000285,TPN,152819.64,565550.44,1767.702373,,,nieokreslona,zweryfikowane,ok,,{C5BCC87D-2F7E-42B5-8433-F72C556B8618},tpn:{C5BCC87D-2F7E-42B5-8433-F72C556B8618}
JKTZ-OBJ-000286,otwor_jaskini,jaskinia,Gawra w Zawieszce,Gawra w Zawieszce,,,,missing,JKTZ-OBS-000286,TPN,155832.45,568659.19,1307.941725,,,nieokreslona,zweryfikowane,needs_inventory_id,Brak NR_INWENT w zrodle TPN.,{928043CC-4A91-42CF-8FCD-1BBBD1671B28},tpn:{928043CC-4A91-42CF-8FCD-1BBBD1671B28}
JKTZ-OBJ-000287,otwor_jaskini,jaskinia,Wąska Szczelina,Wąska Szczelina,,T.D-08.53,Wąska Szczelina,explicit,JKTZ-OBS-000287,TPN,153990.31,563016.94,1048.894168,,,nieokreslona,niezweryfikowane,ok,,{8AD7A1A1-9EB3-4D42-BDE3-D747332D0362},tpn:{8AD7A1A1-9EB3-4D42-BDE3-D747332D0362}
JKTZ-OBJ-000288,otwor_jaskini,jaskinia,Gawra nad Wielką Równią,Gawra nad Wielką Równią,,,,missing,JKTZ-OBS-000288,TPN,154592.61,568101.89,1358.307228,,,nieokreslona,zweryfikowane,needs_inventory_id,Brak NR_INWENT w zrodle TPN.,{98377D8A-8E3D-41E9-BD6D-DA78E5E56745},tpn:{98377D8A-8E3D-41E9-BD6D-DA78E5E56745}
JKTZ-OBJ-000289,otwor_jaskini,jaskinia,Szczelina w Litworowej,Szczelina w Litworowej,,T.E-12.48,Szczelina w Litworowej,explicit,JKTZ-OBS-000289,TPN,152816.27,566550.65,1887.222529,,,nieokreslona,niezweryfikowane,ok,,{70AC2223-B049-4359-AFB7-7069D04FE4F1},tpn:{70AC2223-B049-4359-AFB7-7069D04FE4F1}
JKTZ-OBJ-000290,otwor_jaskini,jaskinia,"Jaskinia Zimna, Jaskinia Biała",Jaskinia Zimna,Jaskinia Biała,T.D-08.08,Jaskinia Zimna,explicit,JKTZ-OBS-000290,TPN,153680.33,563278.42,1316.962516,,,nieokreslona,zweryfikowane,ok,,{2C536A0D-8E71-488D-9204-6BBC400C4BCC},tpn:{2C536A0D-8E71-488D-9204-6BBC400C4BCC}
JKTZ-OBJ-000291,otwor_jaskini,jaskinia,Jaskinia Czarna,Jaskinia Czarna,,T.E-09.12,Jaskinia Czarna,explicit,JKTZ-OBS-000291,TPN,153350.84,563329.74,1315.425766,,,nieokreslona,zweryfikowane,ok,,{51B5C393-762B-4F82-AE55-2B3AECD95035},tpn:{51B5C393-762B-4F82-AE55-2B3AECD95035}
JKTZ-OBJ-000292,otwor_jaskini,jaskinia,Nyża pod Jaskinią Magurską IV,Nyża pod Jaskinią Magurską IV,,T.D-18.07,Nyża pod Jaskinią Magurską IV,explicit,JKTZ-OBS-000292,TPN,154157.45,572374,1418.043462,,,nieokreslona,zweryfikowane,ok,,{DBD8CD14-D3F4-4525-A523-0F22E07ABF04},tpn:{DBD8CD14-D3F4-4525-A523-0F22E07ABF04}
JKTZ-OBJ-000293,otwor_jaskini,jaskinia,Studnia pod Okapami,Studnia pod Okapami,,,,missing,JKTZ-OBS-000293,TPN,153719.83,566866.41,1456.048232,,,nieokreslona,zweryfikowane,needs_inventory_id,Brak NR_INWENT w zrodle TPN.,{FCF9C91D-76AC-48F2-843E-3193DB34EDD4},tpn:{FCF9C91D-76AC-48F2-843E-3193DB34EDD4}
JKTZ-OBJ-000294,otwor_jaskini,jaskinia,Dziura nad Studnią,Dziura nad Studnią,,T.E-10.03,Dziura nad Studnią,explicit,JKTZ-OBS-000294,TPN,153131.41,565237.81,1585.931505,,,nieokreslona,niezweryfikowane,ok,,{14FAF5E2-6113-40E2-B03F-BB5451BF2919},tpn:{14FAF5E2-6113-40E2-B03F-BB5451BF2919}
JKTZ-OBJ-000295,otwor_jaskini,jaskinia,Dziura za Smrekiem w Zawiesistej,Dziura za Smrekiem w Zawiesistej,,T.B-10.02,Dziura za Smrekiem w Zawiesistej,explicit,JKTZ-OBS-000295,TPN,155457.53,564358.54,1222.42503,,,nieokreslona,zweryfikowane,ok,,{04164DCF-2CC7-44FC-9152-98A06F6502B2},tpn:{04164DCF-2CC7-44FC-9152-98A06F6502B2}
JKTZ-OBJ-000296,otwor_jaskini,jaskinia,Schronisko przy Ścianach,Schronisko przy Ścianach,,T.D-05.02,Schronisko przy Ścianach,explicit,JKTZ-OBS-000296,TPN,153915.16,559845,1158.58785,,,nieokreslona,zweryfikowane,ok,,{F16EEFCD-1BEB-4E7A-BE4A-1F4A8EFF3863},tpn:{F16EEFCD-1BEB-4E7A-BE4A-1F4A8EFF3863}
JKTZ-OBJ-000297,otwor_jaskini,jaskinia,Jaskinia Wielka Litworowa,Jaskinia Wielka Litworowa,,T.E-12.01,Jaskinia Wielka Litworowa,explicit,JKTZ-OBS-000297,TPN,152736.2,566567.66,1905.290951,,,nieokreslona,zweryfikowane,ok,,{A34CAD7D-C9F0-4951-B83C-23248B05B900},tpn:{A34CAD7D-C9F0-4951-B83C-23248B05B900}
JKTZ-OBJ-000298,otwor_jaskini,jaskinia,Wielka Szczelina,Wielka Szczelina,,T.D-08.24,Wielka Szczelina,explicit,JKTZ-OBS-000298,TPN,153649.1,562626.13,1240.017404,,,nieokreslona,niezweryfikowane,ok,,{2B423CE5-4084-4093-A935-7648032D30E1},tpn:{2B423CE5-4084-4093-A935-7648032D30E1}
JKTZ-OBJ-000299,otwor_jaskini,jaskinia,Dziura we Wysrankach,Dziura we Wysrankach,,,,missing,JKTZ-OBS-000299,TPN,154210.99,563427.55,1077.206008,,,nieokreslona,zweryfikowane,needs_inventory_id,Brak NR_INWENT w zrodle TPN.,{EEA9E82F-1DA8-492E-B6E2-A9442252C3A2},tpn:{EEA9E82F-1DA8-492E-B6E2-A9442252C3A2}
JKTZ-OBJ-000300,otwor_jaskini,jaskinia,Szczelina za Mechami,Szczelina za Mechami,,,,missing,JKTZ-OBS-000300,TPN,151918.84,564752.8,1668.49981,,,nieokreslona,zweryfikowane,needs_inventory_id,Brak NR_INWENT w zrodle TPN.,{D6280BA6-C638-4087-B4F8-CF7AAD8BA588},tpn:{D6280BA6-C638-4087-B4F8-CF7AAD8BA588}
JKTZ-OBJ-000301,otwor_jaskini,jaskinia,Płaska Komórka w Żeleźniaku,Płaska Komórka w Żeleźniaku,,T.E-08.53,Płaska Komórka w Żeleźniaku,explicit,JKTZ-OBS-000301,TPN,152980.27,562357.93,1261.061962,,,nieokreslona,niezweryfikowane,ok,,{D1578A9F-222A-404A-B528-C5021BA7F00C},tpn:{D1578A9F-222A-404A-B528-C5021BA7F00C}
JKTZ-OBJ-000302,otwor_jaskini,jaskinia,Dziura nad Szlakiem,Dziura nad Szlakiem,,T.E-11.45,Dziura nad Szlakiem,explicit,JKTZ-OBS-000302,TPN,153377.25,566072.72,1592.169262,,,nieokreslona,zweryfikowane,ok,,{F662E414-378F-48F1-B29B-698AAB06F665},tpn:{F662E414-378F-48F1-B29B-698AAB06F665}
JKTZ-OBJ-000303,otwor_jaskini,jaskinia,Szczelina w Suchym Żlebie,Szczelina w Suchym Żlebie,,T.C-15.03,Szczelina w Suchym Żlebie,explicit,JKTZ-OBS-000303,TPN,154689.93,569992.85,1357.342806,,,nieokreslona,zweryfikowane,ok,,{6350E75C-59F9-459B-B47A-960E737C8AA9},tpn:{6350E75C-59F9-459B-B47A-960E737C8AA9}
JKTZ-OBJ-000304,otwor_jaskini,jaskinia,Rzędowa Szczelina,Rzędowa Szczelina,,T.F-11.11,Rzędowa Szczelina,explicit,JKTZ-OBS-000304,TPN,151798.02,565474.4,1954.506061,,,nieokreslona,niezweryfikowane,ok,,{5FD3F337-9F29-49AC-9183-3D97AF490C9D},tpn:{5FD3F337-9F29-49AC-9183-3D97AF490C9D}
JKTZ-OBJ-000305,otwor_jaskini,jaskinia,"Jaskinia Zimna, Dolny",Jaskinia Zimna,Dolny,T.D-08.08,Jaskinia Zimna,explicit,JKTZ-OBS-000305,TPN,153920.51,563102.47,1112.492507,,,nieokreslona,zweryfikowane,ok,,{BA3B354A-8BBE-4342-A993-A1988E9006D6},tpn:{BA3B354A-8BBE-4342-A993-A1988E9006D6}
JKTZ-OBJ-000306,otwor_jaskini,jaskinia,Mnichowy Komin,Mnichowy Komin,,T.L-22.01,Mnichowy Komin,explicit,JKTZ-OBS-000306,TPN,147870.94,576867.73,1879.100532,,,nieokreslona,niezweryfikowane,ok,,{30F0A3B7-A808-4C9A-A066-0A758D526192},tpn:{30F0A3B7-A808-4C9A-A066-0A758D526192}
JKTZ-OBJ-000307,otwor_jaskini,jaskinia,Krakowski Okap,Krakowski Okap,,T.F-09.35,Krakowski Okap,explicit,JKTZ-OBS-000307,TPN,152015.26,563940.83,1364.543685,,,nieokreslona,niezweryfikowane,ok,,{6EB691B5-23DB-4F59-B479-D408A585E062},tpn:{6EB691B5-23DB-4F59-B479-D408A585E062}
JKTZ-OBJ-000308,otwor_jaskini,jaskinia,Jaskinia Kozia,Jaskinia Kozia,,T.E-11.11,Jaskinia Kozia,explicit,JKTZ-OBS-000308,TPN,152766.69,566079.71,1835.745891,,,nieokreslona,zweryfikowane,ok,,{AF271E37-C205-48CA-B546-B3F0663ED2F4},tpn:{AF271E37-C205-48CA-B546-B3F0663ED2F4}
JKTZ-OBJ-000309,otwor_jaskini,jaskinia,Świstowy Worek,Świstowy Worek,,T.E-10.09,Świstowy Worek,explicit,JKTZ-OBS-000309,TPN,153119.79,565189.42,1633.865929,,,nieokreslona,niezweryfikowane,ok,,{B25BFB8D-E88F-4F14-9FDA-D68ECA2C621C},tpn:{B25BFB8D-E88F-4F14-9FDA-D68ECA2C621C}
JKTZ-OBJ-000310,otwor_jaskini,jaskinia,Niski Schron nad Tomanową,Niski Schron nad Tomanową,,T.F-11.15,Niski Schron nad Tomanową,explicit,JKTZ-OBS-000310,TPN,151759.45,565579.8,1922.258452,,,nieokreslona,niezweryfikowane,ok,,{D29B67F7-2416-4F4E-9FF7-0D52C2ACC9A8},tpn:{D29B67F7-2416-4F4E-9FF7-0D52C2ACC9A8}
JKTZ-OBJ-000311,otwor_jaskini,jaskinia,Raptawicki Tunelik,Raptawicki Tunelik,,T.E-08.37,Raptawicki Tunelik,explicit,JKTZ-OBS-000311,TPN,152731.81,562601.41,1179.815125,,,nieokreslona,niezweryfikowane,ok,,{4033C400-E3F6-4A80-A3A5-5F9B34FC8386},tpn:{4033C400-E3F6-4A80-A3A5-5F9B34FC8386}
JKTZ-OBJ-000312,otwor_jaskini,jaskinia,Szczelina nad Ponorem,Szczelina nad Ponorem,,T.E-08.45,Szczelina nad Ponorem,explicit,JKTZ-OBS-000312,TPN,152392.8,562639.86,1055.415736,,,nieokreslona,zweryfikowane,ok,,{3C0F8BC6-2907-4620-AA4C-988BCE41E34F},tpn:{3C0F8BC6-2907-4620-AA4C-988BCE41E34F}
JKTZ-OBJ-000313,otwor_jaskini,jaskinia,Nyża w Ździarach,Nyża w Ździarach,,T.E-09.28,Nyża w Ździarach,explicit,JKTZ-OBS-000313,TPN,152952.76,564039,1572.065367,,,nieokreslona,niezweryfikowane,ok,,{DB9E0E2B-C3DB-4109-98A8-186360ED8660},tpn:{DB9E0E2B-C3DB-4109-98A8-186360ED8660}
JKTZ-OBJ-000314,otwor_jaskini,jaskinia,Schron w Ścianie pod Szczytem,Schron w Ścianie pod Szczytem,,T.E-06.08,Schron w Ścianie pod Szczytem,explicit,JKTZ-OBS-000314,TPN,152911.42,560775.38,1826.36625,,,nieokreslona,niezweryfikowane,ok,,{7B2DFD58-B72F-49F9-9801-6159B9C9FE78},tpn:{7B2DFD58-B72F-49F9-9801-6159B9C9FE78}
JKTZ-OBJ-000315,otwor_jaskini,jaskinia,Jaskinia pod Kapliczką,Jaskinia pod Kapliczką,,T.E-07.13,Jaskinia pod Kapliczką,explicit,JKTZ-OBS-000315,TPN,153132.74,561567.77,1575.407002,,,nieokreslona,niezweryfikowane,ok,,{AE6A3054-552C-4BAE-922E-E80F60CACBD4},tpn:{AE6A3054-552C-4BAE-922E-E80F60CACBD4}
JKTZ-OBJ-000316,sztolnia,sztolnia,Sztolnia w Przedniej Kopce nr 1,Sztolnia w Przedniej Kopce nr 1,,,,missing,JKTZ-OBS-000316,TPN,156669.24,563075.45,928.1977518,,,nieokreslona,niezweryfikowane,needs_inventory_id,Brak NR_INWENT w zrodle TPN.,{28DEA51D-B6AE-478E-B52A-834C3EB460FC},tpn:{28DEA51D-B6AE-478E-B52A-834C3EB460FC}
JKTZ-OBJ-000317,obiekt_terenowy,,Koleba w Zawracie Kasprowym,Koleba w Zawracie Kasprowym,,,,missing,JKTZ-OBS-000317,TPN,154131.96,571852.73,1494.573578,,,nieokreslona,zweryfikowane,needs_inventory_id,Brak NR_INWENT w zrodle TPN.,{0A918778-2BA0-4AE8-8DBD-1B8B7C319066},tpn:{0A918778-2BA0-4AE8-8DBD-1B8B7C319066}
JKTZ-OBJ-000318,otwor_jaskini,jaskinia,Jaskinia w Żarze,Jaskinia w Żarze,,T.F-08.03,Jaskinia w Żarze,explicit,JKTZ-OBS-000318,TPN,152228.84,562859.61,1267.33568,,,nieokreslona,niezweryfikowane,ok,,{448A3FE4-168F-47CB-A7E0-5E32ED04DAB7},tpn:{448A3FE4-168F-47CB-A7E0-5E32ED04DAB7}
JKTZ-OBJ-000319,otwor_jaskini,jaskinia,Tomanowa Szczelina II,Tomanowa Szczelina II,,T.F-11.20,Tomanowa Szczelina II,explicit,JKTZ-OBS-000319,TPN,151638.21,565795.38,1984.99861,,,nieokreslona,niezweryfikowane,ok,,{9DE94A65-ABFE-4FC6-BD5C-01DBB2F73308},tpn:{9DE94A65-ABFE-4FC6-BD5C-01DBB2F73308}
JKTZ-OBJ-000320,otwor_jaskini,jaskinia,Jaskinia w Kobylarzowym Żlebie,Jaskinia w Kobylarzowym Żlebie,,T.E-12.49,Jaskinia w Kobylarzowym Żlebie,explicit,JKTZ-OBS-000320,TPN,153414.06,566400.85,1774.855066,,,nieokreslona,zweryfikowane,ok,,{E4C3C336-F10C-42EF-98E3-2C0C6F543519},tpn:{E4C3C336-F10C-42EF-98E3-2C0C6F543519}
JKTZ-OBJ-000321,otwor_jaskini,jaskinia,Szczelina w Niżniej Świstówce II,Szczelina w Niżniej Świstówce II,,,,missing,JKTZ-OBS-000321,TPN,153274.85,567370.26,1535.517803,,,nieokreslona,zweryfikowane,needs_inventory_id,Brak NR_INWENT w zrodle TPN.,{9A3DC135-EC51-475F-BBBD-15BDD3072F68},tpn:{9A3DC135-EC51-475F-BBBD-15BDD3072F68}
JKTZ-OBJ-000322,otwor_jaskini,jaskinia,Tylkowa Szczelina,Tylkowa Szczelina,,T.E-07.05,Tylkowa Szczelina,explicit,JKTZ-OBS-000322,TPN,153147.31,561303.93,1712.753587,,,nieokreslona,niezweryfikowane,ok,,{A675E53D-A2DC-46C9-98DD-96E7B8C8EE0A},tpn:{A675E53D-A2DC-46C9-98DD-96E7B8C8EE0A}
JKTZ-OBJ-000323,otwor_jaskini,jaskinia,koleba w Białym Żlebku,koleba w Białym Żlebku,,,,missing,JKTZ-OBS-000323,TPN,151447.54,577339.34,1491.782855,,,nieokreslona,zweryfikowane,needs_inventory_id,Brak NR_INWENT w zrodle TPN.,{CA3A7955-CD7E-46C0-9A2A-9F8632B39057},tpn:{CA3A7955-CD7E-46C0-9A2A-9F8632B39057}
JKTZ-OBJ-000324,otwor_jaskini,jaskinia,Lustrzana Szczelina,Lustrzana Szczelina,,T.F-10.05,Lustrzana Szczelina,explicit,JKTZ-OBS-000324,TPN,151961.96,564410.07,1503.448885,,,nieokreslona,niezweryfikowane,ok,,{00230389-7441-47AF-A7AC-8773C7A7B018},tpn:{00230389-7441-47AF-A7AC-8773C7A7B018}
JKTZ-OBJ-000325,otwor_jaskini,jaskinia,Nisza w Kobylarzowej Turni,Nisza w Kobylarzowej Turni,,T.E-11.57,Nisza w Kobylarzowej Turni,explicit,JKTZ-OBS-000325,TPN,153416.2,566053.23,1562.082761,,,nieokreslona,zweryfikowane,ok,,{DE4E8D3B-1D38-4541-81D2-F61D5CB4C537},tpn:{DE4E8D3B-1D38-4541-81D2-F61D5CB4C537}
JKTZ-OBJ-000326,otwor_jaskini,jaskinia,Szczelina na Zakręcie II,Szczelina na Zakręcie II,,T.E-09.38,Szczelina na Zakręcie II,explicit,JKTZ-OBS-000326,TPN,152523.99,563479.63,1163.019343,,,nieokreslona,niezweryfikowane,ok,,{2F06A9A5-7185-4981-B146-8DD1ACBF8176},tpn:{2F06A9A5-7185-4981-B146-8DD1ACBF8176}
JKTZ-OBJ-000327,otwor_jaskini,jaskinia,Zaspałkowa Szpara,Zaspałkowa Szpara,,T.E-13.25,Zaspałkowa Szpara,explicit,JKTZ-OBS-000327,TPN,152888.97,567393.55,1735.175743,,,nieokreslona,zweryfikowane,ok,,{4500F878-2BA4-4E01-ACBB-4B60C7300246},tpn:{4500F878-2BA4-4E01-ACBB-4B60C7300246}
JKTZ-OBJ-000328,otwor_jaskini,jaskinia,Jaskinia pod Krzyżem,Jaskinia pod Krzyżem,,,,missing,JKTZ-OBS-000328,TPN,147638.44,578228.31,1552.29795,,,nieokreslona,zweryfikowane,needs_inventory_id,Brak NR_INWENT w zrodle TPN.,{7F42BD24-1B62-42FF-A68D-96F5AC40A42A},tpn:{7F42BD24-1B62-42FF-A68D-96F5AC40A42A}
JKTZ-OBJ-000329,otwor_jaskini,jaskinia,Mała Żabia Szpara,Mała Żabia Szpara,,T.J-24.04,Mała Żabia Szpara,explicit,JKTZ-OBS-000329,TPN,149797.77,579323.78,1612.365144,,,nieokreslona,niezweryfikowane,ok,,{331A7E2E-439B-4E79-A5A8-F4B6CCE19662},tpn:{331A7E2E-439B-4E79-A5A8-F4B6CCE19662}
JKTZ-OBJ-000330,otwor_jaskini,jaskinia,Dziura pod Oknem,Dziura pod Oknem,,T.D-08.12,Dziura pod Oknem,explicit,JKTZ-OBS-000330,TPN,153858.87,563187.36,1270.963387,,,nieokreslona,niezweryfikowane,ok,,{69AAFA05-B645-40CC-9904-7240AD30F03F},tpn:{69AAFA05-B645-40CC-9904-7240AD30F03F}
JKTZ-OBJ-000331,otwor_jaskini,jaskinia,Szczelina pod Smoczą Jamą,Szczelina pod Smoczą Jamą,,T.E-08.46,Szczelina pod Smoczą Jamą,explicit,JKTZ-OBS-000331,TPN,152654.51,563080.26,1099.827514,,,nieokreslona,niezweryfikowane,ok,,{8CD9CAFE-ED57-456A-95DA-79BE5518D09A},tpn:{8CD9CAFE-ED57-456A-95DA-79BE5518D09A}
JKTZ-OBJ-000332,otwor_jaskini,jaskinia,Kozia Grota,Kozia Grota,,T.D-13.01,Kozia Grota,explicit,JKTZ-OBS-000332,TPN,154389.41,568184.27,1739.559424,,,nieokreslona,zweryfikowane,ok,,{9EB09D55-39A1-44E1-805A-7F193D1B5D19},tpn:{9EB09D55-39A1-44E1-805A-7F193D1B5D19}
JKTZ-OBJ-000333,otwor_jaskini,jaskinia,Jaskinia w Trawniczku,Jaskinia w Trawniczku,,T.E-13.11,Jaskinia w Trawniczku,explicit,JKTZ-OBS-000333,TPN,153398.94,567497,1559.821899,,,nieokreslona,zweryfikowane,ok,,{9B78B598-1D58-4DF9-B55A-1B12B2FFBC3C},tpn:{9B78B598-1D58-4DF9-B55A-1B12B2FFBC3C}
JKTZ-OBJ-000334,otwor_jaskini,jaskinia,Schron w Małym Reglu,Schron w Małym Reglu,,T.B-09.17,Schron w Małym Reglu,explicit,JKTZ-OBS-000334,TPN,156189.95,563441.79,1029.357172,,,nieokreslona,zweryfikowane,ok,,{748C4414-A3C2-468D-86A2-CDC74109C07F},tpn:{748C4414-A3C2-468D-86A2-CDC74109C07F}
JKTZ-OBJ-000335,otwor_jaskini,jaskinia,Szczelina nad Mechami,Szczelina nad Mechami,,,,missing,JKTZ-OBS-000335,TPN,151950.81,564719.58,1657.975824,,,nieokreslona,zweryfikowane,needs_inventory_id,Brak NR_INWENT w zrodle TPN.,{6E0EBC33-4EAC-46F5-9BAB-FBFC1B2466C1},tpn:{6E0EBC33-4EAC-46F5-9BAB-FBFC1B2466C1}
JKTZ-OBJ-000336,otwor_jaskini,jaskinia,Jaskinia Owcza,Jaskinia Owcza,,T.E-09.08,Jaskinia Owcza,explicit,JKTZ-OBS-000336,TPN,152593.48,563342.78,1209.478872,,,nieokreslona,niezweryfikowane,ok,,{04BA7E19-68AA-4CB7-8486-E946D162C525},tpn:{04BA7E19-68AA-4CB7-8486-E946D162C525}
JKTZ-OBJ-000337,otwor_jaskini,jaskinia,Dziura pod Kamieniem,Dziura pod Kamieniem,,T.D-17.15,Dziura pod Kamieniem,explicit,JKTZ-OBS-000337,TPN,154417.25,571390.44,1327.678299,,,nieokreslona,zweryfikowane,ok,,{EDA32AD0-0DD5-4DB8-BACF-F4C127D8883A},tpn:{EDA32AD0-0DD5-4DB8-BACF-F4C127D8883A}
JKTZ-OBJ-000338,otwor_jaskini,jaskinia,Jaskinia w Jaworzyńskim Żlebie,Jaskinia w Jaworzyńskim Żlebie,,T.A-24.03,Jaskinia w Jaworzyńskim Żlebie,explicit,JKTZ-OBS-000338,TPN,157793.52,578136.43,947.5079844,,,nieokreslona,zweryfikowane,ok,,{8468A713-52A7-4D6C-BE85-8F894409CC57},tpn:{8468A713-52A7-4D6C-BE85-8F894409CC57}
JKTZ-OBJ-000339,otwor_jaskini,jaskinia,Schron w Opalonem II,Schron w Opalonem II,,T.D-06.11,Schron w Opalonem II,explicit,JKTZ-OBS-000339,TPN,153804.58,560846.66,1408.53675,,,nieokreslona,zweryfikowane,ok,,{993753BD-FE9A-4E00-9F13-8108F7869D67},tpn:{993753BD-FE9A-4E00-9F13-8108F7869D67}
JKTZ-OBJ-000340,otwor_jaskini,jaskinia,Górny Lej,Górny Lej,,T.E-12.37,Górny Lej,explicit,JKTZ-OBS-000340,TPN,152915.24,566950.63,1884.758233,,,nieokreslona,zweryfikowane,ok,,{E411413E-8A80-4D30-84A3-B81C63B20109},tpn:{E411413E-8A80-4D30-84A3-B81C63B20109}
JKTZ-OBJ-000341,otwor_jaskini,jaskinia,"Smocza Jama, S",Smocza Jama,S,T.E-08.07,Smocza Jama,explicit,JKTZ-OBS-000341,TPN,152617.7,563136.67,1094.750535,,,nieokreslona,zweryfikowane,ok,,{B8C9F363-3509-48DB-9ABC-90E665EF74C3},tpn:{B8C9F363-3509-48DB-9ABC-90E665EF74C3}
JKTZ-OBJ-000342,otwor_jaskini,jaskinia,Dziura w Czarnej Turni III,Dziura w Czarnej Turni III,,T.C-12.03,Dziura w Czarnej Turni III,explicit,JKTZ-OBS-000342,TPN,155355.2,566944.76,1281.335982,,,nieokreslona,zweryfikowane,ok,,{8D598143-BFCF-45A8-AAAE-DE84CA0E03CD},tpn:{8D598143-BFCF-45A8-AAAE-DE84CA0E03CD}
JKTZ-OBJ-000343,otwor_jaskini,jaskinia,Szara Studnia,Szara Studnia,,T.E-12.50,Szara Studnia,explicit,JKTZ-OBS-000343,TPN,153359.18,566386.1,1751.160829,,,nieokreslona,zweryfikowane,ok,,{518FE961-D9DA-4997-804E-CFC2E389A5AB},tpn:{518FE961-D9DA-4997-804E-CFC2E389A5AB}
JKTZ-OBJ-000344,otwor_jaskini,jaskinia,Jaskinia Ślimacza,Jaskinia Ślimacza,,T.E-07.14,Jaskinia Ślimacza,explicit,JKTZ-OBS-000344,TPN,153102.11,561786.93,1518.574061,,,nieokreslona,niezweryfikowane,ok,,{1F042473-2E44-4835-AB00-AF1C900A30CC},tpn:{1F042473-2E44-4835-AB00-AF1C900A30CC}
JKTZ-OBJ-000345,otwor_jaskini,jaskinia,Nisza nad Żółtą Dziurą,Nisza nad Żółtą Dziurą,,T.E-09.33,Nisza nad Żółtą Dziurą,explicit,JKTZ-OBS-000345,TPN,152580.29,563411.1,1172.498037,,,nieokreslona,niezweryfikowane,ok,,{99C85EC0-9839-4442-8826-FD8732494723},tpn:{99C85EC0-9839-4442-8826-FD8732494723}
JKTZ-OBJ-000346,otwor_jaskini,jaskinia,Gawra nad Suchą Wodą,Gawra nad Suchą Wodą,,T.D-20.01,Gawra nad Suchą Wodą,explicit,JKTZ-OBS-000346,TPN,153680.81,574397.32,1510.900972,,,nieokreslona,zweryfikowane,ok,,{97D76B4A-5959-4186-9A49-D73CC464FC8C},tpn:{97D76B4A-5959-4186-9A49-D73CC464FC8C}
JKTZ-OBJ-000347,otwor_jaskini,jaskinia,Jaskinia pod Ostrewką,Jaskinia pod Ostrewką,,T.D-08.15,Jaskinia pod Ostrewką,explicit,JKTZ-OBS-000347,TPN,153869.54,563175.08,1226.589833,,,nieokreslona,niezweryfikowane,ok,,{D2B67CF2-FA6A-4CC3-BD05-66F3E5552F65},tpn:{D2B67CF2-FA6A-4CC3-BD05-66F3E5552F65}
JKTZ-OBJ-000348,otwor_jaskini,jaskinia,Jaskinia w Trawie,Jaskinia w Trawie,,T.E-12.41,Jaskinia w Trawie,explicit,JKTZ-OBS-000348,TPN,152994.86,566517.51,1867.735982,,,nieokreslona,zweryfikowane,ok,,{61BDC1C3-3666-470A-9E15-C749F7B42FE0},tpn:{61BDC1C3-3666-470A-9E15-C749F7B42FE0}
JKTZ-OBJ-000349,otwor_jaskini,jaskinia,Dziura pod Lodową Małołącką I,Dziura pod Lodową Małołącką I,,T.E-13.23,Dziura pod Lodową Małołącką I,explicit,JKTZ-OBS-000349,TPN,153267.04,567542.48,1604.126213,,,nieokreslona,zweryfikowane,ok,,{66FE5A56-014C-4690-9595-1D5A96EE2177},tpn:{66FE5A56-014C-4690-9595-1D5A96EE2177}
JKTZ-OBJ-000350,otwor_jaskini,jaskinia,Jaskinia w Wielkiej Turni,Jaskinia w Wielkiej Turni,,T.E-12.34,Jaskinia w Wielkiej Turni,explicit,JKTZ-OBS-000350,TPN,153455.8,566971.02,1821.308475,,,nieokreslona,zweryfikowane,ok,,{468CE3CC-13D0-4EE6-8064-74B06B826DAC},tpn:{468CE3CC-13D0-4EE6-8064-74B06B826DAC}
JKTZ-OBJ-000351,otwor_jaskini,jaskinia,Studnia w Małej Świstówce,Studnia w Małej Świstówce,,T.E-10.02,Studnia w Małej Świstówce,explicit,JKTZ-OBS-000351,TPN,153322.72,565169.83,1444.880625,,,nieokreslona,niezweryfikowane,ok,,{096C8187-FA3E-4FB9-B077-7205CFF221F6},tpn:{096C8187-FA3E-4FB9-B077-7205CFF221F6}
JKTZ-OBJ-000352,otwor_jaskini,jaskinia,Dmuchawa,Dmuchawa,,T.D-05.14,Dmuchawa,explicit,JKTZ-OBS-000352,TPN,153502.49,559735.35,1301.465712,,,nieokreslona,zweryfikowane,ok,,{5805FE99-E268-4A9A-88A3-0BF1F070032D},tpn:{5805FE99-E268-4A9A-88A3-0BF1F070032D}
JKTZ-OBJ-000353,otwor_jaskini,jaskinia,Komórka nad Smytnią,Komórka nad Smytnią,,T.E-06.09,Komórka nad Smytnią,explicit,JKTZ-OBS-000353,TPN,153125.33,561039.61,1778.01091,,,nieokreslona,niezweryfikowane,ok,,{74D439C4-A2FF-4D08-B08E-52F3AE057D21},tpn:{74D439C4-A2FF-4D08-B08E-52F3AE057D21}
JKTZ-OBJ-000354,otwor_jaskini,jaskinia,Skośna Szpara,Skośna Szpara,,T.B-04.03,Skośna Szpara,explicit,JKTZ-OBS-000354,TPN,156060.04,558533.94,1072.994305,,,nieokreslona,zweryfikowane,ok,,{306D62B7-BC8D-42CF-8C98-1FC8EC46223C},tpn:{306D62B7-BC8D-42CF-8C98-1FC8EC46223C}
JKTZ-OBJ-000355,sztolnia,sztolnia,Sztolnia na Klinowej Czubie nr 2,Sztolnia na Klinowej Czubie nr 2,,,,missing,JKTZ-OBS-000355,TPN,155081.09,559804.71,1176.706636,,,nieokreslona,niezweryfikowane,needs_inventory_id,Brak NR_INWENT w zrodle TPN.,{88801933-D166-488A-A718-584A7C9DC4C3},tpn:{88801933-D166-488A-A718-584A7C9DC4C3}
JKTZ-OBJ-000356,otwor_jaskini,jaskinia,Dziura w Organach VII,Dziura w Organach VII,,T.D-08.31,Dziura w Organach VII,explicit,JKTZ-OBS-000356,TPN,153525.16,563042.24,1099.314974,,,nieokreslona,niezweryfikowane,ok,,{52AC1D8A-24F3-40AA-84C7-7CA9DC07B0D4},tpn:{52AC1D8A-24F3-40AA-84C7-7CA9DC07B0D4}
JKTZ-OBJ-000357,otwor_jaskini,jaskinia,Schron z Kijem,Schron z Kijem,,T.E-08.35,Schron z Kijem,explicit,JKTZ-OBS-000357,TPN,152448.96,562941.09,1263.211912,,,nieokreslona,zweryfikowane,ok,,{8E99A34E-0C8B-4343-8C28-E210C27B466F},tpn:{8E99A34E-0C8B-4343-8C28-E210C27B466F}
JKTZ-OBJ-000358,otwor_jaskini,jaskinia,Jaskinia Żabia Lodowa,Jaskinia Żabia Lodowa,,T.J-24.02,Jaskinia Żabia Lodowa,explicit,JKTZ-OBS-000358,TPN,149891.25,579383.12,1571.942186,,,nieokreslona,niezweryfikowane,ok,,{01F20C5E-17EC-4582-BA2F-4ACF99B5C482},tpn:{01F20C5E-17EC-4582-BA2F-4ACF99B5C482}
JKTZ-OBJ-000359,otwor_jaskini,jaskinia,Szczelina za Siedmiu Progami,Szczelina za Siedmiu Progami,,T.F-09.29,Szczelina za Siedmiu Progami,explicit,JKTZ-OBS-000359,TPN,152176.54,564295.2,1429.178576,,,nieokreslona,niezweryfikowane,ok,,{3A508711-F9F0-40A0-9DD5-7C13C3F68E52},tpn:{3A508711-F9F0-40A0-9DD5-7C13C3F68E52}
JKTZ-OBJ-000360,otwor_jaskini,jaskinia,Szczelina w Myślenickich Turniach Górna,Szczelina w Myślenickich Turniach Górna,,T.D-16.13,Szczelina w Myślenickich Turniach Górna,explicit,JKTZ-OBS-000360,TPN,154397.66,570765.11,1274.811002,,,nieokreslona,zweryfikowane,ok,,{EC914406-0376-4696-899F-75CC68D7BE2A},tpn:{EC914406-0376-4696-899F-75CC68D7BE2A}
JKTZ-OBJ-000361,otwor_jaskini,jaskinia,Lejek,Lejek,,T.D-08.21,Lejek,explicit,JKTZ-OBS-000361,TPN,153861,563154.31,1207.675829,,,nieokreslona,niezweryfikowane,ok,,{80DF3DA7-6E2F-4739-93CD-B86D5E600C5E},tpn:{80DF3DA7-6E2F-4739-93CD-B86D5E600C5E}
JKTZ-OBJ-000362,otwor_jaskini,jaskinia,Studnia w Progu Mułowym,Studnia w Progu Mułowym,,T.E-11.17,Studnia w Progu Mułowym,explicit,JKTZ-OBS-000362,TPN,152722.86,565853.39,1725.17337,,,nieokreslona,niezweryfikowane,ok,,{05DA5368-A9B8-435F-9204-6C7B7E63B816},tpn:{05DA5368-A9B8-435F-9204-6C7B7E63B816}
JKTZ-OBJ-000363,otwor_jaskini,jaskinia,Dziura pod Ratuszem,Dziura pod Ratuszem,,T.E-11.33,Dziura pod Ratuszem,explicit,JKTZ-OBS-000363,TPN,153139.39,565917.34,1535.649271,,,nieokreslona,niezweryfikowane,ok,,{E0642496-F87C-4EEE-A7A0-A60365191209},tpn:{E0642496-F87C-4EEE-A7A0-A60365191209}
JKTZ-OBJ-000364,otwor_jaskini,jaskinia,Myślenicka Nyża,Myślenicka Nyża,,T.D-16.09,Myślenicka Nyża,explicit,JKTZ-OBS-000364,TPN,154327.36,570775.24,1289.657235,,,nieokreslona,zweryfikowane,ok,,{73B28881-E49E-41F4-BDD3-10B54D09F3F1},tpn:{73B28881-E49E-41F4-BDD3-10B54D09F3F1}
JKTZ-OBJ-000365,otwor_jaskini,jaskinia,Szczelina pod Niżnią Zbójnicką Turnią,Szczelina pod Niżnią Zbójnicką Turnią,,T.E-08.24,Szczelina pod Niżnią Zbójnicką Turnią,explicit,JKTZ-OBS-000365,TPN,152671.26,562881.9,1136.271702,,,nieokreslona,niezweryfikowane,ok,,{D628C1DD-80C3-4323-9D0D-7700B4228F4A},tpn:{D628C1DD-80C3-4323-9D0D-7700B4228F4A}
JKTZ-OBJ-000366,obiekt_terenowy,,Dziura nad Piórem,Dziura nad Piórem,,,,missing,JKTZ-OBS-000366,TPN,157152.01,572234.05,1064.53433,,,nieokreslona,zweryfikowane,needs_inventory_id,Brak NR_INWENT w zrodle TPN.,{674815A2-6117-4345-AE0C-96B55454081D},tpn:{674815A2-6117-4345-AE0C-96B55454081D}
JKTZ-OBJ-000367,otwor_jaskini,jaskinia,Schron z Prowokatorem,Schron z Prowokatorem,,T.A-17.02,Schron z Prowokatorem,explicit,JKTZ-OBS-000367,TPN,157179.93,571631.93,1059.711709,,,nieokreslona,zweryfikowane,ok,,{0215C9A3-86CE-4113-96FA-E6FE7D32C22B},tpn:{0215C9A3-86CE-4113-96FA-E6FE7D32C22B}
JKTZ-OBJ-000368,otwor_jaskini,jaskinia,Dziura za Modrzewiami,Dziura za Modrzewiami,,T.F-08.04,Dziura za Modrzewiami,explicit,JKTZ-OBS-000368,TPN,152429.52,562888.29,1210.68068,,,nieokreslona,niezweryfikowane,ok,,{708FD55B-662E-46DC-B8BC-F94C84CEFA87},tpn:{708FD55B-662E-46DC-B8BC-F94C84CEFA87}
JKTZ-OBJ-000369,otwor_jaskini,jaskinia,Dziura z Konkrecjami Wyżnia,Dziura z Konkrecjami Wyżnia,,T.E-09.13,Dziura z Konkrecjami Wyżnia,explicit,JKTZ-OBS-000369,TPN,152388,563624.1,1221.778345,,,nieokreslona,niezweryfikowane,ok,,{C66A5090-E1E2-41AD-A9FF-A726548A8257},tpn:{C66A5090-E1E2-41AD-A9FF-A726548A8257}
JKTZ-OBJ-000370,otwor_jaskini,jaskinia,Dziura nad Korytem,Dziura nad Korytem,,T.D-12.11,Dziura nad Korytem,explicit,JKTZ-OBS-000370,TPN,153806.52,566280.65,1583.736353,,,nieokreslona,zweryfikowane,ok,,{D6364A4F-293F-4171-8957-AB2AAE4EEF8A},tpn:{D6364A4F-293F-4171-8957-AB2AAE4EEF8A}
JKTZ-OBJ-000371,otwor_jaskini,jaskinia,Grota Filipczańska Wyżnia,Grota Filipczańska Wyżnia,,T.B-24.03,Grota Filipczańska Wyżnia,explicit,JKTZ-OBS-000371,TPN,156825.86,578364.03,1192.576056,,,nieokreslona,zweryfikowane,ok,,{2979BEDC-D4E5-4C7C-97B0-C19398DB2E11},tpn:{2979BEDC-D4E5-4C7C-97B0-C19398DB2E11}
JKTZ-OBJ-000372,otwor_jaskini,jaskinia,Koleba nad Doliną Białego,Koleba nad Doliną Białego,,T.B-15.01,Koleba nad Doliną Białego,explicit,JKTZ-OBS-000372,TPN,155714.7,569617.1,1180.723023,,,nieokreslona,zweryfikowane,ok,,{31F3BAA5-2038-4D0D-9C15-99B5623C0262},tpn:{31F3BAA5-2038-4D0D-9C15-99B5623C0262}
JKTZ-OBJ-000373,otwor_jaskini,jaskinia,Nyża pod Myślenicką Szczeliną,Nyża pod Myślenicką Szczeliną,,T.D-16.07,Nyża pod Myślenicką Szczeliną,explicit,JKTZ-OBS-000373,TPN,154343.42,570743.81,1258.496381,,,nieokreslona,zweryfikowane,ok,,{1143D549-9DE7-48EB-8D5C-DECB05CEC4DF},tpn:{1143D549-9DE7-48EB-8D5C-DECB05CEC4DF}
JKTZ-OBJ-000374,otwor_jaskini,jaskinia,Dziura Stanikowa Niżnia,Dziura Stanikowa Niżnia,,T.B-09.03,Dziura Stanikowa Niżnia,explicit,JKTZ-OBS-000374,TPN,155979.81,564061.49,1120.966376,,,nieokreslona,zweryfikowane,ok,,{F0AB500A-C09D-4032-817C-839FC8E71C20},tpn:{F0AB500A-C09D-4032-817C-839FC8E71C20}
JKTZ-OBJ-000375,otwor_jaskini,jaskinia,Dziura na Półce,Dziura na Półce,,T.E-10.07,Dziura na Półce,explicit,JKTZ-OBS-000375,TPN,153437.51,565094.77,1393.870781,,,nieokreslona,niezweryfikowane,ok,,{64A27A6A-C25B-4F35-B18E-95C389FEE794},tpn:{64A27A6A-C25B-4F35-B18E-95C389FEE794}
JKTZ-OBJ-000376,otwor_jaskini,jaskinia,Dziura pod Smoczą Jamą,Dziura pod Smoczą Jamą,,T.E-08.06,Dziura pod Smoczą Jamą,explicit,JKTZ-OBS-000376,TPN,152617.36,563121.84,1077.880012,,,nieokreslona,zweryfikowane,ok,,{4BC59950-3B6F-4C61-B865-A44D6A3849C7},tpn:{4BC59950-3B6F-4C61-B865-A44D6A3849C7}
JKTZ-OBJ-000377,otwor_jaskini,jaskinia,Okap w Kondratowych Basztach,Okap w Kondratowych Basztach,,,,missing,JKTZ-OBS-000377,TPN,153438.17,567998.72,1658.377328,,,nieokreslona,zweryfikowane,needs_inventory_id,Brak NR_INWENT w zrodle TPN.,{0C92D771-B5DD-4D1A-A061-8C639277BCCB},tpn:{0C92D771-B5DD-4D1A-A061-8C639277BCCB}
JKTZ-OBJ-000378,otwor_jaskini,jaskinia,Schron przy Zakosistej,Schron przy Zakosistej,,T.F-09.15,Schron przy Zakosistej,explicit,JKTZ-OBS-000378,TPN,152250.47,563601.75,1283.082297,,,nieokreslona,niezweryfikowane,ok,,{FEC43A16-1B32-4ED5-8350-9F92DE65270F},tpn:{FEC43A16-1B32-4ED5-8350-9F92DE65270F}
JKTZ-OBJ-000379,otwor_jaskini,jaskinia,Kalacka Nyża IV,Kalacka Nyża IV,,,,missing,JKTZ-OBS-000379,TPN,154745.96,570035.91,1337.360927,,,nieokreslona,zweryfikowane,needs_inventory_id,Brak NR_INWENT w zrodle TPN.,{68642D6B-F4C0-4C24-A3CA-ED50C8EE96BA},tpn:{68642D6B-F4C0-4C24-A3CA-ED50C8EE96BA}
JKTZ-OBJ-000380,otwor_jaskini,jaskinia,Dziura nad Wantulami I,Dziura nad Wantulami I,,T.D-10.06,Dziura nad Wantulami I,explicit,JKTZ-OBS-000380,TPN,153726.14,565047.15,1332.138633,,,nieokreslona,niezweryfikowane,ok,,{DD98D3F8-4A2A-48BE-AF9F-241928D09F11},tpn:{DD98D3F8-4A2A-48BE-AF9F-241928D09F11}
JKTZ-OBJ-000381,otwor_jaskini,jaskinia,Schron pod Twardymi Spadami,Schron pod Twardymi Spadami,,T.E-11.35,Schron pod Twardymi Spadami,explicit,JKTZ-OBS-000381,TPN,152959.93,565557.24,1479.806044,,,nieokreslona,niezweryfikowane,ok,,{7C6D7DB0-B9E7-49D3-BB9B-419F9308CE82},tpn:{7C6D7DB0-B9E7-49D3-BB9B-419F9308CE82}
JKTZ-OBJ-000382,otwor_jaskini,jaskinia,Jaskinia Pajęcza,Jaskinia Pajęcza,,T.E-09.23,Jaskinia Pajęcza,explicit,JKTZ-OBS-000382,TPN,152368.59,563532.65,1242.320457,,,nieokreslona,niezweryfikowane,ok,,{9E2FF59A-B458-4586-9AF2-EBB54D5A38BA},tpn:{9E2FF59A-B458-4586-9AF2-EBB54D5A38BA}
JKTZ-OBJ-000383,otwor_jaskini,jaskinia,Dziura nad Nową Roztoką,Dziura nad Nową Roztoką,,T.G-22.01,Dziura nad Nową Roztoką,explicit,JKTZ-OBS-000383,TPN,151207.64,577164.38,1432.598781,,,nieokreslona,niezweryfikowane,ok,,{7A279A7B-800C-49AE-866A-10692FCED29B},tpn:{7A279A7B-800C-49AE-866A-10692FCED29B}
JKTZ-OBJ-000384,otwor_jaskini,jaskinia,Jaskinia nad Lodową Litworową,Jaskinia nad Lodową Litworową,,T.E-11.61,Jaskinia nad Lodową Litworową,explicit,JKTZ-OBS-000384,TPN,152975.74,565904.38,1590.768246,,,nieokreslona,zweryfikowane,ok,,{F7222010-5510-47FD-A254-F0322B569149},tpn:{F7222010-5510-47FD-A254-F0322B569149}
JKTZ-OBJ-000385,otwor_jaskini,jaskinia,Nisza w Jatkach,Nisza w Jatkach,,T.B-12.06,Nisza w Jatkach,explicit,JKTZ-OBS-000385,TPN,155662.26,567031.99,1336.896195,,,nieokreslona,zweryfikowane,ok,,{3408002C-9817-4B7A-A3E1-C10AB49D4393},tpn:{3408002C-9817-4B7A-A3E1-C10AB49D4393}
JKTZ-OBJ-000386,otwor_jaskini,jaskinia,Dziura w Miedzianym Kosturze I,Dziura w Miedzianym Kosturze I,,T.J-21.01,Dziura w Miedzianym Kosturze I,explicit,JKTZ-OBS-000386,TPN,149012.3,576177.8,2011.889708,,,nieokreslona,niezweryfikowane,ok,,{D2FBD9B0-6E16-4D1A-8603-4F40CC72F199},tpn:{D2FBD9B0-6E16-4D1A-8603-4F40CC72F199}
JKTZ-OBJ-000387,otwor_jaskini,jaskinia,Gawra nad Jaworzynką,Gawra nad Jaworzynką,,T.D-18.10,Gawra nad Jaworzynką,explicit,JKTZ-OBS-000387,TPN,154235.34,572171.39,1426.134003,,,nieokreslona,zweryfikowane,ok,,{318DEE0B-B8DE-416D-8637-B93F93F7CAEE},tpn:{318DEE0B-B8DE-416D-8637-B93F93F7CAEE}
JKTZ-OBJ-000388,otwor_jaskini,jaskinia,Kalacka Szczelina,Kalacka Szczelina,,T.C-15.10,Kalacka Szczelina,explicit,JKTZ-OBS-000388,TPN,154708.14,570149.94,1375.398199,,,nieokreslona,zweryfikowane,ok,,{F2004E8B-B58E-44E8-BDC7-9D185AA31D19},tpn:{F2004E8B-B58E-44E8-BDC7-9D185AA31D19}
JKTZ-OBJ-000389,otwor_jaskini,jaskinia,Schron nad Żlebem,Schron nad Żlebem,,T.E-07.11,Schron nad Żlebem,explicit,JKTZ-OBS-000389,TPN,152539.85,561503.92,1375.97623,,,nieokreslona,niezweryfikowane,ok,,{9FCE27E5-17A3-432C-B0D7-79AC70FC2B89},tpn:{9FCE27E5-17A3-432C-B0D7-79AC70FC2B89}
JKTZ-OBJ-000390,otwor_jaskini,jaskinia,Jaskinia pod Baranami,Jaskinia pod Baranami,,T.D-06.01,Jaskinia pod Baranami,explicit,JKTZ-OBS-000390,TPN,153375.67,560754.1,1510.933014,,,nieokreslona,niezweryfikowane,ok,,{E047A83A-7ED8-4EA6-B943-087C74F91BAE},tpn:{E047A83A-7ED8-4EA6-B943-087C74F91BAE}
JKTZ-OBJ-000391,otwor_jaskini,jaskinia,Jaskinia za Smrekiem,Jaskinia za Smrekiem,,T.E-08.02,Jaskinia za Smrekiem,explicit,JKTZ-OBS-000391,TPN,152324.19,562874.09,1232.071858,,,nieokreslona,niezweryfikowane,ok,,{27E2EB89-A22F-443A-934F-EE4F6FBC9636},tpn:{27E2EB89-A22F-443A-934F-EE4F6FBC9636}
JKTZ-OBJ-000392,otwor_jaskini,jaskinia,Schron nad Wymytem,Schron nad Wymytem,,,,missing,JKTZ-OBS-000392,TPN,155884.06,568394.23,1287.132011,,,nieokreslona,zweryfikowane,needs_inventory_id,Brak NR_INWENT w zrodle TPN.,{FC8F548F-3C7C-461C-82D4-25EFDBAADA1F},tpn:{FC8F548F-3C7C-461C-82D4-25EFDBAADA1F}
JKTZ-OBJ-000393,otwor_jaskini,jaskinia,Meander w Małołąckim Siodle,Meander w Małołąckim Siodle,,T.E-12.72,Meander w Małołąckim Siodle,explicit,JKTZ-OBS-000393,TPN,153495.74,566406.97,1793.610911,,,nieokreslona,zweryfikowane,ok,,{ABC3A8F9-B008-495D-A72C-AC9D0FAD7F06},tpn:{ABC3A8F9-B008-495D-A72C-AC9D0FAD7F06}
JKTZ-OBJ-000394,sztolnia,sztolnia,Sztolnia na Klinowej Czubie nr 1,Sztolnia na Klinowej Czubie nr 1,,,,missing,JKTZ-OBS-000394,TPN,155113.33,559775.12,1154.552131,,,nieokreslona,niezweryfikowane,needs_inventory_id,Brak NR_INWENT w zrodle TPN.,{C447E8B7-560C-4B40-96B5-805673528AA6},tpn:{C447E8B7-560C-4B40-96B5-805673528AA6}
JKTZ-OBJ-000395,otwor_jaskini,jaskinia,Dwuotworowa Szczelina,Dwuotworowa Szczelina,,T.E-09.35,Dwuotworowa Szczelina,explicit,JKTZ-OBS-000395,TPN,152512.5,563417.89,1143.72675,,,nieokreslona,niezweryfikowane,ok,,{A6E61569-1DE4-439E-826C-9E021E7003E1},tpn:{A6E61569-1DE4-439E-826C-9E021E7003E1}
JKTZ-OBJ-000396,otwor_jaskini,jaskinia,Tunel pod Siwarową Dziurą,Tunel pod Siwarową Dziurą,,T.D-12.04,Tunel pod Siwarową Dziurą,explicit,JKTZ-OBS-000396,TPN,153854.33,566551.72,1440.406804,,,nieokreslona,zweryfikowane,ok,,{C73D7C9D-5415-4AB9-908F-5D651533F83E},tpn:{C73D7C9D-5415-4AB9-908F-5D651533F83E}
JKTZ-OBJ-000397,otwor_jaskini,jaskinia,Trzeszcząca Szczelina,Trzeszcząca Szczelina,,T.E-10.08,Trzeszcząca Szczelina,explicit,JKTZ-OBS-000397,TPN,153255.43,565171.64,1499.353477,,,nieokreslona,niezweryfikowane,ok,,{C67D8CE7-B0A2-49EC-AD61-7C1232F551C6},tpn:{C67D8CE7-B0A2-49EC-AD61-7C1232F551C6}
JKTZ-OBJ-000398,otwor_jaskini,jaskinia,Okna Zbójnickie Niżnie,Okna Zbójnickie Niżnie,,T.D-08.09,Okna Zbójnickie Niżnie,explicit,JKTZ-OBS-000398,TPN,153922.57,563176.27,1229.3602,,,nieokreslona,zweryfikowane,ok,,{84B80EB3-BD1D-4170-96EC-8FF34678DA3D},tpn:{84B80EB3-BD1D-4170-96EC-8FF34678DA3D}
JKTZ-OBJ-000399,otwor_jaskini,jaskinia,Schron w Kościele,Schron w Kościele,,,,missing,JKTZ-OBS-000399,TPN,153702.57,560234.36,1238.735346,,,nieokreslona,zweryfikowane,needs_inventory_id,Brak NR_INWENT w zrodle TPN.,{B4A1EBFD-C250-4F32-B73F-DEA1B725C447},tpn:{B4A1EBFD-C250-4F32-B73F-DEA1B725C447}
JKTZ-OBJ-000400,otwor_jaskini,jaskinia,Szczelina w Żlebie z Bramką I,Szczelina w Żlebie z Bramką I,,T.E-08.60,Szczelina w Żlebie z Bramką I,explicit,JKTZ-OBS-000400,TPN,153116.84,562419.29,1137.723833,,,nieokreslona,niezweryfikowane,ok,,{34002888-690D-42B3-BCAF-7B6A2243BF3B},tpn:{34002888-690D-42B3-BCAF-7B6A2243BF3B}
JKTZ-OBJ-000401,otwor_jaskini,jaskinia,Korytarz nad Dziurawem,Korytarz nad Dziurawem,,T.E-11.36,Korytarz nad Dziurawem,explicit,JKTZ-OBS-000401,TPN,153055.86,565404.75,1580.242237,,,nieokreslona,niezweryfikowane,ok,,{589EE1AA-2CB9-4AE9-BDA4-EDFF136826D9},tpn:{589EE1AA-2CB9-4AE9-BDA4-EDFF136826D9}
JKTZ-OBJ-000402,otwor_jaskini,jaskinia,Dziura pod Nową,Dziura pod Nową,,T.E-07.22,Dziura pod Nową,explicit,JKTZ-OBS-000402,TPN,152824.58,562027.18,1515.028039,,,nieokreslona,niezweryfikowane,ok,,{BBD6E912-4EE2-48E3-A809-387572B8BDC5},tpn:{BBD6E912-4EE2-48E3-A809-387572B8BDC5}
JKTZ-OBJ-000403,otwor_jaskini,jaskinia,Świnicka Koleba Niżnia,Świnicka Koleba Niżnia,,T.H-19.02,Świnicka Koleba Niżnia,explicit,JKTZ-OBS-000403,TPN,150641.37,573895.5,2136.566084,,,nieokreslona,niezweryfikowane,ok,,{27B1BB14-3CA0-40D1-8D61-487B47998EBC},tpn:{27B1BB14-3CA0-40D1-8D61-487B47998EBC}
JKTZ-OBJ-000404,otwor_jaskini,jaskinia,Schron z Balkonem,Schron z Balkonem,,T.E-11.19,Schron z Balkonem,explicit,JKTZ-OBS-000404,TPN,152663.1,565653.97,1781.690401,,,nieokreslona,zweryfikowane,ok,,{65D4A109-B1AA-4741-B694-B1A65EF93752},tpn:{65D4A109-B1AA-4741-B694-B1A65EF93752}
JKTZ-OBJ-000405,otwor_jaskini,jaskinia,Jaskinia pod Strzelistą,Jaskinia pod Strzelistą,,T.E-12.31,Jaskinia pod Strzelistą,explicit,JKTZ-OBS-000405,TPN,153498.88,566806.33,1692.724969,,,nieokreslona,zweryfikowane,ok,,{FA529088-1EB2-45B1-8846-598BA09DAAE4},tpn:{FA529088-1EB2-45B1-8846-598BA09DAAE4}
JKTZ-OBJ-000406,otwor_jaskini,jaskinia,Schron pod Tunelem,Schron pod Tunelem,,T.E-08.57,Schron pod Tunelem,explicit,JKTZ-OBS-000406,TPN,153073.98,562310.47,1211.546146,,,nieokreslona,niezweryfikowane,ok,,{43CC32A1-2758-44D8-89CC-4F537F35BDA9},tpn:{43CC32A1-2758-44D8-89CC-4F537F35BDA9}
JKTZ-OBJ-000407,otwor_jaskini,jaskinia,Sowia Jama III,Sowia Jama III,,T.D-08.44,Sowia Jama III,explicit,JKTZ-OBS-000407,TPN,153683.12,562854.14,1073.369714,,,nieokreslona,niezweryfikowane,ok,,{F3B86672-B24B-4627-9F33-F0EC0514B52A},tpn:{F3B86672-B24B-4627-9F33-F0EC0514B52A}
JKTZ-OBJ-000408,otwor_jaskini,jaskinia,Przelot,Przelot,,T.D-08.11,Przelot,explicit,JKTZ-OBS-000408,TPN,153937.33,563185.32,1230.650547,,,nieokreslona,zweryfikowane,ok,,{683BD86B-727B-4990-92F1-32E84BB1056A},tpn:{683BD86B-727B-4990-92F1-32E84BB1056A}
JKTZ-OBJ-000409,otwor_jaskini,jaskinia,Jaskinia Hakowa,Jaskinia Hakowa,,T.F-09.20,Jaskinia Hakowa,explicit,JKTZ-OBS-000409,TPN,152285.58,563703.12,1229.282952,,,nieokreslona,zweryfikowane,ok,,{B1FFE8E2-88A9-400F-9EF5-193B6E0A2682},tpn:{B1FFE8E2-88A9-400F-9EF5-193B6E0A2682}
JKTZ-OBJ-000410,otwor_jaskini,jaskinia,Kalacki Tunelik,Kalacki Tunelik,,T.C-15.05,Kalacki Tunelik,explicit,JKTZ-OBS-000410,TPN,154707.22,570145.54,1375.804474,,,nieokreslona,zweryfikowane,ok,,{423DBA21-4484-4C50-A2DA-7028D19067ED},tpn:{423DBA21-4484-4C50-A2DA-7028D19067ED}
JKTZ-OBJ-000411,sztolnia,sztolnia,Sztolnia w Dolinie Białego nr 2,Sztolnia w Dolinie Białego nr 2,,,,missing,JKTZ-OBS-000411,TPN,156485,569632.95,1023.450327,,,nieokreslona,niezweryfikowane,needs_inventory_id,Brak NR_INWENT w zrodle TPN.,{9F98E21A-0E26-4FEC-A0A1-60F22C48FB42},tpn:{9F98E21A-0E26-4FEC-A0A1-60F22C48FB42}
JKTZ-OBJ-000412,otwor_jaskini,jaskinia,Szczelina w Myślenickich Turniach Dolna,Szczelina w Myślenickich Turniach Dolna,,T.D-16.12,Szczelina w Myślenickich Turniach Dolna,explicit,JKTZ-OBS-000412,TPN,154398.21,570762.37,1269.586146,,,nieokreslona,zweryfikowane,ok,,{351936C0-2A75-4EE7-AD6D-5031D6931D34},tpn:{351936C0-2A75-4EE7-AD6D-5031D6931D34}
JKTZ-OBJ-000413,otwor_jaskini,jaskinia,Zawalony Schron,Zawalony Schron,,T.E-12.59,Zawalony Schron,explicit,JKTZ-OBS-000413,TPN,153515.06,566456.92,1753.281916,,,nieokreslona,zweryfikowane,ok,,{35EA8D29-3FF8-4796-8F68-F142CD9E938D},tpn:{35EA8D29-3FF8-4796-8F68-F142CD9E938D}
JKTZ-OBJ-000414,otwor_jaskini,jaskinia,Grota w Rzędach,Grota w Rzędach,,T.F-11.12,Grota w Rzędach,explicit,JKTZ-OBS-000414,TPN,151803.62,565477.97,1959.283749,,,nieokreslona,niezweryfikowane,ok,,{CC760B34-1792-4BD1-AFA5-BF17A56567A5},tpn:{CC760B34-1792-4BD1-AFA5-BF17A56567A5}
JKTZ-OBJ-000415,otwor_jaskini,jaskinia,Dziura w Krzesanicy II,Dziura w Krzesanicy II,,T.F-11.06,Dziura w Krzesanicy II,explicit,JKTZ-OBS-000415,TPN,151986.59,566172.74,2101.993059,,,nieokreslona,niezweryfikowane,ok,,{5ABD931B-40AC-4081-B817-F92A01231BFF},tpn:{5ABD931B-40AC-4081-B817-F92A01231BFF}
JKTZ-OBJ-000416,otwor_jaskini,jaskinia,Dudowy Schron,Dudowy Schron,,T.D-06.06,Dudowy Schron,explicit,JKTZ-OBS-000416,TPN,153401.06,560591.7,1496.848183,,,nieokreslona,zweryfikowane,ok,,{73392FBC-8E9E-48F4-AA2B-116739A31DC8},tpn:{73392FBC-8E9E-48F4-AA2B-116739A31DC8}
JKTZ-OBJ-000417,otwor_jaskini,jaskinia,Szczelina przed Bańdziochem,Szczelina przed Bańdziochem,,T.E-07.41,Szczelina przed Bańdziochem,explicit,JKTZ-OBS-000417,TPN,153126.49,561839.26,1472.944341,,,nieokreslona,niezweryfikowane,ok,,{6D429C71-AD9E-4BC9-8637-446925F87EE9},tpn:{6D429C71-AD9E-4BC9-8637-446925F87EE9}
JKTZ-OBJ-000418,otwor_jaskini,jaskinia,Jaskinia w Czubie Jaworzyńskiej,Jaskinia w Czubie Jaworzyńskiej,,T.D-17.12,Jaskinia w Czubie Jaworzyńskiej,explicit,JKTZ-OBS-000418,TPN,154259.57,572150.19,1417.412894,,,nieokreslona,zweryfikowane,ok,,{5389C125-CB0F-4231-B115-79A3946B149C},tpn:{5389C125-CB0F-4231-B115-79A3946B149C}
JKTZ-OBJ-000419,otwor_jaskini,jaskinia,Rura przy Oknie,Rura przy Oknie,,T.E-09.39,Rura przy Oknie,explicit,JKTZ-OBS-000419,TPN,152460.42,563388.54,1187.845053,,,nieokreslona,zweryfikowane,ok,,{D0F81183-BA2F-40D8-987D-B927928129AA},tpn:{D0F81183-BA2F-40D8-987D-B927928129AA}
JKTZ-OBJ-000420,otwor_jaskini,jaskinia,Nyża pod Ratuszem,Nyża pod Ratuszem,,T.E-12.18,Nyża pod Ratuszem,explicit,JKTZ-OBS-000420,TPN,153460.06,566683.87,1727.780793,,,nieokreslona,zweryfikowane,ok,,{6BC2FF35-C78D-4938-A25C-61FA33F18270},tpn:{6BC2FF35-C78D-4938-A25C-61FA33F18270}
JKTZ-OBJ-000421,otwor_jaskini,jaskinia,Jaskinia w Małym Krakowie,Jaskinia w Małym Krakowie,,T.C-08.01,Jaskinia w Małym Krakowie,explicit,JKTZ-OBS-000421,TPN,154462.71,563137.95,1005.072884,,,nieokreslona,niezweryfikowane,ok,,{D3E44382-54A5-4808-9D3C-D316299F621C},tpn:{D3E44382-54A5-4808-9D3C-D316299F621C}
JKTZ-OBJ-000422,otwor_jaskini,jaskinia,Schron przy Naciekowej,Schron przy Naciekowej,,T.D-08.54,Schron przy Naciekowej,explicit,JKTZ-OBS-000422,TPN,153920.14,563149.49,1184.978651,,,nieokreslona,zweryfikowane,ok,,{DF2B0F77-D435-4AD8-89BA-AAA7567BA9E9},tpn:{DF2B0F77-D435-4AD8-89BA-AAA7567BA9E9}
JKTZ-OBJ-000423,otwor_jaskini,jaskinia,Szczelina pod Gankową II,Szczelina pod Gankową II,,T.F-09.33,Szczelina pod Gankową II,explicit,JKTZ-OBS-000423,TPN,152267.23,563744.25,1237.755963,,,nieokreslona,niezweryfikowane,ok,,{C9DDD04F-0398-4B91-A7C8-A5517C9A4733},tpn:{C9DDD04F-0398-4B91-A7C8-A5517C9A4733}
JKTZ-OBJ-000424,otwor_jaskini,jaskinia,Upłazkowa Szczelina,Upłazkowa Szczelina,,T.E-09.44,Upłazkowa Szczelina,explicit,JKTZ-OBS-000424,TPN,152604.87,563852.1,1494.04918,,,nieokreslona,niezweryfikowane,ok,,{2F87ED72-7153-46CA-AA09-BDA5C60A968A},tpn:{2F87ED72-7153-46CA-AA09-BDA5C60A968A}
JKTZ-OBJ-000425,otwor_jaskini,jaskinia,Dziura w Żabiem,Dziura w Żabiem,,T.J-24.01,Dziura w Żabiem,explicit,JKTZ-OBS-000425,TPN,149758.46,579067.07,1478.272998,,,nieokreslona,niezweryfikowane,ok,,{C9E5D687-B39F-41E5-A4FD-6B5BA53C93CE},tpn:{C9E5D687-B39F-41E5-A4FD-6B5BA53C93CE}
JKTZ-OBJ-000426,otwor_jaskini,jaskinia,Dzwonnica,Dzwonnica,,T.E-08.16,Dzwonnica,explicit,JKTZ-OBS-000426,TPN,152467.16,562913.19,1237.32771,,,nieokreslona,niezweryfikowane,ok,,{063836DD-FCEB-4B79-A7C0-9B7257AC3078},tpn:{063836DD-FCEB-4B79-A7C0-9B7257AC3078}
JKTZ-OBJ-000427,otwor_jaskini,jaskinia,Jaskinia Korytarzowa,Jaskinia Korytarzowa,,T.D-17.03,Jaskinia Korytarzowa,explicit,JKTZ-OBS-000427,TPN,154337.14,571545.32,1438.266113,,,nieokreslona,zweryfikowane,ok,,{C363FBB2-C803-47C3-B788-9F93E46AC885},tpn:{C363FBB2-C803-47C3-B788-9F93E46AC885}
JKTZ-OBJ-000428,otwor_jaskini,jaskinia,Szczelina pod Skośną,Szczelina pod Skośną,,T.E-06.10,Szczelina pod Skośną,explicit,JKTZ-OBS-000428,TPN,153174.77,561208.24,1715.729722,,,nieokreslona,niezweryfikowane,ok,,{714E4515-70EE-451D-BDC1-A6783F50D6A3},tpn:{714E4515-70EE-451D-BDC1-A6783F50D6A3}
JKTZ-OBJ-000429,otwor_jaskini,jaskinia,Nyża nad Prożkiem w Żlebie Na Spady,Nyża nad Prożkiem w Żlebie Na Spady,,T.E-07.29,Nyża nad Prożkiem w Żlebie Na Spady,explicit,JKTZ-OBS-000429,TPN,153024.4,562136.85,1344.299707,,,nieokreslona,niezweryfikowane,ok,,{85DE85A0-28DD-4F4F-9240-C1C497A96C0A},tpn:{85DE85A0-28DD-4F4F-9240-C1C497A96C0A}
JKTZ-OBJ-000430,otwor_jaskini,jaskinia,Jaskinia Jaszczurowska Wyżnia,Jaskinia Jaszczurowska Wyżnia,,T.A-18.01,Jaskinia Jaszczurowska Wyżnia,explicit,JKTZ-OBS-000430,TPN,157697.91,572931.83,952.5223919,,,nieokreslona,zweryfikowane,ok,,{08AEC780-E4D6-40A9-8013-DDAED6F07539},tpn:{08AEC780-E4D6-40A9-8013-DDAED6F07539}
JKTZ-OBJ-000431,otwor_jaskini,jaskinia,Gawra pod Granią,Gawra pod Granią,,T.D-17.21,Gawra pod Granią,explicit,JKTZ-OBS-000431,TPN,154079.15,572207.44,1586.581869,,,nieokreslona,zweryfikowane,ok,,{B4E22F9D-B7A8-47CB-8E21-AAFD4EB7A31F},tpn:{B4E22F9D-B7A8-47CB-8E21-AAFD4EB7A31F}
JKTZ-OBJ-000432,otwor_jaskini,jaskinia,Dziura w Czerwonym Grzbiecie,Dziura w Czerwonym Grzbiecie,,T.E-12.56,Dziura w Czerwonym Grzbiecie,explicit,JKTZ-OBS-000432,TPN,153437.92,566587.92,1788.203582,,,nieokreslona,zweryfikowane,ok,,{71DF93D8-A97C-4D2B-BF4D-7E244646418D},tpn:{71DF93D8-A97C-4D2B-BF4D-7E244646418D}
JKTZ-OBJ-000433,otwor_jaskini,jaskinia,Jaskinia za Ratuszem Zimna,Jaskinia za Ratuszem Zimna,,T.E-11.70,Jaskinia za Ratuszem Zimna,explicit,JKTZ-OBS-000433,TPN,153217.42,566126.23,1687.498731,,,nieokreslona,zweryfikowane,ok,,{A00A6761-5B80-4EA4-914E-C8C4D1490023},tpn:{A00A6761-5B80-4EA4-914E-C8C4D1490023}
JKTZ-OBJ-000434,otwor_jaskini,jaskinia,Ciasna Norka,Ciasna Norka,,T.B-09.13,Ciasna Norka,explicit,JKTZ-OBS-000434,TPN,155430.85,563927.46,1100.600243,,,nieokreslona,niezweryfikowane,ok,,{1F9EAAE2-F97D-4205-BF67-7A43E6DDB5E7},tpn:{1F9EAAE2-F97D-4205-BF67-7A43E6DDB5E7}
JKTZ-OBJ-000435,otwor_jaskini,jaskinia,Niżni Okap nad Tomanową,Niżni Okap nad Tomanową,,T.F-11.16,Niżni Okap nad Tomanową,explicit,JKTZ-OBS-000435,TPN,151759.45,565579.8,1922.258452,,,nieokreslona,niezweryfikowane,ok,,{51C9495B-6D4A-4817-8247-977833B0BCB5},tpn:{51C9495B-6D4A-4817-8247-977833B0BCB5}
JKTZ-OBJ-000436,otwor_jaskini,jaskinia,Schron pod Siodłową Turnią II,Schron pod Siodłową Turnią II,,,,missing,JKTZ-OBS-000436,TPN,153964.61,567314.37,1544.709645,,,nieokreslona,zweryfikowane,needs_inventory_id,Brak NR_INWENT w zrodle TPN.,{8CC17F24-30C0-4247-8D59-5A4DBCB45EFF},tpn:{8CC17F24-30C0-4247-8D59-5A4DBCB45EFF}
JKTZ-OBJ-000437,otwor_jaskini,jaskinia,"Jaskinia Raptawicka, górny",Jaskinia Raptawicka,górny,T.E-08.03,Jaskinia Raptawicka,explicit,JKTZ-OBS-000437,TPN,152838.92,562730.81,1140.427999,,,nieokreslona,zweryfikowane,ok,,{F4DE5D37-5D76-4315-8BCC-4C57A5B68F1C},tpn:{F4DE5D37-5D76-4315-8BCC-4C57A5B68F1C}
JKTZ-OBJ-000438,otwor_jaskini,jaskinia,Zimna Szczelina I,Zimna Szczelina I,,T.D-08.38,Zimna Szczelina I,explicit,JKTZ-OBS-000438,TPN,153670.62,562801.4,1104.028437,,,nieokreslona,niezweryfikowane,ok,,{36599465-F9FF-48D7-81C4-A6441ECF652B},tpn:{36599465-F9FF-48D7-81C4-A6441ECF652B}
JKTZ-OBJ-000439,otwor_jaskini,jaskinia,Dziura ze Znakami,Dziura ze Znakami,,T.E-08.19,Dziura ze Znakami,explicit,JKTZ-OBS-000439,TPN,152515.6,563005.97,1190.008793,,,nieokreslona,niezweryfikowane,ok,,{2CE6E27E-96A4-47E3-A020-31264F010D2E},tpn:{2CE6E27E-96A4-47E3-A020-31264F010D2E}
JKTZ-OBJ-000440,otwor_jaskini,jaskinia,Jaskinia pod Jaworem,Jaskinia pod Jaworem,,T.E-08.32,Jaskinia pod Jaworem,explicit,JKTZ-OBS-000440,TPN,152754.97,562679.95,1138.091219,,,nieokreslona,zweryfikowane,ok,,{5A4B587E-4075-40D7-B844-288E7C2D635D},tpn:{5A4B587E-4075-40D7-B844-288E7C2D635D}
JKTZ-OBJ-000441,otwor_jaskini,jaskinia,Okno w Zamczysku,Okno w Zamczysku,,T.D-08.60,Okno w Zamczysku,explicit,JKTZ-OBS-000441,TPN,153672.26,563199.29,1205.255896,,,nieokreslona,niezweryfikowane,ok,,{44CEA0B5-66BC-45CE-9F0A-8C35E4999CB2},tpn:{44CEA0B5-66BC-45CE-9F0A-8C35E4999CB2}
JKTZ-OBJ-000442,otwor_jaskini,jaskinia,Komin w Niskiej Turni,Komin w Niskiej Turni,,T.F-09.40,Komin w Niskiej Turni,explicit,JKTZ-OBS-000442,TPN,152231.77,564265.44,1456.268471,,,nieokreslona,niezweryfikowane,ok,,{C191BF30-8B3B-452F-A11F-B52DE2D90DAD},tpn:{C191BF30-8B3B-452F-A11F-B52DE2D90DAD}
JKTZ-OBJ-000443,otwor_jaskini,jaskinia,Bliźniacza Studnia,Bliźniacza Studnia,,T.E-13.09,Bliźniacza Studnia,explicit,JKTZ-OBS-000443,TPN,152898.51,567325.64,1790.540605,,,nieokreslona,zweryfikowane,ok,,{7006936A-289F-4F87-8614-3C6253D13228},tpn:{7006936A-289F-4F87-8614-3C6253D13228}
JKTZ-OBJ-000444,otwor_jaskini,jaskinia,Dziura Stanikowa Wyżnia,Dziura Stanikowa Wyżnia,,T.B-09.04,Dziura Stanikowa Wyżnia,explicit,JKTZ-OBS-000444,TPN,155958.49,564058.22,1135.012125,,,nieokreslona,zweryfikowane,ok,,{8F89011C-E962-42DF-93FB-6D6D9486CE38},tpn:{8F89011C-E962-42DF-93FB-6D6D9486CE38}
JKTZ-OBJ-000445,otwor_jaskini,jaskinia,Studnia na Szlaku,Studnia na Szlaku,,T.E-12.47,Studnia na Szlaku,explicit,JKTZ-OBS-000445,TPN,153381.18,566447.24,1799.710772,,,nieokreslona,zweryfikowane,ok,,{000EF2B6-F573-434D-B6DD-D3F0D6F9F568},tpn:{000EF2B6-F573-434D-B6DD-D3F0D6F9F568}
JKTZ-OBJ-000446,otwor_jaskini,jaskinia,Siwiański Schron,Siwiański Schron,,T.A-05.01,Siwiański Schron,explicit,JKTZ-OBS-000446,TPN,156880.12,559973.18,1011.146077,,,nieokreslona,zweryfikowane,ok,,{13BF6891-6F53-4E36-BFA0-E865C57B0376},tpn:{13BF6891-6F53-4E36-BFA0-E865C57B0376}
JKTZ-OBJ-000447,otwor_jaskini,jaskinia,Okno nad Tomanową,Okno nad Tomanową,,T.F-11.10,Okno nad Tomanową,explicit,JKTZ-OBS-000447,TPN,151799.03,565455.58,1957.740528,,,nieokreslona,niezweryfikowane,ok,,{C40CBAE9-A473-4E5C-B91B-C62EE4DB0801},tpn:{C40CBAE9-A473-4E5C-B91B-C62EE4DB0801}
JKTZ-OBJ-000448,otwor_jaskini,jaskinia,Krasowa Nisza,Krasowa Nisza,,T.F-09.23,Krasowa Nisza,explicit,JKTZ-OBS-000448,TPN,152284.48,563791.78,1286.729061,,,nieokreslona,niezweryfikowane,ok,,{48419E6F-C8B9-4CDA-B034-923F57C688B7},tpn:{48419E6F-C8B9-4CDA-B034-923F57C688B7}
JKTZ-OBJ-000449,otwor_jaskini,jaskinia,Schron pod Gniazdem,Schron pod Gniazdem,,,,missing,JKTZ-OBS-000449,TPN,157179.23,572242.77,1070.147449,,,nieokreslona,zweryfikowane,needs_inventory_id,Brak NR_INWENT w zrodle TPN.,{161042A4-B8C9-4297-AA43-96C370011BB2},tpn:{161042A4-B8C9-4297-AA43-96C370011BB2}
JKTZ-OBJ-000450,otwor_jaskini,jaskinia,Schron Zachodni w Iwanówce,Schron Zachodni w Iwanówce,,T.E-05.08,Schron Zachodni w Iwanówce,explicit,JKTZ-OBS-000450,TPN,153039.4,559680.43,1386.953483,,,nieokreslona,niezweryfikowane,ok,,{B98082CD-D5A2-4039-9413-8869884E6FCD},tpn:{B98082CD-D5A2-4039-9413-8869884E6FCD}
JKTZ-OBJ-000451,otwor_jaskini,jaskinia,Łamana Dziura,Łamana Dziura,,T.E-12.69,Łamana Dziura,explicit,JKTZ-OBS-000451,TPN,153368.45,566678.35,1793.96737,,,nieokreslona,zweryfikowane,ok,,{5443B04C-3C01-447E-981B-1403FB3C4367},tpn:{5443B04C-3C01-447E-981B-1403FB3C4367}
JKTZ-OBJ-000452,otwor_jaskini,jaskinia,Szczelina w Czerwonym Groniku,Szczelina w Czerwonym Groniku,,T.B-09.19,Szczelina w Czerwonym Groniku,explicit,JKTZ-OBS-000452,TPN,155833.99,563967.03,1217.592944,,,nieokreslona,zweryfikowane,ok,,{434E5146-EED3-4822-896B-97B35BB02888},tpn:{434E5146-EED3-4822-896B-97B35BB02888}
JKTZ-OBJ-000453,otwor_jaskini,jaskinia,Zawaliskowy Korytarz,Zawaliskowy Korytarz,,T.E-11.24,Zawaliskowy Korytarz,explicit,JKTZ-OBS-000453,TPN,153048.12,565489.92,1500.404702,,,nieokreslona,niezweryfikowane,ok,,{364E48C0-8408-4732-BEA1-06EE039F7126},tpn:{364E48C0-8408-4732-BEA1-06EE039F7126}
JKTZ-OBJ-000454,otwor_jaskini,jaskinia,Jaskinia przy Ryglu,Jaskinia przy Ryglu,,T.E-12.42,Jaskinia przy Ryglu,explicit,JKTZ-OBS-000454,TPN,152736.16,566538.77,1867.11397,,,nieokreslona,zweryfikowane,ok,,{08E04528-4D54-429B-BBF7-015995CC6778},tpn:{08E04528-4D54-429B-BBF7-015995CC6778}
JKTZ-OBJ-000455,otwor_jaskini,jaskinia,Tomanowy Okap,Tomanowy Okap,,T.F-11.07,Tomanowy Okap,explicit,JKTZ-OBS-000455,TPN,151843.7,565369.12,1948.984684,,,nieokreslona,niezweryfikowane,ok,,{7AD1ABF3-D20D-4B73-B097-54F9A33061D7},tpn:{7AD1ABF3-D20D-4B73-B097-54F9A33061D7}
JKTZ-OBJ-000456,sztolnia,sztolnia,Sztolnia w Żlebie Banie,Sztolnia w Żlebie Banie,,,,missing,JKTZ-OBS-000456,TPN,154670.65,568427.47,1390.959731,,,nieokreslona,niezweryfikowane,needs_inventory_id,Brak NR_INWENT w zrodle TPN.,{905F9E2D-21D6-470F-9791-370E524C0953},tpn:{905F9E2D-21D6-470F-9791-370E524C0953}
JKTZ-OBJ-000457,otwor_jaskini,jaskinia,Świnicka Koleba,Świnicka Koleba,,T.H-19.01,Świnicka Koleba,explicit,JKTZ-OBS-000457,TPN,150651.89,573915.21,2144.220728,,,nieokreslona,niezweryfikowane,ok,,{2E726C9C-0112-404E-8F23-EBDD592EAB6F},tpn:{2E726C9C-0112-404E-8F23-EBDD592EAB6F}
JKTZ-OBJ-000458,otwor_jaskini,jaskinia,Górne Kominy,Górne Kominy,,T.E-11.27,Górne Kominy,explicit,JKTZ-OBS-000458,TPN,152958.9,565517.27,1552.562367,,,nieokreslona,niezweryfikowane,ok,,{DE4B21C2-445F-4EDF-ABFF-4F472F6517DB},tpn:{DE4B21C2-445F-4EDF-ABFF-4F472F6517DB}
JKTZ-OBJ-000459,otwor_jaskini,jaskinia,Jaskinia Zapylna,Jaskinia Zapylna,,T.E-11.67,Jaskinia Zapylna,explicit,JKTZ-OBS-000459,TPN,152949.99,565450.19,1691.280916,,,nieokreslona,niezweryfikowane,ok,,{1032BA2D-24F5-47EC-AC61-1072C1A78439},tpn:{1032BA2D-24F5-47EC-AC61-1072C1A78439}
JKTZ-OBJ-000460,otwor_jaskini,jaskinia,Szczelina przy Arkadzie,Szczelina przy Arkadzie,,T.E-09.06,Szczelina przy Arkadzie,explicit,JKTZ-OBS-000460,TPN,152501.35,563563.13,1224.451617,,,nieokreslona,niezweryfikowane,ok,,{FDFE4D08-677F-4CC9-A415-958B7047E3B1},tpn:{FDFE4D08-677F-4CC9-A415-958B7047E3B1}
JKTZ-OBJ-000461,otwor_jaskini,jaskinia,Mały Krakowski Schron,Mały Krakowski Schron,,T.F-10.25,Mały Krakowski Schron,explicit,JKTZ-OBS-000461,TPN,151863.39,564604.58,1544.19422,,,nieokreslona,niezweryfikowane,ok,,{474FB43C-D2EC-45A9-A5F3-5C9D92BCC1D2},tpn:{474FB43C-D2EC-45A9-A5F3-5C9D92BCC1D2}
JKTZ-OBJ-000462,otwor_jaskini,jaskinia,Dziura nad Wantulami II,Dziura nad Wantulami II,,T.D-10.07,Dziura nad Wantulami II,explicit,JKTZ-OBS-000462,TPN,153731.27,565052.01,1328.903733,,,nieokreslona,niezweryfikowane,ok,,{3F1326DD-25E3-4A65-B5E2-F9B6E93AD13E},tpn:{3F1326DD-25E3-4A65-B5E2-F9B6E93AD13E}
JKTZ-OBJ-000463,otwor_jaskini,jaskinia,Jaskinia przy Grzędzie,Jaskinia przy Grzędzie,,T.E-11.23,Jaskinia przy Grzędzie,explicit,JKTZ-OBS-000463,TPN,153031.94,565445.36,1572.711011,,,nieokreslona,niezweryfikowane,ok,,{A13307DC-2052-437F-9665-620DD27AC861},tpn:{A13307DC-2052-437F-9665-620DD27AC861}
JKTZ-OBJ-000464,otwor_jaskini,jaskinia,Nyża pod Jaskinią w Kosówkach,Nyża pod Jaskinią w Kosówkach,,T.E-06.15,Nyża pod Jaskinią w Kosówkach,explicit,JKTZ-OBS-000464,TPN,153135.46,561119.38,1749.557997,,,nieokreslona,niezweryfikowane,ok,,{4E200262-7A42-4923-ACAA-CAC2EA924BCF},tpn:{4E200262-7A42-4923-ACAA-CAC2EA924BCF}
JKTZ-OBJ-000465,otwor_jaskini,jaskinia,Szczelina w Ścianie,Szczelina w Ścianie,,T.F-08.02,Szczelina w Ścianie,explicit,JKTZ-OBS-000465,TPN,152304.64,562966.57,1314.125413,,,nieokreslona,niezweryfikowane,ok,,{506807B1-ED3B-4230-A608-17ECB40A8D8B},tpn:{506807B1-ED3B-4230-A608-17ECB40A8D8B}
JKTZ-OBJ-000466,otwor_jaskini,jaskinia,Sarni Schron,Sarni Schron,,T.E-06.06,Sarni Schron,explicit,JKTZ-OBS-000466,TPN,152645.74,561161.25,1607.848547,,,nieokreslona,niezweryfikowane,ok,,{D68C911F-8DFE-4317-BCE6-9F1D9C76726F},tpn:{D68C911F-8DFE-4317-BCE6-9F1D9C76726F}
JKTZ-OBJ-000467,otwor_jaskini,jaskinia,Kobylarzowa Szczelina,Kobylarzowa Szczelina,,T.E-11.56,Kobylarzowa Szczelina,explicit,JKTZ-OBS-000467,TPN,153394.27,566211.88,1661.766273,,,nieokreslona,zweryfikowane,ok,,{55D424C4-0B5E-437D-AE2B-FD68AECD1BBE},tpn:{55D424C4-0B5E-437D-AE2B-FD68AECD1BBE}
JKTZ-OBJ-000468,otwor_jaskini,jaskinia,Duży Schron,Duży Schron,,T.E-13.15,Duży Schron,explicit,JKTZ-OBS-000468,TPN,153366.55,567549.75,1642.881804,,,nieokreslona,zweryfikowane,ok,,{51CF9B67-A6B2-450B-9FD5-4CF555F2C753},tpn:{51CF9B67-A6B2-450B-9FD5-4CF555F2C753}
JKTZ-OBJ-000469,otwor_jaskini,jaskinia,Żółty Schron,Żółty Schron,,T.E-09.32,Żółty Schron,explicit,JKTZ-OBS-000469,TPN,152621.5,563494.98,1270.641933,,,nieokreslona,niezweryfikowane,ok,,{3490DD50-6A7F-43C3-9E6E-942EDD72A091},tpn:{3490DD50-6A7F-43C3-9E6E-942EDD72A091}
JKTZ-OBJ-000470,otwor_jaskini,jaskinia,Grota w Jaworzyńskim Żlebie,Grota w Jaworzyńskim Żlebie,,T.A-24.02,Grota w Jaworzyńskim Żlebie,explicit,JKTZ-OBS-000470,TPN,157724.44,578103.93,978.2389066,,,nieokreslona,zweryfikowane,ok,,{7F1863C7-A00E-49DC-9384-30EF1F686D91},tpn:{7F1863C7-A00E-49DC-9384-30EF1F686D91}
JKTZ-OBJ-000471,otwor_jaskini,jaskinia,Jaskinia pod Niżnią Zbójnicką Turnią,Jaskinia pod Niżnią Zbójnicką Turnią,,T.E-08.27,Jaskinia pod Niżnią Zbójnicką Turnią,explicit,JKTZ-OBS-000471,TPN,152671.26,562881.91,1136.279224,,,nieokreslona,niezweryfikowane,ok,,{0E88FDCE-B981-49DB-96D8-85B1E010921C},tpn:{0E88FDCE-B981-49DB-96D8-85B1E010921C}
JKTZ-OBJ-000472,otwor_jaskini,jaskinia,Jaskinia Strzelista,Jaskinia Strzelista,,T.E-12.32,Jaskinia Strzelista,explicit,JKTZ-OBS-000472,TPN,153466.82,566790.32,1705.380542,,,nieokreslona,zweryfikowane,ok,,{85BD19C4-FF08-43BE-BED9-891DD879D410},tpn:{85BD19C4-FF08-43BE-BED9-891DD879D410}
JKTZ-OBJ-000473,otwor_jaskini,jaskinia,Szczelina w Giewoncie II,Szczelina w Giewoncie II,,T.D-14.05,Szczelina w Giewoncie II,explicit,JKTZ-OBS-000473,TPN,154445.32,568695.89,1771.128092,,,nieokreslona,zweryfikowane,ok,,{57712B8C-BD83-47E5-ACF1-841E4A9A9A36},tpn:{57712B8C-BD83-47E5-ACF1-841E4A9A9A36}
JKTZ-OBJ-000474,otwor_jaskini,jaskinia,Otwarty Schron,Otwarty Schron,,T.D-08.27,Otwarty Schron,explicit,JKTZ-OBS-000474,TPN,153568.19,562401.35,1333.814991,,,nieokreslona,niezweryfikowane,ok,,{A9827578-E5A0-4EB7-8E15-865DBECE0B63},tpn:{A9827578-E5A0-4EB7-8E15-865DBECE0B63}
JKTZ-OBJ-000475,otwor_jaskini,jaskinia,Okno w Jatkach I,Okno w Jatkach I,,T.B-12.02,Okno w Jatkach I,explicit,JKTZ-OBS-000475,TPN,155591.42,566939.02,1383.889094,,,nieokreslona,zweryfikowane,ok,,{FA961002-D7E7-4CFB-8FE7-869CB31816E2},tpn:{FA961002-D7E7-4CFB-8FE7-869CB31816E2}
JKTZ-OBJ-000476,otwor_jaskini,jaskinia,"Smocza Jama, N",Smocza Jama,N,T.E-08.07,Smocza Jama,inferred_by_unique_name,JKTZ-OBS-000476,TPN,152637.41,563131.5,1111.056808,,,nieokreslona,zweryfikowane,needs_inventory_id_confirmation,Brak NR_INWENT w TPN; kandydat po nazwie: T.E-08.07.,{273B92B8-201B-443E-AD19-73DE844B9F5B},tpn:{273B92B8-201B-443E-AD19-73DE844B9F5B}
JKTZ-OBJ-000477,otwor_jaskini,jaskinia,Jaskinia przy Przechodzie,Jaskinia przy Przechodzie,,T.E-12.38,Jaskinia przy Przechodzie,explicit,JKTZ-OBS-000477,TPN,153102.7,567232.78,1589.153993,,,nieokreslona,zweryfikowane,ok,,{0DE91597-F628-47C8-86B1-C42A3F738691},tpn:{0DE91597-F628-47C8-86B1-C42A3F738691}
JKTZ-OBJ-000478,otwor_jaskini,jaskinia,Jaskinia pod Iglicą,Jaskinia pod Iglicą,,T.D-12.09,Jaskinia pod Iglicą,explicit,JKTZ-OBS-000478,TPN,153765.22,566312.07,1623.70148,,,nieokreslona,zweryfikowane,ok,,{704DA4B2-485C-4C57-8278-C435276903AB},tpn:{704DA4B2-485C-4C57-8278-C435276903AB}
JKTZ-OBJ-000479,otwor_jaskini,jaskinia,Nasza Dziura,Nasza Dziura,,T.E-08.38,Nasza Dziura,explicit,JKTZ-OBS-000479,TPN,152751.22,562886.9,1082.062857,,,nieokreslona,niezweryfikowane,ok,,{F5F0671B-91A8-4F03-A345-C44C3034508A},tpn:{F5F0671B-91A8-4F03-A345-C44C3034508A}
JKTZ-OBJ-000480,otwor_jaskini,jaskinia,Jaskinia nad Zagonem,Jaskinia nad Zagonem,,T.D-12.07,Jaskinia nad Zagonem,explicit,JKTZ-OBS-000480,TPN,153725.92,566431.6,1618.718256,,,nieokreslona,zweryfikowane,ok,,{E23B630E-49B6-4E39-BD87-C817BFBA2947},tpn:{E23B630E-49B6-4E39-BD87-C817BFBA2947}
JKTZ-OBJ-000481,otwor_jaskini,jaskinia,Szczelina w Panienkach Smytniańskich,Szczelina w Panienkach Smytniańskich,,T.F-07.02,Szczelina w Panienkach Smytniańskich,explicit,JKTZ-OBS-000481,TPN,152113.28,562080.98,1220.39946,,,nieokreslona,niezweryfikowane,ok,,{55347A38-104A-43F0-B682-1126C79C55CA},tpn:{55347A38-104A-43F0-B682-1126C79C55CA}
JKTZ-OBJ-000482,otwor_jaskini,jaskinia,Jaskinia Rybia,Jaskinia Rybia,,T.D-04.05,Jaskinia Rybia,explicit,JKTZ-OBS-000482,TPN,153543.26,559138.68,1021.504058,,,nieokreslona,zweryfikowane,ok,,{690C3486-179C-473C-A1A9-1A3A3AC6EA69},tpn:{690C3486-179C-473C-A1A9-1A3A3AC6EA69}
JKTZ-OBJ-000483,otwor_jaskini,jaskinia,Siwiańska Dziura,Siwiańska Dziura,,T.A-06.02,Siwiańska Dziura,explicit,JKTZ-OBS-000483,TPN,156891.01,560111.83,972.4574444,,,nieokreslona,zweryfikowane,ok,,{43508513-4983-4DF3-A511-E9A9D47CCB56},tpn:{43508513-4983-4DF3-A511-E9A9D47CCB56}
JKTZ-OBJ-000484,otwor_jaskini,jaskinia,Wilcza Nora,Wilcza Nora,,T.B-04.02,Wilcza Nora,explicit,JKTZ-OBS-000484,TPN,156131.02,558448.92,1094.757445,,,nieokreslona,zweryfikowane,ok,,{6775EB96-268A-492D-9ECB-2B6424A999FB},tpn:{6775EB96-268A-492D-9ECB-2B6424A999FB}
JKTZ-OBJ-000485,otwor_jaskini,jaskinia,Koleba za Kończystą,Koleba za Kończystą,,T.B-09.07,Koleba za Kończystą,explicit,JKTZ-OBS-000485,TPN,155574.5,563832.19,1188.145484,,,nieokreslona,niezweryfikowane,ok,,{4509213C-4194-4179-90E8-CFFA30639191},tpn:{4509213C-4194-4179-90E8-CFFA30639191}
JKTZ-OBJ-000486,otwor_jaskini,jaskinia,Szczelina Zawaliskowa nad Kufą,Szczelina Zawaliskowa nad Kufą,,T.D-06.07,Szczelina Zawaliskowa nad Kufą,explicit,JKTZ-OBS-000486,TPN,153499.92,561029.7,1523.551595,,,nieokreslona,niezweryfikowane,ok,,{E343C2CC-C0E6-4D8C-97EE-F27355FCAF4B},tpn:{E343C2CC-C0E6-4D8C-97EE-F27355FCAF4B}
JKTZ-OBJ-000487,otwor_jaskini,jaskinia,Kalacka Nyża III,Kalacka Nyża III,,,,missing,JKTZ-OBS-000487,TPN,154740.72,570006.91,1337.255781,,,nieokreslona,zweryfikowane,needs_inventory_id,Brak NR_INWENT w zrodle TPN.,{E5C5FFD1-D57C-4529-9532-F70BDFA3B79F},tpn:{E5C5FFD1-D57C-4529-9532-F70BDFA3B79F}
JKTZ-OBJ-000488,otwor_jaskini,jaskinia,Zasłonięta Szczelina,Zasłonięta Szczelina,,T.E-08.51,Zasłonięta Szczelina,explicit,JKTZ-OBS-000488,TPN,152919.94,562344.53,1300.893354,,,nieokreslona,niezweryfikowane,ok,,{513F5FB1-96AC-4B73-A9E3-4DACBF64FE4F},tpn:{513F5FB1-96AC-4B73-A9E3-4DACBF64FE4F}
JKTZ-OBJ-000489,otwor_jaskini,jaskinia,Schron pod Jędrusiową Dziurą,Schron pod Jędrusiową Dziurą,,T.E-12.44,Schron pod Jędrusiową Dziurą,explicit,JKTZ-OBS-000489,TPN,153129.43,567222.75,1566.360608,,,nieokreslona,zweryfikowane,ok,,{04BC6483-1695-405E-96B0-EEE2DF6CE20A},tpn:{04BC6483-1695-405E-96B0-EEE2DF6CE20A}
JKTZ-OBJ-000490,otwor_jaskini,jaskinia,Zagonna Studnia,Zagonna Studnia,,T.E-12.57,Zagonna Studnia,explicit,JKTZ-OBS-000490,TPN,153447.79,566577.05,1777.284785,,,nieokreslona,zweryfikowane,ok,,{B5CA4C9C-9BAD-4DD7-A4F0-E321680CC2EC},tpn:{B5CA4C9C-9BAD-4DD7-A4F0-E321680CC2EC}
JKTZ-OBJ-000491,otwor_jaskini,jaskinia,Jaskinia Ciasna w Groniu,Jaskinia Ciasna w Groniu,,T.E-12.16,Jaskinia Ciasna w Groniu,explicit,JKTZ-OBS-000491,TPN,153499.55,566698.19,1694.565357,,,nieokreslona,zweryfikowane,ok,,{9C402B4D-2D37-48BB-8011-FBE02FEC3F99},tpn:{9C402B4D-2D37-48BB-8011-FBE02FEC3F99}
JKTZ-OBJ-000492,otwor_jaskini,jaskinia,Jaskinia Wodna pod Pisaną,Jaskinia Wodna pod Pisaną,,T.E-08.20,Jaskinia Wodna pod Pisaną,explicit,JKTZ-OBS-000492,TPN,152894.8,562907.46,1024.913977,,,nieokreslona,zweryfikowane,ok,,{DEB1F873-7887-4E80-9DA2-BD0BF36BC531},tpn:{DEB1F873-7887-4E80-9DA2-BD0BF36BC531}
JKTZ-OBJ-000493,otwor_jaskini,jaskinia,Schron przy Grocie w Jaworzyńskim Żlebie,Schron przy Grocie w Jaworzyńskim Żlebie,,T.A-23.04,Schron przy Grocie w Jaworzyńskim Żlebie,explicit,JKTZ-OBS-000493,TPN,157728.28,578082.96,979.0592197,,,nieokreslona,zweryfikowane,ok,,{3E168E75-01C0-42C3-9C7E-79C59F546A47},tpn:{3E168E75-01C0-42C3-9C7E-79C59F546A47}
JKTZ-OBJ-000494,otwor_jaskini,jaskinia,Zbójnicka Piwnica,Zbójnicka Piwnica,,T.E-08.73,Zbójnicka Piwnica,explicit,JKTZ-OBS-000494,TPN,152462.56,562969.45,1277.036537,,,nieokreslona,niezweryfikowane,ok,,{6D01AD30-46FD-45D8-8F59-2B2BF3E47D62},tpn:{6D01AD30-46FD-45D8-8F59-2B2BF3E47D62}
JKTZ-OBJ-000495,otwor_jaskini,jaskinia,Jaskinia pod Limbą,Jaskinia pod Limbą,,T.D-17.08,Jaskinia pod Limbą,explicit,JKTZ-OBS-000495,TPN,154305.12,571890.55,1442.476791,,,nieokreslona,zweryfikowane,ok,,{F630955B-9B96-4056-A007-8EDC623794B7},tpn:{F630955B-9B96-4056-A007-8EDC623794B7}
JKTZ-OBJ-000496,otwor_jaskini,jaskinia,Jaskinia w Dudzińcu,Jaskinia w Dudzińcu,,T.D-05.09,Jaskinia w Dudzińcu,explicit,JKTZ-OBS-000496,TPN,153604.24,559685.76,1261.091435,,,nieokreslona,zweryfikowane,ok,,{6C2F8F25-2A6D-42F7-BE4F-15F0450C507E},tpn:{6C2F8F25-2A6D-42F7-BE4F-15F0450C507E}
JKTZ-OBJ-000497,otwor_jaskini,jaskinia,Cubryńska Dziura I,Cubryńska Dziura I,,T.L-22.05,Cubryńska Dziura I,explicit,JKTZ-OBS-000497,TPN,147642.5,576923.75,1893.820817,,,nieokreslona,niezweryfikowane,ok,,{B690F81B-8294-4B2C-80CA-DB1E050499DC},tpn:{B690F81B-8294-4B2C-80CA-DB1E050499DC}
JKTZ-OBJ-000498,otwor_jaskini,jaskinia,Schronisko Dudowe,Schronisko Dudowe,,T.D-06.05,Schronisko Dudowe,explicit,JKTZ-OBS-000498,TPN,153400.36,560597.93,1498.540843,,,nieokreslona,zweryfikowane,ok,,{AF69E076-F689-42C1-AFA6-893970A782D0},tpn:{AF69E076-F689-42C1-AFA6-893970A782D0}
JKTZ-OBJ-000499,otwor_jaskini,jaskinia,Dziurka nad Piargiem,Dziurka nad Piargiem,,T.E-13.12,Dziurka nad Piargiem,explicit,JKTZ-OBS-000499,TPN,153406.26,567489.84,1544.018804,,,nieokreslona,zweryfikowane,ok,,{532D95C1-0310-49AB-AF14-0EE8AA40F49C},tpn:{532D95C1-0310-49AB-AF14-0EE8AA40F49C}
JKTZ-OBJ-000500,otwor_jaskini,jaskinia,Wciągająca Szczelina,Wciągająca Szczelina,,T.E-11.58,Wciągająca Szczelina,explicit,JKTZ-OBS-000500,TPN,152938.73,566267.52,1699.470984,,,nieokreslona,niezweryfikowane,ok,,{437EBC4E-4E38-439B-B926-3048CA7FC33F},tpn:{437EBC4E-4E38-439B-B926-3048CA7FC33F}
JKTZ-OBJ-000501,obiekt_terenowy,,Studzienka przy Pomarańczarni,Studzienka przy Pomarańczarni,,,,missing,JKTZ-OBS-000501,TPN,153595.56,567568.37,1649.279713,,,nieokreslona,niezweryfikowane,needs_inventory_id,Brak NR_INWENT w zrodle TPN.,{B847E094-6D0A-49D5-B2F0-9729D028C662},tpn:{B847E094-6D0A-49D5-B2F0-9729D028C662}
JKTZ-OBJ-000502,otwor_jaskini,jaskinia,Szczelina nad Dziurą w Wantach I,Szczelina nad Dziurą w Wantach I,,T.E-12.60,Szczelina nad Dziurą w Wantach I,explicit,JKTZ-OBS-000502,TPN,153415.21,566753.73,1779.005021,,,nieokreslona,zweryfikowane,ok,,{316F78E8-7D52-448F-BE57-0EB91BA51006},tpn:{316F78E8-7D52-448F-BE57-0EB91BA51006}
JKTZ-OBJ-000503,otwor_jaskini,jaskinia,Jaskinia z Mostami,Jaskinia z Mostami,,T.F-09.19,Jaskinia z Mostami,explicit,JKTZ-OBS-000503,TPN,152280.06,563704.69,1230.749231,,,nieokreslona,zweryfikowane,ok,,{711012AB-FD99-4197-B906-1B5F39C867B7},tpn:{711012AB-FD99-4197-B906-1B5F39C867B7}
JKTZ-OBJ-000504,otwor_jaskini,jaskinia,Mała Gawra,Mała Gawra,,T.E-09.41,Mała Gawra,explicit,JKTZ-OBS-000504,TPN,152536.03,563559.55,1210.682257,,,nieokreslona,niezweryfikowane,ok,,{D0F30D83-C7AF-4A7D-81E2-B46341936649},tpn:{D0F30D83-C7AF-4A7D-81E2-B46341936649}
JKTZ-OBJ-000505,otwor_jaskini,jaskinia,Korytarzyk nad Kalacką,Korytarzyk nad Kalacką,,T.C-16.03,Korytarzyk nad Kalacką,explicit,JKTZ-OBS-000505,TPN,154776.54,570392.82,1245.042798,,,nieokreslona,zweryfikowane,ok,,{5E667034-CD72-4D76-BD8C-C6EF9340FFE1},tpn:{5E667034-CD72-4D76-BD8C-C6EF9340FFE1}
JKTZ-OBJ-000506,sztolnia,sztolnia,Sztolnia w Ornaczańskim Żlebie nr 3,Sztolnia w Ornaczańskim Żlebie nr 3,,,,missing,JKTZ-OBS-000506,TPN,150585,561297.76,1454.581812,,,nieokreslona,niezweryfikowane,needs_inventory_id,Brak NR_INWENT w zrodle TPN.,{B9CE3858-B5E7-46FF-9ED9-83E15D704972},tpn:{B9CE3858-B5E7-46FF-9ED9-83E15D704972}
JKTZ-OBJ-000507,otwor_jaskini,jaskinia,Jaskinia nad Prożkiem w Żlebie Na Spady,Jaskinia nad Prożkiem w Żlebie Na Spady,,T.E-07.25,Jaskinia nad Prożkiem w Żlebie Na Spady,explicit,JKTZ-OBS-000507,TPN,153024.4,562136.85,1344.299707,,,nieokreslona,niezweryfikowane,ok,,{7DDC257F-1586-457A-AF54-46CDFFB7AD7B},tpn:{7DDC257F-1586-457A-AF54-46CDFFB7AD7B}
JKTZ-OBJ-000508,otwor_jaskini,jaskinia,Dziura pod Arkadą,Dziura pod Arkadą,,T.E-09.15,Dziura pod Arkadą,explicit,JKTZ-OBS-000508,TPN,152507.76,563540.97,1183.388073,,,nieokreslona,niezweryfikowane,ok,,{9FBCB569-4DD2-4AEC-9545-DAB3C03FCFE0},tpn:{9FBCB569-4DD2-4AEC-9545-DAB3C03FCFE0}
JKTZ-OBJ-000509,otwor_jaskini,jaskinia,Dziura w Grzędzie II,Dziura w Grzędzie II,,T.E-12.13,Dziura w Grzędzie II,explicit,JKTZ-OBS-000509,TPN,152826.2,566604.94,1924.184838,,,nieokreslona,zweryfikowane,ok,,{F3355D36-4418-4AC1-B715-C60B0BC60E95},tpn:{F3355D36-4418-4AC1-B715-C60B0BC60E95}
JKTZ-OBJ-000510,otwor_jaskini,jaskinia,Zamczysko Niżnie,Zamczysko Niżnie,,T.D-08.58,Zamczysko Niżnie,explicit,JKTZ-OBS-000510,TPN,153657.01,563189.71,1215.847185,,,nieokreslona,niezweryfikowane,ok,,{B0FFB97C-46F3-4F8D-8369-007C846BD050},tpn:{B0FFB97C-46F3-4F8D-8369-007C846BD050}
JKTZ-OBJ-000511,otwor_jaskini,jaskinia,Studnia Kuturniańska,Studnia Kuturniańska,,T.F-10.07,Studnia Kuturniańska,explicit,JKTZ-OBS-000511,TPN,152118.66,564589.86,1676.448388,,,nieokreslona,niezweryfikowane,ok,,{23BC2C1A-02D6-41F2-87FA-E87E50A9F69C},tpn:{23BC2C1A-02D6-41F2-87FA-E87E50A9F69C}
JKTZ-OBJ-000512,otwor_jaskini,jaskinia,Serowa Dziura,Serowa Dziura,,T.E-08.69,Serowa Dziura,explicit,JKTZ-OBS-000512,TPN,152461.17,562956.32,1288.623486,,,nieokreslona,niezweryfikowane,ok,,{C9C3A324-AC15-4AEC-8AD3-F139D6D5333A},tpn:{C9C3A324-AC15-4AEC-8AD3-F139D6D5333A}
JKTZ-OBJ-000513,otwor_jaskini,jaskinia,Grota Filipczańska nad Mostkiem,Grota Filipczańska nad Mostkiem,,T.B-24.01,Grota Filipczańska nad Mostkiem,explicit,JKTZ-OBS-000513,TPN,156754.14,578540.73,1091.135421,,,nieokreslona,zweryfikowane,ok,,{D8845261-239C-4D33-9464-7CF083A33777},tpn:{D8845261-239C-4D33-9464-7CF083A33777}
JKTZ-OBJ-000514,otwor_jaskini,jaskinia,Dziura nad Potokiem,Dziura nad Potokiem,,T.D-05.01,Dziura nad Potokiem,explicit,JKTZ-OBS-000514,TPN,153958.53,559305.1,1010.100729,,,nieokreslona,zweryfikowane,ok,,{DF14191A-62C9-4714-9463-AFEC2F83F71A},tpn:{DF14191A-62C9-4714-9463-AFEC2F83F71A}
JKTZ-OBJ-000515,otwor_jaskini,jaskinia,Dziura nad Głazem,Dziura nad Głazem,,T.E-08.42,Dziura nad Głazem,explicit,JKTZ-OBS-000515,TPN,152671.31,562883.9,1137.727625,,,nieokreslona,niezweryfikowane,ok,,{877B6E2D-0703-4F91-9343-A4FF4E9B2EEB},tpn:{877B6E2D-0703-4F91-9343-A4FF4E9B2EEB}
JKTZ-OBJ-000516,otwor_jaskini,jaskinia,Schron nad Doliną,Schron nad Doliną,,T.D-08.66,Schron nad Doliną,explicit,JKTZ-OBS-000516,TPN,153928.99,562850.6,1043.113392,,,nieokreslona,niezweryfikowane,ok,,{E4876502-0EC3-4533-AE1C-7D9DDF912BAA},tpn:{E4876502-0EC3-4533-AE1C-7D9DDF912BAA}
JKTZ-OBJ-000517,otwor_jaskini,jaskinia,Dziura w Koprowym Żlebie,Dziura w Koprowym Żlebie,,,,missing,JKTZ-OBS-000517,TPN,152773.37,567809.84,1871.567654,,,nieokreslona,zweryfikowane,needs_inventory_id,Brak NR_INWENT w zrodle TPN.,{709473B2-1483-4A63-862E-7CB0517A3901},tpn:{709473B2-1483-4A63-862E-7CB0517A3901}
JKTZ-OBJ-000518,otwor_jaskini,jaskinia,Jaskinia pod Oknem,Jaskinia pod Oknem,,T.E-09.10,Jaskinia pod Oknem,explicit,JKTZ-OBS-000518,TPN,152475.21,563387,1172.72162,,,nieokreslona,zweryfikowane,ok,,{5F2E1B8F-A49D-4349-872C-0D2512C89D0E},tpn:{5F2E1B8F-A49D-4349-872C-0D2512C89D0E}
JKTZ-OBJ-000519,otwor_jaskini,jaskinia,Dziura pod Raptawicą,Dziura pod Raptawicą,,T.E-08.08,Dziura pod Raptawicą,explicit,JKTZ-OBS-000519,TPN,152869.57,562789.89,1107.722538,,,nieokreslona,zweryfikowane,ok,,{F495DC43-BBC5-4720-B2C6-E70A3647FB96},tpn:{F495DC43-BBC5-4720-B2C6-E70A3647FB96}
JKTZ-OBJ-000520,otwor_jaskini,jaskinia,Schron w Zadnim Kościelcu,Schron w Zadnim Kościelcu,,T.G-19.03,Schron w Zadnim Kościelcu,explicit,JKTZ-OBS-000520,TPN,151393.44,573605.71,1875.088277,,,nieokreslona,niezweryfikowane,ok,,{CDC9487C-98BC-43AD-91DF-170F50F8B734},tpn:{CDC9487C-98BC-43AD-91DF-170F50F8B734}
JKTZ-OBJ-000521,sztolnia,sztolnia,Sztolnia w Ornaczańskim Żlebie nr 2,Sztolnia w Ornaczańskim Żlebie nr 2,,,,missing,JKTZ-OBS-000521,TPN,150521.42,561397.41,1400.555499,,,nieokreslona,niezweryfikowane,needs_inventory_id,Brak NR_INWENT w zrodle TPN.,{480831FA-5194-4224-A4A9-05E713EFCCBE},tpn:{480831FA-5194-4224-A4A9-05E713EFCCBE}
JKTZ-OBJ-000522,otwor_jaskini,jaskinia,Dziura pod Wantą,Dziura pod Wantą,,T.F-09.10,Dziura pod Wantą,explicit,JKTZ-OBS-000522,TPN,152295.29,563822.48,1300.790094,,,nieokreslona,niezweryfikowane,ok,,{DCED0D83-3605-4170-B05E-17E9E331818B},tpn:{DCED0D83-3605-4170-B05E-17E9E331818B}
JKTZ-OBJ-000523,sztolnia,sztolnia,Sztolnia - Kopalnia w Wantulach II,Sztolnia - Kopalnia w Wantulach II,,,,missing,JKTZ-OBS-000523,TPN,154116.22,565642,1319.454546,,,nieokreslona,niezweryfikowane,needs_inventory_id,Brak NR_INWENT w zrodle TPN.,{0146E7BE-EBAE-4187-833D-200A4F960987},tpn:{0146E7BE-EBAE-4187-833D-200A4F960987}
JKTZ-OBJ-000524,otwor_jaskini,jaskinia,Jaskinia Barłogowa,Jaskinia Barłogowa,,T.B-10.01,Jaskinia Barłogowa,explicit,JKTZ-OBS-000524,TPN,155512.57,564253.4,1188.907263,,,nieokreslona,zweryfikowane,ok,,{12E4690D-967D-4F1C-9716-6B3BAD17D4D9},tpn:{12E4690D-967D-4F1C-9716-6B3BAD17D4D9}
JKTZ-OBJ-000525,otwor_jaskini,jaskinia,Schronisko nad Bramką,Schronisko nad Bramką,,T.E-07.37,Schronisko nad Bramką,explicit,JKTZ-OBS-000525,TPN,153047.68,562261.18,1265.03454,,,nieokreslona,niezweryfikowane,ok,,{07BBCE7B-22DE-4B10-B0D4-665C443148B3},tpn:{07BBCE7B-22DE-4B10-B0D4-665C443148B3}
JKTZ-OBJ-000526,otwor_jaskini,jaskinia,Dziura w Krzesanicy I,Dziura w Krzesanicy I,,T.F-11.02,Dziura w Krzesanicy I,explicit,JKTZ-OBS-000526,TPN,151938.26,566048.59,2104.200709,,,nieokreslona,niezweryfikowane,ok,,{BE32CEF8-E322-487D-9EAE-1DD5F6E79DE9},tpn:{BE32CEF8-E322-487D-9EAE-1DD5F6E79DE9}
JKTZ-OBJ-000527,otwor_jaskini,jaskinia,Schronisko w Kalwarii,Schronisko w Kalwarii,,T.D-05.06,Schronisko w Kalwarii,explicit,JKTZ-OBS-000527,TPN,153968.61,559541.62,1151.809012,,,nieokreslona,zweryfikowane,ok,,{76252DF1-E31B-425E-B1AA-F37112460B1B},tpn:{76252DF1-E31B-425E-B1AA-F37112460B1B}
JKTZ-OBJ-000528,otwor_jaskini,jaskinia,Dziura przy Lodowej Małołąckiej I,Dziura przy Lodowej Małołąckiej I,,T.E-13.16,Dziura przy Lodowej Małołąckiej I,explicit,JKTZ-OBS-000528,TPN,153266.61,567557.45,1628.531906,,,nieokreslona,zweryfikowane,ok,,{E846DB94-A70E-474C-B596-501576C49C7B},tpn:{E846DB94-A70E-474C-B596-501576C49C7B}
JKTZ-OBJ-000529,otwor_jaskini,jaskinia,Korytarz nad Kominem Flacha,Korytarz nad Kominem Flacha,,,,missing,JKTZ-OBS-000529,TPN,153652.85,566844.42,1577.488677,,,nieokreslona,zweryfikowane,needs_inventory_id,Brak NR_INWENT w zrodle TPN.,{33966EE8-29E8-438D-A2FA-D2FE604D5DD0},tpn:{33966EE8-29E8-438D-A2FA-D2FE604D5DD0}
JKTZ-OBJ-000530,otwor_jaskini_lub_sztolnia,jaskinia/sztolnia,Wojtkowa Szpara / sztolnia nr 7,Wojtkowa Szpara / sztolnia nr 7,,T.C-05.06,Wojtkowa Szpara / sztolnia nr 7,explicit,JKTZ-OBS-000530,TPN,155141.78,559940.58,1229.546939,,,nieokreslona,zweryfikowane,ok,,{24948383-1D8D-4677-B260-CF6AB8FB68FA},tpn:{24948383-1D8D-4677-B260-CF6AB8FB68FA}
JKTZ-OBJ-000531,otwor_jaskini,jaskinia,Jaskinia Nowa nad Raptawicką Granią,Jaskinia Nowa nad Raptawicką Granią,,T.E-07.21,Jaskinia Nowa nad Raptawicką Granią,explicit,JKTZ-OBS-000531,TPN,152820.03,562006.31,1541.951154,,,nieokreslona,niezweryfikowane,ok,,{BC23980D-6ED4-4690-81D0-4756446E8AF5},tpn:{BC23980D-6ED4-4690-81D0-4756446E8AF5}
JKTZ-OBJ-000532,otwor_jaskini,jaskinia,Schron w Żlebie Jaroniec,Schron w Żlebie Jaroniec,,T.A-08.01,Schron w Żlebie Jaroniec,explicit,JKTZ-OBS-000532,TPN,156785.9,562368.28,1009.937815,,,nieokreslona,zweryfikowane,ok,,{25749C1B-4C8E-4D85-A086-54196A7FB03D},tpn:{25749C1B-4C8E-4D85-A086-54196A7FB03D}
JKTZ-OBJ-000533,otwor_jaskini,jaskinia,Schron w Opalonem I,Schron w Opalonem I,,T.D-06.10,Schron w Opalonem I,explicit,JKTZ-OBS-000533,TPN,153776.31,560920.08,1445.514337,,,nieokreslona,zweryfikowane,ok,,{95CB0263-87AD-4D91-A3DC-97C59AD9EB84},tpn:{95CB0263-87AD-4D91-A3DC-97C59AD9EB84}
JKTZ-OBJ-000534,otwor_jaskini,jaskinia,Paszcza Rekina,Paszcza Rekina,,T.E-09.26,Paszcza Rekina,explicit,JKTZ-OBS-000534,TPN,152442.54,563420.03,1205.631983,,,nieokreslona,zweryfikowane,ok,,{7474B01F-0C83-485B-960C-7BBF46D839E7},tpn:{7474B01F-0C83-485B-960C-7BBF46D839E7}
JKTZ-OBJ-000535,otwor_jaskini,jaskinia,Studnia przy Przechodzie,Studnia przy Przechodzie,,T.E-12.39,Studnia przy Przechodzie,explicit,JKTZ-OBS-000535,TPN,153113.17,567205.97,1609.312672,,,nieokreslona,zweryfikowane,ok,,{832D1B85-E9FB-41A5-9436-FF746F16DEB3},tpn:{832D1B85-E9FB-41A5-9436-FF746F16DEB3}
JKTZ-OBJ-000536,otwor_jaskini,jaskinia,Schronisko Jasne w Czubie Jaworzyńskiej,Schronisko Jasne w Czubie Jaworzyńskiej,,T.D-17.11,Schronisko Jasne w Czubie Jaworzyńskiej,explicit,JKTZ-OBS-000536,TPN,154280.63,572121.9,1399.165996,,,nieokreslona,zweryfikowane,ok,,{6C75E22A-DCDD-44E1-819C-BDCC781AE65F},tpn:{6C75E22A-DCDD-44E1-819C-BDCC781AE65F}
JKTZ-OBJ-000537,otwor_jaskini,jaskinia,Cubryńska Dziura II,Cubryńska Dziura II,,T.L-22.06,Cubryńska Dziura II,explicit,JKTZ-OBS-000537,TPN,147637.65,576928.9,1899.067977,,,nieokreslona,niezweryfikowane,ok,,{E160F1D7-59FC-4042-9091-3237857090B6},tpn:{E160F1D7-59FC-4042-9091-3237857090B6}
JKTZ-OBJ-000538,otwor_jaskini,jaskinia,Jaskinia za Ratuszem Szeroka,Jaskinia za Ratuszem Szeroka,,T.E-11.49,Jaskinia za Ratuszem Szeroka,explicit,JKTZ-OBS-000538,TPN,153246.29,566179.41,1666.03867,,,nieokreslona,niezweryfikowane,ok,,{660052DC-2294-4683-A02C-C80E4FBAFFFE},tpn:{660052DC-2294-4683-A02C-C80E4FBAFFFE}
JKTZ-OBJ-000539,otwor_jaskini,jaskinia,Dudowy Barłóg,Dudowy Barłóg,,,,missing,JKTZ-OBS-000539,TPN,153576.65,560334.98,1340.055761,,,nieokreslona,zweryfikowane,needs_inventory_id,Brak NR_INWENT w zrodle TPN.,{75A64A3A-F0FC-42E7-88C9-6198CF1BE83A},tpn:{75A64A3A-F0FC-42E7-88C9-6198CF1BE83A}
JKTZ-OBJ-000540,otwor_jaskini,jaskinia,Dziura nad Jaskinią Śpiących Rycerzy I,Dziura nad Jaskinią Śpiących Rycerzy I,,T.D-12.20,Dziura nad Jaskinią Śpiących Rycerzy I,explicit,JKTZ-OBS-000540,TPN,154013.3,567181.26,1410.088412,,,nieokreslona,zweryfikowane,ok,,{9BCC297E-8822-41F7-8216-276760DCFD98},tpn:{9BCC297E-8822-41F7-8216-276760DCFD98}
JKTZ-OBJ-000541,otwor_jaskini,jaskinia,Rura pod Okapami,Rura pod Okapami,,,,missing,JKTZ-OBS-000541,TPN,153721.46,566863.3,1434.761671,,,nieokreslona,zweryfikowane,needs_inventory_id,Brak NR_INWENT w zrodle TPN.,{DF21DAC8-E66A-4F29-979D-9E0703DB68E2},tpn:{DF21DAC8-E66A-4F29-979D-9E0703DB68E2}
JKTZ-OBJ-000542,otwor_jaskini,jaskinia,Schronisko nad Trawersem w Żeleźniaku I,Schronisko nad Trawersem w Żeleźniaku I,,T.E-07.39,Schronisko nad Trawersem w Żeleźniaku I,explicit,JKTZ-OBS-000542,TPN,153213.48,561727.01,1434.309595,,,nieokreslona,niezweryfikowane,ok,,{24FDD81C-79C9-45CF-8D50-E24DF8CA3D17},tpn:{24FDD81C-79C9-45CF-8D50-E24DF8CA3D17}
JKTZ-OBJ-000543,otwor_jaskini,jaskinia,Omszała Szczelina,Omszała Szczelina,,T.E-11.37,Omszała Szczelina,explicit,JKTZ-OBS-000543,TPN,152997.25,565456.28,1603.165944,,,nieokreslona,niezweryfikowane,ok,,{ECC38262-2A49-49CD-A5F0-5024C91CB2C9},tpn:{ECC38262-2A49-49CD-A5F0-5024C91CB2C9}
JKTZ-OBJ-000544,otwor_jaskini,jaskinia,Dziura w Czarnej Turni I,Dziura w Czarnej Turni I,,T.C-12.01,Dziura w Czarnej Turni I,explicit,JKTZ-OBS-000544,TPN,155359.05,566954.87,1268.58048,,,nieokreslona,zweryfikowane,ok,,{69226857-D262-4F5A-BD61-CCFCD583A2A6},tpn:{69226857-D262-4F5A-BD61-CCFCD583A2A6}
JKTZ-OBJ-000545,otwor_jaskini,jaskinia,Jaskinia pod Wantą,Jaskinia pod Wantą,,T.E-12.03,Jaskinia pod Wantą,explicit,JKTZ-OBS-000545,TPN,153075.02,566319.78,1790.525556,,,nieokreslona,zweryfikowane,ok,,{9306F8A3-B212-4456-B121-7B821EE13B60},tpn:{9306F8A3-B212-4456-B121-7B821EE13B60}
JKTZ-OBJ-000546,otwor_jaskini,jaskinia,Ruda Nyża,Ruda Nyża,,T.D-14.02,Ruda Nyża,explicit,JKTZ-OBS-000546,TPN,154293.09,568318.08,1822.684859,,,nieokreslona,zweryfikowane,ok,,{6D1EAAE4-3502-423E-87FA-7A62EF212B02},tpn:{6D1EAAE4-3502-423E-87FA-7A62EF212B02}
JKTZ-OBJ-000547,otwor_jaskini,jaskinia,Jaskinia pod Płytą,Jaskinia pod Płytą,,T.E-11.68,Jaskinia pod Płytą,explicit,JKTZ-OBS-000547,TPN,153011.73,565449.45,1606.690035,,,nieokreslona,niezweryfikowane,ok,,{D082F240-A7B7-47F3-8B77-2EF9CD7CA163},tpn:{D082F240-A7B7-47F3-8B77-2EF9CD7CA163}
JKTZ-OBJ-000548,sztolnia,sztolnia,Sztolnia w Małym Reglu nr 1,Sztolnia w Małym Reglu nr 1,,,,missing,JKTZ-OBS-000548,TPN,156677.44,563180.14,930.6267356,,,nieokreslona,niezweryfikowane,needs_inventory_id,Brak NR_INWENT w zrodle TPN.,{A5F01B51-0D1C-41DA-8216-91FD41235FF7},tpn:{A5F01B51-0D1C-41DA-8216-91FD41235FF7}
JKTZ-OBJ-000549,otwor_jaskini,jaskinia,Jaskinia Naciekowa,Jaskinia Naciekowa,,T.D-08.14,Jaskinia Naciekowa,explicit,JKTZ-OBS-000549,TPN,153922.75,563145.96,1180.317567,,,nieokreslona,zweryfikowane,ok,,{0C984F1D-F91B-419C-B087-EA1E0D84ECF7},tpn:{0C984F1D-F91B-419C-B087-EA1E0D84ECF7}
JKTZ-OBJ-000550,otwor_jaskini,jaskinia,Kasprowe Schronisko,Kasprowe Schronisko,,T.D-17.06,Kasprowe Schronisko,explicit,JKTZ-OBS-000550,TPN,154298.81,571602.48,1436.711682,,,nieokreslona,zweryfikowane,ok,,{45FE6018-D06F-4F50-9900-5E4B63031ACD},tpn:{45FE6018-D06F-4F50-9900-5E4B63031ACD}
JKTZ-OBJ-000551,otwor_jaskini,jaskinia,Szczelina w Tomanowym Grzbiecie III,Szczelina w Tomanowym Grzbiecie III,,T.F-10.14,Szczelina w Tomanowym Grzbiecie III,explicit,JKTZ-OBS-000551,TPN,151773.48,565182.76,1804.543654,,,nieokreslona,niezweryfikowane,ok,,{61C8F926-CCAA-4AAF-A5D3-6D212CCFA8B8},tpn:{61C8F926-CCAA-4AAF-A5D3-6D212CCFA8B8}
JKTZ-OBJ-000552,otwor_jaskini,jaskinia,Krakowska Szczelina,Krakowska Szczelina,,T.F-09.28,Krakowska Szczelina,explicit,JKTZ-OBS-000552,TPN,152123.21,563904.19,1288.313162,,,nieokreslona,niezweryfikowane,ok,,{D4DED967-2756-434F-B8C0-2F32B7F111AB},tpn:{D4DED967-2756-434F-B8C0-2F32B7F111AB}
JKTZ-OBJ-000553,otwor_jaskini,jaskinia,Szczelina Miętusia,Szczelina Miętusia,,T.E-11.69,Szczelina Miętusia,explicit,JKTZ-OBS-000553,TPN,152877.32,565674.44,1547.98098,,,nieokreslona,zweryfikowane,ok,,{098CD0A0-936F-49E9-93FC-5057869F1546},tpn:{098CD0A0-936F-49E9-93FC-5057869F1546}
JKTZ-OBJ-000554,otwor_jaskini,jaskinia,Ósemka,Ósemka,,T.F-09.17,Ósemka,explicit,JKTZ-OBS-000554,TPN,152250.91,563769.67,1250.780683,,,nieokreslona,niezweryfikowane,ok,,{FAF49442-A9E8-400F-9BDA-1B84E2CD305C},tpn:{FAF49442-A9E8-400F-9BDA-1B84E2CD305C}
JKTZ-OBJ-000555,otwor_jaskini,jaskinia,Nyża ze Znakami,Nyża ze Znakami,,T.E-08.74,Nyża ze Znakami,explicit,JKTZ-OBS-000555,TPN,153014.81,562255.39,1280.881509,,,nieokreslona,niezweryfikowane,ok,,{1D6BF396-1F46-47F1-9CC9-953F0A88EC15},tpn:{1D6BF396-1F46-47F1-9CC9-953F0A88EC15}
JKTZ-OBJ-000556,otwor_jaskini,jaskinia,Dziura Mnichowa Mała,Dziura Mnichowa Mała,,T.E-13.20,Dziura Mnichowa Mała,explicit,JKTZ-OBS-000556,TPN,153379,567658.76,1698.975073,,,nieokreslona,zweryfikowane,ok,,{ACD77094-6732-4478-8FDC-6777A657235A},tpn:{ACD77094-6732-4478-8FDC-6777A657235A}
JKTZ-OBJ-000557,otwor_jaskini,jaskinia,Szczelina przy Dziurawcu,Szczelina przy Dziurawcu,,T.D-08.36,Szczelina przy Dziurawcu,explicit,JKTZ-OBS-000557,TPN,154153.13,562974.65,982.6020658,,,nieokreslona,niezweryfikowane,ok,,{4228B47B-8852-4AFB-8D2F-D2A49B7D3ED5},tpn:{4228B47B-8852-4AFB-8D2F-D2A49B7D3ED5}
JKTZ-OBJ-000558,otwor_jaskini,jaskinia,Krowi Tunel,Krowi Tunel,,T.E-08.64,Krowi Tunel,explicit,JKTZ-OBS-000558,TPN,152762.29,562856.24,1034.452618,,,nieokreslona,niezweryfikowane,ok,,{C1F42C86-4857-40F9-881D-1FD7EA11D697},tpn:{C1F42C86-4857-40F9-881D-1FD7EA11D697}
JKTZ-OBJ-000559,otwor_jaskini,jaskinia,Schron z Płytą,Schron z Płytą,,T.E-05.06,Schron z Płytą,explicit,JKTZ-OBS-000559,TPN,153042.89,559812.29,1423.414456,,,nieokreslona,niezweryfikowane,ok,,{0139978C-1ED6-4717-BD6C-C444AA7F0683},tpn:{0139978C-1ED6-4717-BD6C-C444AA7F0683}
JKTZ-OBJ-000560,otwor_jaskini,jaskinia,Dziura w Wysokim Grzbiecie,Dziura w Wysokim Grzbiecie,,T.F-10.20,Dziura w Wysokim Grzbiecie,explicit,JKTZ-OBS-000560,TPN,151986.5,565262.09,1941.611106,,,nieokreslona,niezweryfikowane,ok,,{2004E2CD-6CB8-496D-9A1F-854933B17924},tpn:{2004E2CD-6CB8-496D-9A1F-854933B17924}
JKTZ-OBJ-000561,otwor_jaskini,jaskinia,Komin w Kazalnicy Miętusiej,Komin w Kazalnicy Miętusiej,,T.E-11.31,Komin w Kazalnicy Miętusiej,explicit,JKTZ-OBS-000561,TPN,152860.58,565644.02,1635.086702,,,nieokreslona,zweryfikowane,ok,,{6FC6B4BD-4E08-41BE-9237-6C2C12CCA28B},tpn:{6FC6B4BD-4E08-41BE-9237-6C2C12CCA28B}
JKTZ-OBJ-000562,otwor_jaskini,jaskinia,Nyża przed Bramą,Nyża przed Bramą,,T.E-08.62,Nyża przed Bramą,explicit,JKTZ-OBS-000562,TPN,153142.34,562438.61,1127.324201,,,nieokreslona,niezweryfikowane,ok,,{5420590A-D973-41BF-87AE-820EA966D43A},tpn:{5420590A-D973-41BF-87AE-820EA966D43A}
JKTZ-OBJ-000563,otwor_jaskini,jaskinia,Szczelina w Wielkiej Turni,Szczelina w Wielkiej Turni,,,,missing,JKTZ-OBS-000563,TPN,153312.75,567165,1544.296268,,,nieokreslona,zweryfikowane,needs_inventory_id,Brak NR_INWENT w zrodle TPN.,{B79A1681-7436-4251-B24B-A9ABBA32DFFE},tpn:{B79A1681-7436-4251-B24B-A9ABBA32DFFE}
JKTZ-OBJ-000564,otwor_jaskini,jaskinia,Kościół,Kościół,,T.F-09.44,Kościół,explicit,JKTZ-OBS-000564,TPN,152344.79,563735.99,1264.149419,,,nieokreslona,zweryfikowane,ok,,{2A5DAAEA-6BC1-4943-B6F9-A234D01D0BE5},tpn:{2A5DAAEA-6BC1-4943-B6F9-A234D01D0BE5}
JKTZ-OBJ-000565,otwor_jaskini,jaskinia,Jaskinia Troista,Jaskinia Troista,,T.E-06.03,Jaskinia Troista,explicit,JKTZ-OBS-000565,TPN,152839.25,560692.33,1731.532521,,,nieokreslona,niezweryfikowane,ok,,{52B4EE08-00C8-46F7-BD53-948290EDFAE4},tpn:{52B4EE08-00C8-46F7-BD53-948290EDFAE4}
JKTZ-OBJ-000566,otwor_jaskini,jaskinia,Jaskinia pod Bramką,Jaskinia pod Bramką,,T.E-08.59,Jaskinia pod Bramką,explicit,JKTZ-OBS-000566,TPN,153063.59,562295.75,1252.474451,,,nieokreslona,niezweryfikowane,ok,,{7231ECA3-5040-4984-B295-CEE9C9A20249},tpn:{7231ECA3-5040-4984-B295-CEE9C9A20249}
JKTZ-OBJ-000567,otwor_jaskini,jaskinia,Okap przed Bramą,Okap przed Bramą,,T.D-05.12,Okap przed Bramą,explicit,JKTZ-OBS-000567,TPN,153601.86,559303.74,1089.344507,,,nieokreslona,niezweryfikowane,ok,,{88B66B58-5CF2-4C92-B94F-41B67780A3F1},tpn:{88B66B58-5CF2-4C92-B94F-41B67780A3F1}
JKTZ-OBJ-000568,otwor_jaskini,jaskinia,Jaskinia Mechata,Jaskinia Mechata,,T.E-07.03,Jaskinia Mechata,explicit,JKTZ-OBS-000568,TPN,153141.56,561351.07,1703.521354,,,nieokreslona,niezweryfikowane,ok,,{75CA65A1-1E11-4FED-ACD8-D90D58807394},tpn:{75CA65A1-1E11-4FED-ACD8-D90D58807394}
JKTZ-OBJ-000569,otwor_jaskini,jaskinia,Ciasna Szczelina,Ciasna Szczelina,,T.E-10.05,Ciasna Szczelina,explicit,JKTZ-OBS-000569,TPN,153421.47,565055.21,1424.373397,,,nieokreslona,niezweryfikowane,ok,,{08DBE3C9-16D9-498A-879E-11BB66D285B0},tpn:{08DBE3C9-16D9-498A-879E-11BB66D285B0}
JKTZ-OBJ-000570,otwor_jaskini,jaskinia,Nyża nad Siodłem,Nyża nad Siodłem,,T.D-13.08,Nyża nad Siodłem,explicit,JKTZ-OBS-000570,TPN,154024.06,567487.72,1673.734725,,,nieokreslona,zweryfikowane,ok,,{2D5EC8E7-7429-465D-822F-F929B6F50ECC},tpn:{2D5EC8E7-7429-465D-822F-F929B6F50ECC}
JKTZ-OBJ-000571,otwor_jaskini,jaskinia,Nyża w Pośredniej Turni,Nyża w Pośredniej Turni,,,,missing,JKTZ-OBS-000571,TPN,153498.96,566680.06,1716.225203,,,nieokreslona,zweryfikowane,needs_inventory_id,Brak NR_INWENT w zrodle TPN.,{8DB4E0C9-74C4-4400-ABAB-BC433D108D36},tpn:{8DB4E0C9-74C4-4400-ABAB-BC433D108D36}
JKTZ-OBJ-000572,otwor_jaskini,jaskinia,Jaskinia w Niżniej Świstówce,Jaskinia w Niżniej Świstówce,,,,missing,JKTZ-OBS-000572,TPN,153369.79,567300.82,1508.579642,,,nieokreslona,zweryfikowane,needs_inventory_id,Brak NR_INWENT w zrodle TPN.,{B4A9F6FE-5B62-4143-80E3-A613A49E90D0},tpn:{B4A9F6FE-5B62-4143-80E3-A613A49E90D0}
JKTZ-OBJ-000573,otwor_jaskini,jaskinia,Zbójnicka Szczelina,Zbójnicka Szczelina,,T.E-08.40,Zbójnicka Szczelina,explicit,JKTZ-OBS-000573,TPN,152617.45,562888.32,1180.357443,,,nieokreslona,niezweryfikowane,ok,,{B105878A-D99E-4DEA-B2DC-B8676F23F260},tpn:{B105878A-D99E-4DEA-B2DC-B8676F23F260}
JKTZ-OBJ-000574,otwor_jaskini,jaskinia,Siwiańska Nyża,Siwiańska Nyża,,T.A-05.02,Siwiańska Nyża,explicit,JKTZ-OBS-000574,TPN,156887.06,560066.89,990.9476779,,,nieokreslona,zweryfikowane,ok,,{F634716A-846E-42D3-BD1B-BD0F7787DD96},tpn:{F634716A-846E-42D3-BD1B-BD0F7787DD96}
JKTZ-OBJ-000575,otwor_jaskini,jaskinia,Sokole Okno,Sokole Okno,,T.E-08.28,Sokole Okno,explicit,JKTZ-OBS-000575,TPN,152784.09,562697.01,1193.573326,,,nieokreslona,zweryfikowane,ok,,{AB06C308-EA34-4C2B-AB45-998A78329FA1},tpn:{AB06C308-EA34-4C2B-AB45-998A78329FA1}
JKTZ-OBJ-000576,otwor_jaskini,jaskinia,Cubryńska Dziura III,Cubryńska Dziura III,,T.L-22.07,Cubryńska Dziura III,explicit,JKTZ-OBS-000576,TPN,147632.51,576924.01,1903.525734,,,nieokreslona,niezweryfikowane,ok,,{7402023A-B0B7-480F-BDD4-14025C05695F},tpn:{7402023A-B0B7-480F-BDD4-14025C05695F}
JKTZ-OBJ-000577,otwor_jaskini,jaskinia,Mała Komora,Mała Komora,,T.E-10.06,Mała Komora,explicit,JKTZ-OBS-000577,TPN,153415.16,565005.39,1473.860695,,,nieokreslona,niezweryfikowane,ok,,{0597C8DD-69B6-4ED0-B8AE-0848045006ED},tpn:{0597C8DD-69B6-4ED0-B8AE-0848045006ED}
JKTZ-OBJ-000578,otwor_jaskini,jaskinia,Suchy Biwak,Suchy Biwak,,T.E-07.02,Suchy Biwak,explicit,JKTZ-OBS-000578,TPN,153158.73,561357.6,1678.722976,,,nieokreslona,niezweryfikowane,ok,,{58DD6281-41BF-4A91-980E-3DBC769549C2},tpn:{58DD6281-41BF-4A91-980E-3DBC769549C2}
JKTZ-OBJ-000579,otwor_jaskini,jaskinia,Schron nad Lejową,Schron nad Lejową,,T.E-07.12,Schron nad Lejową,explicit,JKTZ-OBS-000579,TPN,153173.84,561286.23,1697.820824,,,nieokreslona,niezweryfikowane,ok,,{4993D9A0-1E73-4B09-B796-A1B227ED8583},tpn:{4993D9A0-1E73-4B09-B796-A1B227ED8583}
JKTZ-OBJ-000580,otwor_jaskini,jaskinia,Jaskinia Partyzancka I,Jaskinia Partyzancka I,,T.D-17.09,Jaskinia Partyzancka I,explicit,JKTZ-OBS-000580,TPN,154309.87,572107.7,1370.98121,,,nieokreslona,zweryfikowane,ok,,{0381F136-95EC-4E45-9B77-CB4A6FFFBBED},tpn:{0381F136-95EC-4E45-9B77-CB4A6FFFBBED}
JKTZ-OBJ-000581,otwor_jaskini,jaskinia,Schron w Małym Szerokiem I,Schron w Małym Szerokiem I,,,,missing,JKTZ-OBS-000581,TPN,153322.24,568075.4,1729.654502,,,nieokreslona,zweryfikowane,needs_inventory_id,Brak NR_INWENT w zrodle TPN.,{FFB80D84-7D5A-4986-BA87-1E8D5BC00181},tpn:{FFB80D84-7D5A-4986-BA87-1E8D5BC00181}
JKTZ-OBJ-000582,otwor_jaskini,jaskinia,Jaskinia nad Mostkiem Niżnia,Jaskinia nad Mostkiem Niżnia,,T.D-08.02,Jaskinia nad Mostkiem Niżnia,explicit,JKTZ-OBS-000582,TPN,154075.83,562848.75,1046.058095,,,nieokreslona,niezweryfikowane,ok,,{B75566F2-6CA0-43C0-B9B2-A1AF60965503},tpn:{B75566F2-6CA0-43C0-B9B2-A1AF60965503}
JKTZ-OBJ-000583,otwor_jaskini,jaskinia,Kalacka Nyża I,Kalacka Nyża I,,T.C-15.09,Kalacka Nyża I,explicit,JKTZ-OBS-000583,TPN,154775.92,570019.26,1298.542085,,,nieokreslona,zweryfikowane,ok,,{59AA9DB8-B93D-49A4-83EF-1CD0D2383C46},tpn:{59AA9DB8-B93D-49A4-83EF-1CD0D2383C46}
JKTZ-OBJ-000584,otwor_jaskini,jaskinia,Schron w Nosalu,Schron w Nosalu,,,,missing,JKTZ-OBS-000584,TPN,157029.38,571947.96,1194.194747,,,nieokreslona,zweryfikowane,needs_inventory_id,Brak NR_INWENT w zrodle TPN.,{0AFBFC7D-0BD3-4FE7-A7F2-1774398D7DD9},tpn:{0AFBFC7D-0BD3-4FE7-A7F2-1774398D7DD9}
JKTZ-OBJ-000585,otwor_jaskini,jaskinia,Szczelina w Zawraciku Kasprowym III,Szczelina w Zawraciku Kasprowym III,,T.D-17.17,Szczelina w Zawraciku Kasprowym III,explicit,JKTZ-OBS-000585,TPN,154462.88,571377.31,1364.319593,,,nieokreslona,zweryfikowane,ok,,{F44332A1-5638-4C3F-A285-860862AB6BC6},tpn:{F44332A1-5638-4C3F-A285-860862AB6BC6}
JKTZ-OBJ-000586,otwor_jaskini,jaskinia,Nisza w Organach,Nisza w Organach,,T.D-08.67,Nisza w Organach,explicit,JKTZ-OBS-000586,TPN,153517.69,563036,1068.323518,,,nieokreslona,niezweryfikowane,ok,,{64D75A4B-054C-4861-B3C3-A13EAA3605D6},tpn:{64D75A4B-054C-4861-B3C3-A13EAA3605D6}
JKTZ-OBJ-000587,otwor_jaskini,jaskinia,Dziura w Czarnej Turni IV,Dziura w Czarnej Turni IV,,T.C-12.04,Dziura w Czarnej Turni IV,explicit,JKTZ-OBS-000587,TPN,155321.76,566897.96,1270.796034,,,nieokreslona,zweryfikowane,ok,,{6071D0EF-79B2-48E4-BC4E-AFEED9766BA6},tpn:{6071D0EF-79B2-48E4-BC4E-AFEED9766BA6}
JKTZ-OBJ-000588,otwor_jaskini,jaskinia,Dziurka w Trawce,Dziurka w Trawce,,T.E-11.65,Dziurka w Trawce,explicit,JKTZ-OBS-000588,TPN,153186.72,566148.05,1760.114035,,,nieokreslona,zweryfikowane,ok,,{D428C70E-E3A0-46FE-8F58-6BB9A6AC2896},tpn:{D428C70E-E3A0-46FE-8F58-6BB9A6AC2896}
JKTZ-OBJ-000589,sztolnia,sztolnia,Sztolnia w Bramie Kantaka nr 2,Sztolnia w Bramie Kantaka nr 2,,,,missing,JKTZ-OBS-000589,TPN,156306.78,563130.52,956.4448787,,,nieokreslona,niezweryfikowane,needs_inventory_id,Brak NR_INWENT w zrodle TPN.,{B5AC9E3A-A89E-443F-B640-D28804A74046},tpn:{B5AC9E3A-A89E-443F-B640-D28804A74046}
JKTZ-OBJ-000590,otwor_jaskini,jaskinia,Jaskinia Jagnięca,Jaskinia Jagnięca,,T.E-09.02,Jaskinia Jagnięca,explicit,JKTZ-OBS-000590,TPN,152526.68,563689.41,1334.290791,,,nieokreslona,niezweryfikowane,ok,,{F9CBCE03-E91C-4970-B373-56EA2205634B},tpn:{F9CBCE03-E91C-4970-B373-56EA2205634B}
JKTZ-OBJ-000591,otwor_jaskini,jaskinia,Jaworzyńska Nyża pod Iglicą,Jaworzyńska Nyża pod Iglicą,,T.D-17.19,Jaworzyńska Nyża pod Iglicą,explicit,JKTZ-OBS-000591,TPN,154284.82,572157.2,1390.444168,,,nieokreslona,zweryfikowane,ok,,{ECF8FC2C-82F9-44FB-AEC9-D36EA94249E6},tpn:{ECF8FC2C-82F9-44FB-AEC9-D36EA94249E6}
JKTZ-OBJ-000592,otwor_jaskini,jaskinia,Jaskinia Lejbusiowa,Jaskinia Lejbusiowa,,T.E-11.48,Jaskinia Lejbusiowa,explicit,JKTZ-OBS-000592,TPN,152729.12,565523.37,1838.365497,,,nieokreslona,niezweryfikowane,ok,,{5473F2D1-AC72-40E9-A7E7-B09E7867E9FA},tpn:{5473F2D1-AC72-40E9-A7E7-B09E7867E9FA}
JKTZ-OBJ-000593,otwor_jaskini,jaskinia,Okienko w Jaworzyńskim Żlebie,Okienko w Jaworzyńskim Żlebie,,T.A-23.01,Okienko w Jaworzyńskim Żlebie,explicit,JKTZ-OBS-000593,TPN,157604.72,577979.4,1011.753287,,,nieokreslona,zweryfikowane,ok,,{18B6F146-110B-42C7-95F7-D2CD4C4873B2},tpn:{18B6F146-110B-42C7-95F7-D2CD4C4873B2}
JKTZ-OBJ-000594,otwor_jaskini,jaskinia,Nyża pod Jaskinią Magurską III,Nyża pod Jaskinią Magurską III,,T.D-18.05,Nyża pod Jaskinią Magurską III,explicit,JKTZ-OBS-000594,TPN,154211.62,572498.53,1362.360773,,,nieokreslona,zweryfikowane,ok,,{A69A252F-1E90-49F5-AF5D-221E62C9650C},tpn:{A69A252F-1E90-49F5-AF5D-221E62C9650C}
JKTZ-OBJ-000595,otwor_jaskini,jaskinia,Nyża w Depresji Strzebońskiego,Nyża w Depresji Strzebońskiego,,,,missing,JKTZ-OBS-000595,TPN,153585.82,566934.23,1615.005119,,,nieokreslona,zweryfikowane,needs_inventory_id,Brak NR_INWENT w zrodle TPN.,{3EDD58B4-5F56-44FD-AD00-33CC9E44A795},tpn:{3EDD58B4-5F56-44FD-AD00-33CC9E44A795}
JKTZ-OBJ-000596,otwor_jaskini,jaskinia,Jaskinia Magurska,Jaskinia Magurska,,T.D-18.01,Jaskinia Magurska,explicit,JKTZ-OBS-000596,TPN,154075.29,572446.08,1479.699436,,,nieokreslona,zweryfikowane,ok,,{A66D4ADB-2ADF-4A01-A4EA-01557BCF2D46},tpn:{A66D4ADB-2ADF-4A01-A4EA-01557BCF2D46}
JKTZ-OBJ-000597,otwor_jaskini,jaskinia,Szczelina nad Dziurą w Wantach II,Szczelina nad Dziurą w Wantach II,,T.E-12.61,Szczelina nad Dziurą w Wantach II,explicit,JKTZ-OBS-000597,TPN,153404.18,566760.62,1783.927548,,,nieokreslona,zweryfikowane,ok,,{19A537F3-492E-44E2-A707-78FFC912FA9F},tpn:{19A537F3-492E-44E2-A707-78FFC912FA9F}
JKTZ-OBJ-000598,otwor_jaskini,jaskinia,Szczelina w Głębowcu,Szczelina w Głębowcu,,T.E-08.50,Szczelina w Głębowcu,explicit,JKTZ-OBS-000598,TPN,152978.69,562297.99,1279.268744,,,nieokreslona,niezweryfikowane,ok,,{D3A46284-758D-46C6-94E7-87BFECE29160},tpn:{D3A46284-758D-46C6-94E7-87BFECE29160}
JKTZ-OBJ-000599,otwor_jaskini,jaskinia,Schronik w Kończystej Turni,Schronik w Kończystej Turni,,T.B-09.12,Schronik w Kończystej Turni,explicit,JKTZ-OBS-000599,TPN,155493.53,563840.84,1130.228315,,,nieokreslona,niezweryfikowane,ok,,{D532520A-CC0F-4F01-9089-01C883CC553B},tpn:{D532520A-CC0F-4F01-9089-01C883CC553B}
JKTZ-OBJ-000600,otwor_jaskini,jaskinia,Tatowa Szczelina,Tatowa Szczelina,,T.C-09.01,Tatowa Szczelina,explicit,JKTZ-OBS-000600,TPN,154523.95,563348.62,1007.229202,,,nieokreslona,zweryfikowane,ok,,{BF3E6992-1F2F-4276-AA8E-E829767866CE},tpn:{BF3E6992-1F2F-4276-AA8E-E829767866CE}
JKTZ-OBJ-000601,otwor_jaskini,jaskinia,Komora w Kondratowych Basztach,Komora w Kondratowych Basztach,,,,missing,JKTZ-OBS-000601,TPN,153401.63,568003.07,1691.597004,,,nieokreslona,zweryfikowane,needs_inventory_id,Brak NR_INWENT w zrodle TPN.,{92D7F63F-B33B-4530-9DDA-033A350887C0},tpn:{92D7F63F-B33B-4530-9DDA-033A350887C0}
JKTZ-OBJ-000602,otwor_jaskini,jaskinia,Szczelina nad Wielką Litworową,Szczelina nad Wielką Litworową,,T.E-12.46,Szczelina nad Wielką Litworową,explicit,JKTZ-OBS-000602,TPN,152724.63,566589.67,1931.315726,,,nieokreslona,zweryfikowane,ok,,{EF7C4950-1054-43C0-9116-18265E19E5EE},tpn:{EF7C4950-1054-43C0-9116-18265E19E5EE}
JKTZ-OBJ-000603,sztolnia,sztolnia,Sztolnia na Klinowej Czubie nr 6,Sztolnia na Klinowej Czubie nr 6,,,,missing,JKTZ-OBS-000603,TPN,155086.57,559849.17,1182.892729,,,nieokreslona,niezweryfikowane,needs_inventory_id,Brak NR_INWENT w zrodle TPN.,{99522C8A-640C-427C-9E08-21276A83B81E},tpn:{99522C8A-640C-427C-9E08-21276A83B81E}
JKTZ-OBJ-000604,otwor_jaskini,jaskinia,Jaskinia Mysia,Jaskinia Mysia,,T.E-08.09,Jaskinia Mysia,explicit,JKTZ-OBS-000604,TPN,152864.12,562786.69,1104.680729,,,nieokreslona,zweryfikowane,ok,,{8E9CF110-3CDA-4313-AC98-49496419E9F7},tpn:{8E9CF110-3CDA-4313-AC98-49496419E9F7}
JKTZ-OBJ-000605,otwor_jaskini,jaskinia,Jaskinia Mała Zaruskiego,Jaskinia Mała Zaruskiego,,T.E-12.22,Jaskinia Mała Zaruskiego,explicit,JKTZ-OBS-000605,TPN,153451.92,566885.7,1778.822442,,,nieokreslona,zweryfikowane,ok,,{324846AB-C58B-4E3A-884E-0A08CB6D3020},tpn:{324846AB-C58B-4E3A-884E-0A08CB6D3020}
JKTZ-OBJ-000606,otwor_jaskini,jaskinia,Dziura w Ścianie,Dziura w Ścianie,,T.E-08.22,Dziura w Ścianie,explicit,JKTZ-OBS-000606,TPN,152331.61,562965.85,1303.988573,,,nieokreslona,niezweryfikowane,ok,,{5F35683C-23C0-4CC9-BBC8-BA8FEBBE9400},tpn:{5F35683C-23C0-4CC9-BBC8-BA8FEBBE9400}
JKTZ-OBJ-000607,otwor_jaskini,jaskinia,Jaskinia Filipczańska Niżnia,Jaskinia Filipczańska Niżnia,,T.B-24.04,Jaskinia Filipczańska Niżnia,explicit,JKTZ-OBS-000607,TPN,156828.87,578327.3,1190.945786,,,nieokreslona,zweryfikowane,ok,,{26B5F0D2-23CD-4E5B-A1CC-EAA0929C9A6D},tpn:{26B5F0D2-23CD-4E5B-A1CC-EAA0929C9A6D}
JKTZ-OBJ-000608,otwor_jaskini,jaskinia,Nyża w Kościele,Nyża w Kościele,,,,missing,JKTZ-OBS-000608,TPN,153685.41,560195.16,1248.970205,,,nieokreslona,zweryfikowane,needs_inventory_id,Brak NR_INWENT w zrodle TPN.,{C7918CC1-E333-4902-887C-861BBE7D6775},tpn:{C7918CC1-E333-4902-887C-861BBE7D6775}
JKTZ-OBJ-000609,otwor_jaskini,jaskinia,Okap w Kończystej Turni,Okap w Kończystej Turni,,T.B-09.10,Okap w Kończystej Turni,explicit,JKTZ-OBS-000609,TPN,155496.18,563940.73,1171.219354,,,nieokreslona,niezweryfikowane,ok,,{B2A16EA5-23C8-4E73-BBE7-B4CE1CDF5440},tpn:{B2A16EA5-23C8-4E73-BBE7-B4CE1CDF5440}
JKTZ-OBJ-000610,otwor_jaskini,jaskinia,Dziura Małołącka Mała,Dziura Małołącka Mała,,T.E-12.04,Dziura Małołącka Mała,explicit,JKTZ-OBS-000610,TPN,152901.86,567119.39,1811.28541,,,nieokreslona,zweryfikowane,ok,,{BA2D4BF1-4D6C-4B70-A7DA-9ECFC6E3E6CF},tpn:{BA2D4BF1-4D6C-4B70-A7DA-9ECFC6E3E6CF}
JKTZ-OBJ-000611,obiekt_terenowy,,"tunel w Skrajnej Giewonckiej Baszcie, N",tunel w Skrajnej Giewonckiej Baszcie,N,,,missing,JKTZ-OBS-000611,TPN,154177.59,567543.25,1658.483868,,,nieokreslona,niezweryfikowane,needs_inventory_id,Brak NR_INWENT w zrodle TPN.,{F22EDCD0-ACFD-4797-B2A0-CFD5B325BC8E},tpn:{F22EDCD0-ACFD-4797-B2A0-CFD5B325BC8E}
JKTZ-OBJ-000612,sztolnia,sztolnia,Sztolnia w Małym Reglu nr 2,Sztolnia w Małym Reglu nr 2,,,,missing,JKTZ-OBS-000612,TPN,156662.68,563202.18,944.457948,,,nieokreslona,niezweryfikowane,needs_inventory_id,Brak NR_INWENT w zrodle TPN.,{DAF61259-946D-4D5E-8053-D5E69B732C09},tpn:{DAF61259-946D-4D5E-8053-D5E69B732C09}
JKTZ-OBJ-000613,otwor_jaskini,jaskinia,Schron pod Kopą Kondracką,Schron pod Kopą Kondracką,,,,missing,JKTZ-OBS-000613,TPN,152771.43,568087.32,1843.000934,,,nieokreslona,zweryfikowane,needs_inventory_id,Brak NR_INWENT w zrodle TPN.,{C79E6CC1-3C7B-4E74-9399-6AA3199C1A07},tpn:{C79E6CC1-3C7B-4E74-9399-6AA3199C1A07}
JKTZ-OBJ-000614,otwor_jaskini,jaskinia,Korytarzyk przy Kalackiej,Korytarzyk przy Kalackiej,,T.C-16.02,Korytarzyk przy Kalackiej,explicit,JKTZ-OBS-000614,TPN,154768.47,570397.64,1224.598067,,,nieokreslona,zweryfikowane,ok,,{78FC19CD-2F47-482F-9F41-162DADBD3411},tpn:{78FC19CD-2F47-482F-9F41-162DADBD3411}
JKTZ-OBJ-000615,otwor_jaskini,jaskinia,Okno w Jatkach II,Okno w Jatkach II,,T.B-12.03,Okno w Jatkach II,explicit,JKTZ-OBS-000615,TPN,155587.11,566940.78,1383.9439,,,nieokreslona,zweryfikowane,ok,,{0B807D73-8710-41B0-8DAF-B925E638C1D0},tpn:{0B807D73-8710-41B0-8DAF-B925E638C1D0}
JKTZ-OBJ-000616,otwor_jaskini,jaskinia,Nyża za Kościołem,Nyża za Kościołem,,,,missing,JKTZ-OBS-000616,TPN,153656.12,560349.84,1293.577166,,,nieokreslona,zweryfikowane,needs_inventory_id,Brak NR_INWENT w zrodle TPN.,{64E02ADF-358A-4D7F-BECE-6434D72150B3},tpn:{64E02ADF-358A-4D7F-BECE-6434D72150B3}
JKTZ-OBJ-000617,otwor_jaskini,jaskinia,Jaskinia Partyzancka II,Jaskinia Partyzancka II,,T.D-17.13,Jaskinia Partyzancka II,explicit,JKTZ-OBS-000617,TPN,154256.9,572163.5,1405.077691,,,nieokreslona,zweryfikowane,ok,,{F5C1663E-AB69-487B-A209-832A61D87B23},tpn:{F5C1663E-AB69-487B-A209-832A61D87B23}
JKTZ-OBJ-000618,otwor_jaskini,jaskinia,Szczelina pod Frapującą Nyżą,Szczelina pod Frapującą Nyżą,,T.C-15.08,Szczelina pod Frapującą Nyżą,explicit,JKTZ-OBS-000618,TPN,154774.13,570168.92,1325.535661,,,nieokreslona,zweryfikowane,ok,,{64EB9D99-D069-478B-BF1F-A9613085F1A2},tpn:{64EB9D99-D069-478B-BF1F-A9613085F1A2}
JKTZ-OBJ-000619,otwor_jaskini,jaskinia,Schron pomiędzy Żwirowymi Dziurami,Schron pomiędzy Żwirowymi Dziurami,,T.D-09.07,Schron pomiędzy Żwirowymi Dziurami,explicit,JKTZ-OBS-000619,TPN,153825.52,563249.21,1298.645942,,,nieokreslona,niezweryfikowane,ok,,{DE56DD34-6E78-4D66-ADF9-8D5EFC5AE208},tpn:{DE56DD34-6E78-4D66-ADF9-8D5EFC5AE208}
JKTZ-OBJ-000620,otwor_jaskini,jaskinia,Nyża przy Kozich Oknach,Nyża przy Kozich Oknach,,T.D-13.10,Nyża przy Kozich Oknach,explicit,JKTZ-OBS-000620,TPN,153918.32,567375.82,1624.462365,,,nieokreslona,zweryfikowane,ok,,{5204F2CE-9AB6-4954-ABAD-47B292C4C499},tpn:{5204F2CE-9AB6-4954-ABAD-47B292C4C499}
JKTZ-OBJ-000621,otwor_jaskini,jaskinia,Jaskinia pod Zamkiem,Jaskinia pod Zamkiem,,T.E-08.01,Jaskinia pod Zamkiem,explicit,JKTZ-OBS-000621,TPN,152598.5,562927.82,1194.025597,,,nieokreslona,niezweryfikowane,ok,,{04AFA3C6-EF98-4598-BB0B-C5A1172DC2EA},tpn:{04AFA3C6-EF98-4598-BB0B-C5A1172DC2EA}
JKTZ-OBJ-000622,otwor_jaskini,jaskinia,Jaskinia za Ratuszem Śnieżna,Jaskinia za Ratuszem Śnieżna,,T.E-11.47,Jaskinia za Ratuszem Śnieżna,explicit,JKTZ-OBS-000622,TPN,153200.42,566151.97,1728.791345,,,nieokreslona,zweryfikowane,ok,,{360ADF73-8619-4A03-BEDC-C3DC7D05A545},tpn:{360ADF73-8619-4A03-BEDC-C3DC7D05A545}
JKTZ-OBJ-000623,otwor_jaskini,jaskinia,Szczelina nad Mylną,Szczelina nad Mylną,,T.E-08.13,Szczelina nad Mylną,explicit,JKTZ-OBS-000623,TPN,152771.28,562690.27,1152.939862,,,nieokreslona,zweryfikowane,ok,,{3803805D-8F67-4139-B7EF-287899EB0D94},tpn:{3803805D-8F67-4139-B7EF-287899EB0D94}
JKTZ-OBJ-000624,otwor_jaskini,jaskinia,Okno Zbójnickie Wyżnie,Okno Zbójnickie Wyżnie,,T.D-08.10,Okno Zbójnickie Wyżnie,explicit,JKTZ-OBS-000624,TPN,153848.73,563192.15,1280.17404,,,nieokreslona,zweryfikowane,ok,,{023B75EE-038D-4E53-8AC3-CCD673A1BD18},tpn:{023B75EE-038D-4E53-8AC3-CCD673A1BD18}
JKTZ-OBJ-000625,sztolnia,sztolnia,Sztolnia na Klinowej Czubie nr 3,Sztolnia na Klinowej Czubie nr 3,,,,missing,JKTZ-OBS-000625,TPN,155075.26,559820.56,1184.126471,,,nieokreslona,niezweryfikowane,needs_inventory_id,Brak NR_INWENT w zrodle TPN.,{FA9BA8B6-5ED6-431D-B2D5-5DF025111077},tpn:{FA9BA8B6-5ED6-431D-B2D5-5DF025111077}
JKTZ-OBJ-000626,otwor_jaskini,jaskinia,Świstowa  Szczelina,Świstowa  Szczelina,,T.E-10.01,Świstowa  Szczelina,explicit,JKTZ-OBS-000626,TPN,153384.32,565212.55,1393.192232,,,nieokreslona,zweryfikowane,ok,,{77790C30-A261-4635-ADC8-290BCEC94175},tpn:{77790C30-A261-4635-ADC8-290BCEC94175}
JKTZ-OBJ-000627,otwor_jaskini,jaskinia,Schron pod Owczą I,Schron pod Owczą I,,T.E-09.19,Schron pod Owczą I,explicit,JKTZ-OBS-000627,TPN,152477.71,563311.85,1153.998757,,,nieokreslona,niezweryfikowane,ok,,{55C5B8F5-FFDC-4856-AA93-507F74B532D1},tpn:{55C5B8F5-FFDC-4856-AA93-507F74B532D1}
JKTZ-OBJ-000628,otwor_jaskini,jaskinia,Czerwona Studzienka,Czerwona Studzienka,,T.E-12.68,Czerwona Studzienka,explicit,JKTZ-OBS-000628,TPN,153431.83,566496.2,1811.963374,,,nieokreslona,zweryfikowane,ok,,{8802EB96-89BA-4636-B225-D5F455BE9E99},tpn:{8802EB96-89BA-4636-B225-D5F455BE9E99}
JKTZ-OBJ-000629,otwor_jaskini,jaskinia,Schron w Piecu,Schron w Piecu,,T.D-10.02,Schron w Piecu,explicit,JKTZ-OBS-000629,TPN,153838.77,564503.08,1468.337165,,,nieokreslona,zweryfikowane,ok,,{5E62224D-D8F1-413B-925A-BF2FFB018767},tpn:{5E62224D-D8F1-413B-925A-BF2FFB018767}
JKTZ-OBJ-000630,otwor_jaskini,jaskinia,Schron w Organach,Schron w Organach,,T.E-09.50,Schron w Organach,explicit,JKTZ-OBS-000630,TPN,153157.01,563620.3,1330.76561,,,nieokreslona,niezweryfikowane,ok,,{9E5AF934-EB7D-452D-B8EF-FFC609FCEED2},tpn:{9E5AF934-EB7D-452D-B8EF-FFC609FCEED2}
JKTZ-OBJ-000631,otwor_jaskini,jaskinia,Jaskinia Lodowa nad Kufą,Jaskinia Lodowa nad Kufą,,T.D-06.08,Jaskinia Lodowa nad Kufą,explicit,JKTZ-OBS-000631,TPN,153325.37,561044.32,1640.578758,,,nieokreslona,niezweryfikowane,ok,,{FF10BAAD-57BA-4AC9-B53E-33CD6FAB8025},tpn:{FF10BAAD-57BA-4AC9-B53E-33CD6FAB8025}
JKTZ-OBJ-000632,otwor_jaskini,jaskinia,Jaskinia w Małej Świstówce,Jaskinia w Małej Świstówce,,T.D-10.05,Jaskinia w Małej Świstówce,explicit,JKTZ-OBS-000632,TPN,153488.78,565143.4,1359.332288,,,nieokreslona,niezweryfikowane,ok,,{A76BA967-9DD7-41EC-BB8B-6A96FD923A01},tpn:{A76BA967-9DD7-41EC-BB8B-6A96FD923A01}
JKTZ-OBJ-000633,sztolnia,sztolnia,Sztolnia w Przedniej Kopce nr 2,Sztolnia w Przedniej Kopce nr 2,,,,missing,JKTZ-OBS-000633,TPN,156683.82,563054.68,944.9282906,,,nieokreslona,niezweryfikowane,needs_inventory_id,Brak NR_INWENT w zrodle TPN.,{AFB3118F-4982-4271-AB7E-544CCD7F4854},tpn:{AFB3118F-4982-4271-AB7E-544CCD7F4854}
JKTZ-OBJ-000634,otwor_jaskini,jaskinia,Schron przy Suchym Biwaku,Schron przy Suchym Biwaku,,T.E-07.08,Schron przy Suchym Biwaku,explicit,JKTZ-OBS-000634,TPN,153178.26,561340.09,1664.370616,,,nieokreslona,niezweryfikowane,ok,,{0152572F-B1BC-42FD-A435-FB38F6C3015E},tpn:{0152572F-B1BC-42FD-A435-FB38F6C3015E}
JKTZ-OBJ-000635,otwor_jaskini,jaskinia,Dziura w Żlebie Pronobisa,Dziura w Żlebie Pronobisa,,,,missing,JKTZ-OBS-000635,TPN,153508.53,566465.3,1739.44897,,,nieokreslona,zweryfikowane,needs_inventory_id,Brak NR_INWENT w zrodle TPN.,{3457F014-9E29-416F-A45B-0B44446C8CA4},tpn:{3457F014-9E29-416F-A45B-0B44446C8CA4}
JKTZ-OBJ-000636,otwor_jaskini,jaskinia,Średni Lej,Średni Lej,,T.E-12.28,Średni Lej,explicit,JKTZ-OBS-000636,TPN,152886.08,566990,1870.207198,,,nieokreslona,zweryfikowane,ok,,{34B1E400-EED4-4773-8416-8D48D04038B4},tpn:{34B1E400-EED4-4773-8416-8D48D04038B4}
JKTZ-OBJ-000637,otwor_jaskini,jaskinia,Nyża przy Schodkach,Nyża przy Schodkach,,T.D-11.02,Nyża przy Schodkach,explicit,JKTZ-OBS-000637,TPN,153715.81,566269.26,1675.880939,,,nieokreslona,zweryfikowane,ok,,{FB5B5ECE-1FB0-4E9D-887B-BC8F30B29FB2},tpn:{FB5B5ECE-1FB0-4E9D-887B-BC8F30B29FB2}
JKTZ-OBJ-000638,otwor_jaskini,jaskinia,Tunel w Żlebie z Bramką,Tunel w Żlebie z Bramką,,T.E-08.58,Tunel w Żlebie z Bramką,explicit,JKTZ-OBS-000638,TPN,153068.85,562305.61,1242.72947,,,nieokreslona,niezweryfikowane,ok,,{8708D7B1-A223-4E0B-947B-9F192AC8B3DF},tpn:{8708D7B1-A223-4E0B-947B-9F192AC8B3DF}
JKTZ-OBJ-000639,otwor_jaskini,jaskinia,Meanderek nad Mylną,Meanderek nad Mylną,,T.E-08.61,Meanderek nad Mylną,explicit,JKTZ-OBS-000639,TPN,152761.78,562693.4,1130.545435,,,nieokreslona,zweryfikowane,ok,,{06BD5970-3577-4FA1-BC10-2805C8BBCE25},tpn:{06BD5970-3577-4FA1-BC10-2805C8BBCE25}
JKTZ-OBJ-000640,otwor_jaskini,jaskinia,Jaskinia Miętusia Wyżnia,Jaskinia Miętusia Wyżnia,,T.D-10.01,Jaskinia Miętusia Wyżnia,explicit,JKTZ-OBS-000640,TPN,153491.23,565113,1383.993046,,,nieokreslona,zweryfikowane,ok,,{0C95E94F-DB98-4FB9-AFFC-5CFE073C5E5F},tpn:{0C95E94F-DB98-4FB9-AFFC-5CFE073C5E5F}
JKTZ-OBJ-000641,otwor_jaskini,jaskinia,Dziura nad Roztoką,Dziura nad Roztoką,,T.G-22.02,Dziura nad Roztoką,explicit,JKTZ-OBS-000641,TPN,151155.92,577120.02,1427.959266,,,nieokreslona,niezweryfikowane,ok,,{9685AFDF-358B-42F1-8D65-9BA9310F4BC3},tpn:{9685AFDF-358B-42F1-8D65-9BA9310F4BC3}
JKTZ-OBJ-000642,otwor_jaskini,jaskinia,Schron pod Jaskinią Goryckiego,Schron pod Jaskinią Goryckiego,,T.D-08.20,Schron pod Jaskinią Goryckiego,explicit,JKTZ-OBS-000642,TPN,153955.93,563001.86,1019.341778,,,nieokreslona,niezweryfikowane,ok,,{AA0661A8-8994-4C95-B7E3-780EEA9A3642},tpn:{AA0661A8-8994-4C95-B7E3-780EEA9A3642}
JKTZ-OBJ-000643,otwor_jaskini,jaskinia,Szczelina pod Zagonną Turnią,Szczelina pod Zagonną Turnią,,T.D-12.15,Szczelina pod Zagonną Turnią,explicit,JKTZ-OBS-000643,TPN,153760.89,566430.49,1562.215257,,,nieokreslona,zweryfikowane,ok,,{483B5766-30A6-424B-A4EE-EB4A324E702D},tpn:{483B5766-30A6-424B-A4EE-EB4A324E702D}
JKTZ-OBJ-000644,otwor_jaskini,jaskinia,Szczelina za Płytą,Szczelina za Płytą,,T.E-11.62,Szczelina za Płytą,explicit,JKTZ-OBS-000644,TPN,153277.44,566223.57,1683.813315,,,nieokreslona,niezweryfikowane,ok,,{52A6D4D9-779E-44BA-9C4F-0AE35C796EE7},tpn:{52A6D4D9-779E-44BA-9C4F-0AE35C796EE7}
JKTZ-OBJ-000645,otwor_jaskini,jaskinia,Śnieżny Awen,Śnieżny Awen,,T.E-11.30,Śnieżny Awen,explicit,JKTZ-OBS-000645,TPN,152868.94,565642.96,1643.542053,,,nieokreslona,zweryfikowane,ok,,{BBB437E3-E087-413E-A110-08345096EEA5},tpn:{BBB437E3-E087-413E-A110-08345096EEA5}
JKTZ-OBJ-000646,otwor_jaskini,jaskinia,Dudowy Okap,Dudowy Okap,,T.D-06.17,Dudowy Okap,explicit,JKTZ-OBS-000646,TPN,153482.45,560445.05,1426.767696,,,nieokreslona,niezweryfikowane,ok,,{B72F5756-4820-4964-B98F-9ABED6AF0AFC},tpn:{B72F5756-4820-4964-B98F-9ABED6AF0AFC}
JKTZ-OBJ-000647,otwor_jaskini,jaskinia,Jaskinia nad Dachem,Jaskinia nad Dachem,,T.E-11.09,Jaskinia nad Dachem,explicit,JKTZ-OBS-000647,TPN,152988.53,565859.45,1525.858298,,,nieokreslona,zweryfikowane,ok,,{84C4BA72-E422-48DF-9815-6925B25376F3},tpn:{84C4BA72-E422-48DF-9815-6925B25376F3}
JKTZ-OBJ-000648,otwor_jaskini,jaskinia,Nyża w Baranich Schodkach II,Nyża w Baranich Schodkach II,,T.E-12.66,Nyża w Baranich Schodkach II,explicit,JKTZ-OBS-000648,TPN,153202.4,566954.45,1786.807945,,,nieokreslona,zweryfikowane,ok,,{3A702B9C-7C01-46B3-B686-B856A04856B4},tpn:{3A702B9C-7C01-46B3-B686-B856A04856B4}
JKTZ-OBJ-000649,otwor_jaskini,jaskinia,Siwa Nyża,Siwa Nyża,,T.D-17.20,Siwa Nyża,explicit,JKTZ-OBS-000649,TPN,154083.48,572147.1,1578.538783,,,nieokreslona,zweryfikowane,ok,,{632F9B53-DA53-47C8-951F-0CAB2ACD54F4},tpn:{632F9B53-DA53-47C8-951F-0CAB2ACD54F4}
JKTZ-OBJ-000650,otwor_jaskini,jaskinia,Wyżnia Koszowa Dziura,Wyżnia Koszowa Dziura,,T.D-22.01,Wyżnia Koszowa Dziura,explicit,JKTZ-OBS-000650,TPN,154007.58,577025.51,1794.824636,,,nieokreslona,niezweryfikowane,ok,,{C127209A-A50E-45E7-A4A4-287CC1F110A2},tpn:{C127209A-A50E-45E7-A4A4-287CC1F110A2}
JKTZ-OBJ-000651,otwor_jaskini,jaskinia,Schron przy Wielkiej Turni,Schron przy Wielkiej Turni,,T.F-09.18,Schron przy Wielkiej Turni,explicit,JKTZ-OBS-000651,TPN,152269.53,563502.17,1317.173656,,,nieokreslona,niezweryfikowane,ok,,{DEB5B651-B63D-4F90-B2C1-87823668250C},tpn:{DEB5B651-B63D-4F90-B2C1-87823668250C}
JKTZ-OBJ-000652,otwor_jaskini,jaskinia,Siwiańskie Okno,Siwiańskie Okno,,T.A-06.03,Siwiańskie Okno,explicit,JKTZ-OBS-000652,TPN,156905,560117.38,993.8916189,,,nieokreslona,zweryfikowane,ok,,{2572CCF1-1472-4D66-9D6E-0353FE922AEA},tpn:{2572CCF1-1472-4D66-9D6E-0353FE922AEA}
JKTZ-OBJ-000653,otwor_jaskini,jaskinia,Jaskinia przy Perci,Jaskinia przy Perci,,T.E-09.04,Jaskinia przy Perci,explicit,JKTZ-OBS-000653,TPN,152490.71,563614.4,1270.376015,,,nieokreslona,niezweryfikowane,ok,,{F2070F6E-C2D9-4F91-A008-D243DF354871},tpn:{F2070F6E-C2D9-4F91-A008-D243DF354871}
JKTZ-OBJ-000654,otwor_jaskini,jaskinia,Dziura nad Śnieżną Studnią,Dziura nad Śnieżną Studnią,,T.E-12.73,Dziura nad Śnieżną Studnią,explicit,JKTZ-OBS-000654,TPN,153020.36,567089.65,1802.076344,,,nieokreslona,zweryfikowane,ok,,{D47DFD55-691A-4E08-84C3-4113122039BD},tpn:{D47DFD55-691A-4E08-84C3-4113122039BD}
JKTZ-OBJ-000655,otwor_jaskini,jaskinia,Jaskinia Kasprowa Średnia,Jaskinia Kasprowa Średnia,,T.D-17.02,Jaskinia Kasprowa Średnia,explicit,JKTZ-OBS-000655,TPN,154313.48,571564.7,1427.582107,,,nieokreslona,zweryfikowane,ok,,{D35C15CC-113C-4509-BE22-CD99939F2FAE},tpn:{D35C15CC-113C-4509-BE22-CD99939F2FAE}
JKTZ-OBJ-000656,otwor_jaskini,jaskinia,Schron przy Studni,Schron przy Studni,,T.E-11.28,Schron przy Studni,explicit,JKTZ-OBS-000656,TPN,152911.79,565592.16,1510.460686,,,nieokreslona,zweryfikowane,ok,,{6164F63C-E253-4E84-8AE3-048CA43E144B},tpn:{6164F63C-E253-4E84-8AE3-048CA43E144B}
JKTZ-OBJ-000657,otwor_jaskini,jaskinia,Schron nad Tomanową,Schron nad Tomanową,,T.F-11.09,Schron nad Tomanową,explicit,JKTZ-OBS-000657,TPN,151794.45,565433.8,1954.458056,,,nieokreslona,niezweryfikowane,ok,,{BAB9E811-8D64-43ED-8AC8-F9D8021DBCDD},tpn:{BAB9E811-8D64-43ED-8AC8-F9D8021DBCDD}
JKTZ-OBJ-000658,otwor_jaskini,jaskinia,Radkowa Dziura I,Radkowa Dziura I,,T.E-08.47,Radkowa Dziura I,explicit,JKTZ-OBS-000658,TPN,152522.07,563061.78,1179.591909,,,nieokreslona,niezweryfikowane,ok,,{AB3F50A0-8655-4B60-BF12-6E2C6211CDB5},tpn:{AB3F50A0-8655-4B60-BF12-6E2C6211CDB5}
JKTZ-OBJ-000659,otwor_jaskini,jaskinia,Jaskinia Śpiących Rycerzy Wyżnia,Jaskinia Śpiących Rycerzy Wyżnia,,T.D-12.19,Jaskinia Śpiących Rycerzy Wyżnia,explicit,JKTZ-OBS-000659,TPN,154042.38,567176.98,1421.67915,,,nieokreslona,zweryfikowane,ok,,{A0504167-6077-4F1D-848C-5826ADF2AED5},tpn:{A0504167-6077-4F1D-848C-5826ADF2AED5}
JKTZ-OBJ-000660,otwor_jaskini,jaskinia,Schron pod Zbójnicką Turnią,Schron pod Zbójnicką Turnią,,T.E-08.66,Schron pod Zbójnicką Turnią,explicit,JKTZ-OBS-000660,TPN,152624.34,563131.35,1103.47073,,,nieokreslona,niezweryfikowane,ok,,{0C942F35-3C72-4DD9-A0D1-511893B1A6EE},tpn:{0C942F35-3C72-4DD9-A0D1-511893B1A6EE}
JKTZ-OBJ-000661,otwor_jaskini,jaskinia,Dziura nad Zabijakiem II,Dziura nad Zabijakiem II,,T.D-07.02,Dziura nad Zabijakiem II,explicit,JKTZ-OBS-000661,TPN,153928.21,561937.84,1326.361076,,,nieokreslona,niezweryfikowane,ok,,{283787B7-3A80-489A-BEE7-F7532B7C3EB0},tpn:{283787B7-3A80-489A-BEE7-F7532B7C3EB0}
JKTZ-OBJ-000662,otwor_jaskini,jaskinia,Nyża w Wąwozie Między Ściany,Nyża w Wąwozie Między Ściany,,T.D-05.05,Nyża w Wąwozie Między Ściany,explicit,JKTZ-OBS-000662,TPN,154207.37,559621.55,1071.014789,,,nieokreslona,niezweryfikowane,ok,,{ED64F5F8-E896-49BA-A753-D46DF3028B87},tpn:{ED64F5F8-E896-49BA-A753-D46DF3028B87}
JKTZ-OBJ-000663,otwor_jaskini,jaskinia,Szczelina nad Jaskinią Magurską,Szczelina nad Jaskinią Magurską,,T.D-18.09,Szczelina nad Jaskinią Magurską,explicit,JKTZ-OBS-000663,TPN,154067.87,572402.61,1521.484683,,,nieokreslona,zweryfikowane,ok,,{9A80C2BE-49EB-41A5-845A-122C52EED625},tpn:{9A80C2BE-49EB-41A5-845A-122C52EED625}
JKTZ-OBJ-000664,otwor_jaskini,jaskinia,Jaskinia Ciepła,Jaskinia Ciepła,,T.F-08.06,Jaskinia Ciepła,explicit,JKTZ-OBS-000664,TPN,152133.72,562995.04,1335.861923,,,nieokreslona,niezweryfikowane,ok,,{1162DF92-39AB-448C-96E0-ECD4A9D131FA},tpn:{1162DF92-39AB-448C-96E0-ECD4A9D131FA}
JKTZ-OBJ-000665,otwor_jaskini,jaskinia,Szczelina w Zawraciku Kasprowym IV,Szczelina w Zawraciku Kasprowym IV,,T.D-17.18,Szczelina w Zawraciku Kasprowym IV,explicit,JKTZ-OBS-000665,TPN,154459.18,571377.21,1363.008768,,,nieokreslona,zweryfikowane,ok,,{D7A7582A-8BFE-456B-93A5-91F46EA22DD2},tpn:{D7A7582A-8BFE-456B-93A5-91F46EA22DD2}
JKTZ-OBJ-000666,otwor_jaskini,jaskinia,Schron w Wielkich Koryciskach II,Schron w Wielkich Koryciskach II,,T.B-04.05,Schron w Wielkich Koryciskach II,explicit,JKTZ-OBS-000666,TPN,155998.86,558651.89,1052.52684,,,nieokreslona,zweryfikowane,ok,,{ED8B5A01-4D5B-465D-B323-BFBAF135D611},tpn:{ED8B5A01-4D5B-465D-B323-BFBAF135D611}
JKTZ-OBJ-000667,otwor_jaskini,jaskinia,Jaskinia pod Okapem,Jaskinia pod Okapem,,T.F-09.11,Jaskinia pod Okapem,explicit,JKTZ-OBS-000667,TPN,152343.58,563863.43,1326.818649,,,nieokreslona,zweryfikowane,ok,,{F1B6E9B0-385C-4F30-9178-C4959A5E33BA},tpn:{F1B6E9B0-385C-4F30-9178-C4959A5E33BA}
JKTZ-OBJ-000668,otwor_jaskini,jaskinia,Dziura nad Zachodem,Dziura nad Zachodem,,T.E-09.17,Dziura nad Zachodem,explicit,JKTZ-OBS-000668,TPN,152459.37,563828.14,1420.697711,,,nieokreslona,niezweryfikowane,ok,,{01A13FE3-0D09-4D00-B525-835760FF4303},tpn:{01A13FE3-0D09-4D00-B525-835760FF4303}
JKTZ-OBJ-000669,otwor_jaskini,jaskinia,Schronisko pod Dziobem II,Schronisko pod Dziobem II,,T.E-05.03,Schronisko pod Dziobem II,explicit,JKTZ-OBS-000669,TPN,153009.27,560015.09,1499.906783,,,nieokreslona,niezweryfikowane,ok,,{5CDC0722-1A08-4178-8618-F6351261A155},tpn:{5CDC0722-1A08-4178-8618-F6351261A155}
JKTZ-OBJ-000670,otwor_jaskini,jaskinia,Dziura pod Kazalnicą,Dziura pod Kazalnicą,,T.D-08.29,Dziura pod Kazalnicą,explicit,JKTZ-OBS-000670,TPN,153569.54,562679.21,1186.783079,,,nieokreslona,niezweryfikowane,ok,,{FD099612-691D-4713-BC2F-D3005386D33A},tpn:{FD099612-691D-4713-BC2F-D3005386D33A}
JKTZ-OBJ-000671,otwor_jaskini,jaskinia,Jaskinia przy Sikawce,Jaskinia przy Sikawce,,T.D-09.02,Jaskinia przy Sikawce,explicit,JKTZ-OBS-000671,TPN,153774.49,564098.26,1310.098688,,,nieokreslona,niezweryfikowane,ok,,{71DD8DCE-2BC1-42F7-A5E9-174902CA7AED},tpn:{71DD8DCE-2BC1-42F7-A5E9-174902CA7AED}
JKTZ-OBJ-000672,otwor_jaskini,jaskinia,"Jaskinia nad Korytem, SE",Jaskinia nad Korytem,SE,T.D-12.10,Jaskinia nad Korytem,explicit,JKTZ-OBS-000672,TPN,153762.45,566294.29,1621.705669,,,nieokreslona,zweryfikowane,ok,,{20567815-1502-4120-A2ED-F49884E668B4},tpn:{20567815-1502-4120-A2ED-F49884E668B4}
JKTZ-OBJ-000673,otwor_jaskini,jaskinia,Szczelina w Kopie,Szczelina w Kopie,,T.E-13.29,Szczelina w Kopie,explicit,JKTZ-OBS-000673,TPN,152776.64,568246.59,1716.680397,,,nieokreslona,zweryfikowane,ok,,{E865E176-1122-4603-9962-145F43976534},tpn:{E865E176-1122-4603-9962-145F43976534}
JKTZ-OBJ-000674,otwor_jaskini,jaskinia,Mała Mnichowa Studzienka,Mała Mnichowa Studzienka,,T.E-13.07,Mała Mnichowa Studzienka,explicit,JKTZ-OBS-000674,TPN,153610.34,567585.87,1621.026842,,,nieokreslona,zweryfikowane,ok,,{EAA140EC-0700-42ED-9323-DBD817AE0823},tpn:{EAA140EC-0700-42ED-9323-DBD817AE0823}
JKTZ-OBJ-000675,otwor_jaskini,jaskinia,Nyża nad Kamieniem,Nyża nad Kamieniem,,,,missing,JKTZ-OBS-000675,TPN,152787.42,568165.9,1776.283327,,,nieokreslona,zweryfikowane,needs_inventory_id,Brak NR_INWENT w zrodle TPN.,{DE77AB43-68D1-4DA8-8A18-5D6DFEF2D4C7},tpn:{DE77AB43-68D1-4DA8-8A18-5D6DFEF2D4C7}
JKTZ-OBJ-000676,otwor_jaskini,jaskinia,Dziura Niżnia w Kończystej Turni,Dziura Niżnia w Kończystej Turni,,T.B-09.05,Dziura Niżnia w Kończystej Turni,explicit,JKTZ-OBS-000676,TPN,155494.46,563875.81,1146.972783,,,nieokreslona,niezweryfikowane,ok,,{DCA8221F-D3C2-4EB2-98EA-77957BB07A1A},tpn:{DCA8221F-D3C2-4EB2-98EA-77957BB07A1A}
JKTZ-OBJ-000677,otwor_jaskini,jaskinia,Szczelina w Tomanowym Grzbiecie IV,Szczelina w Tomanowym Grzbiecie IV,,T.F-10.15,Szczelina w Tomanowym Grzbiecie IV,explicit,JKTZ-OBS-000677,TPN,151827.68,565191.32,1841.788844,,,nieokreslona,niezweryfikowane,ok,,{C8241E98-B50F-4E88-AD10-6C21FA19331D},tpn:{C8241E98-B50F-4E88-AD10-6C21FA19331D}
JKTZ-OBJ-000678,otwor_jaskini,jaskinia,Nyża pod Zawracikiem,Nyża pod Zawracikiem,,T.D-17.14,Nyża pod Zawracikiem,explicit,JKTZ-OBS-000678,TPN,154170.5,571608.54,1371.679961,,,nieokreslona,zweryfikowane,ok,,{A093E32E-8C16-4623-9F60-1C7C2AC09DCE},tpn:{A093E32E-8C16-4623-9F60-1C7C2AC09DCE}
JKTZ-OBJ-000679,otwor_jaskini,jaskinia,Nyża pod Progiem w Kończystej,Nyża pod Progiem w Kończystej,,T.B-09.15,Nyża pod Progiem w Kończystej,explicit,JKTZ-OBS-000679,TPN,155508.28,564020.38,1196.543358,,,nieokreslona,niezweryfikowane,ok,,{9BA8F361-D7AA-413F-BC86-AC235940F603},tpn:{9BA8F361-D7AA-413F-BC86-AC235940F603}
JKTZ-OBJ-000680,otwor_jaskini,jaskinia,Jaskinia nad Arkadą,Jaskinia nad Arkadą,,T.E-09.05,Jaskinia nad Arkadą,explicit,JKTZ-OBS-000680,TPN,152504.94,563585.05,1229.818106,,,nieokreslona,niezweryfikowane,ok,,{7DD54883-CD0B-4435-AC99-BD56A2F25FD5},tpn:{7DD54883-CD0B-4435-AC99-BD56A2F25FD5}
JKTZ-OBJ-000681,otwor_jaskini,jaskinia,Mała Dziura Giewontowa,Mała Dziura Giewontowa,,T.C-13.05,Mała Dziura Giewontowa,explicit,JKTZ-OBS-000681,TPN,154529.59,567847.93,1330.177049,,,nieokreslona,zweryfikowane,ok,,{A4FACD90-9DA5-455D-B2C3-5732E8B41ED8},tpn:{A4FACD90-9DA5-455D-B2C3-5732E8B41ED8}
JKTZ-OBJ-000682,otwor_jaskini,jaskinia,Jaskinia z Konkrecjami Niżnia,Jaskinia z Konkrecjami Niżnia,,T.E-09.11,Jaskinia z Konkrecjami Niżnia,explicit,JKTZ-OBS-000682,TPN,152395.52,563605.92,1200.725318,,,nieokreslona,niezweryfikowane,ok,,{20E92310-E70D-4BE2-97B8-0BDB690376CB},tpn:{20E92310-E70D-4BE2-97B8-0BDB690376CB}
JKTZ-OBJ-000683,otwor_jaskini,jaskinia,Schron w Wyżniej Bramie Chochołowskiej,Schron w Wyżniej Bramie Chochołowskiej,,T.D-05.03,Schron w Wyżniej Bramie Chochołowskiej,explicit,JKTZ-OBS-000683,TPN,153537.77,559276.55,1121.712404,,,nieokreslona,zweryfikowane,ok,,{A729DAFC-15F2-4690-8C06-BABB07B05C73},tpn:{A729DAFC-15F2-4690-8C06-BABB07B05C73}
JKTZ-OBJ-000684,otwor_jaskini,jaskinia,Okap nad Kościołem,Okap nad Kościołem,,T.D-05.13,Okap nad Kościołem,explicit,JKTZ-OBS-000684,TPN,153532.23,560254.5,1409.5158,,,nieokreslona,niezweryfikowane,ok,,{2F864F67-8447-4A52-8693-906136DAA126},tpn:{2F864F67-8447-4A52-8693-906136DAA126}
JKTZ-OBJ-000685,otwor_jaskini,jaskinia,Szczelina w Mechach,Szczelina w Mechach,,,,missing,JKTZ-OBS-000685,TPN,151927.66,564677.61,1614.631441,,,nieokreslona,zweryfikowane,needs_inventory_id,Brak NR_INWENT w zrodle TPN.,{59093DE6-709C-4A98-AD99-2C2DD899B772},tpn:{59093DE6-709C-4A98-AD99-2C2DD899B772}
JKTZ-OBJ-000686,otwor_jaskini,jaskinia,Myślenicki Korytarzyk,Myślenicki Korytarzyk,,T.D-16.11,Myślenicki Korytarzyk,explicit,JKTZ-OBS-000686,TPN,154378.27,570784.74,1300.525526,,,nieokreslona,zweryfikowane,ok,,{1CB5F8E8-4DAE-4D86-A268-2901A67D921A},tpn:{1CB5F8E8-4DAE-4D86-A268-2901A67D921A}
JKTZ-OBJ-000687,otwor_jaskini,jaskinia,Schron nad Mechami,Schron nad Mechami,,,,missing,JKTZ-OBS-000687,TPN,151948.03,564707.02,1645.936019,,,nieokreslona,zweryfikowane,needs_inventory_id,Brak NR_INWENT w zrodle TPN.,{89A4EBBD-F7FF-4E0D-A814-F643E09C7D1F},tpn:{89A4EBBD-F7FF-4E0D-A814-F643E09C7D1F}
JKTZ-OBJ-000688,otwor_jaskini,jaskinia,Jaskinia Dwuotworowa Krakowska,Jaskinia Dwuotworowa Krakowska,,T.F-09.07,Jaskinia Dwuotworowa Krakowska,explicit,JKTZ-OBS-000688,TPN,152273.83,563729.09,1234.393317,,,nieokreslona,niezweryfikowane,ok,,{295326D3-B141-4D6D-8368-5AD199538330},tpn:{295326D3-B141-4D6D-8368-5AD199538330}
JKTZ-OBJ-000689,otwor_jaskini,jaskinia,Szczelina pod Siodłową Turnią,Szczelina pod Siodłową Turnią,,,,missing,JKTZ-OBS-000689,TPN,153970.75,567200.04,1426.713882,,,nieokreslona,zweryfikowane,needs_inventory_id,Brak NR_INWENT w zrodle TPN.,{34E08E1E-9AB5-42BB-8640-3C73B10D978A},tpn:{34E08E1E-9AB5-42BB-8640-3C73B10D978A}
JKTZ-OBJ-000690,otwor_jaskini,jaskinia,Szczelina w Żlebie Między Mnichy,Szczelina w Żlebie Między Mnichy,,,,missing,JKTZ-OBS-000690,TPN,153320.68,567490.78,1569.286098,,,nieokreslona,zweryfikowane,needs_inventory_id,Brak NR_INWENT w zrodle TPN.,{1C03AB0C-0DF5-4C20-95D8-07FB3B2F19C6},tpn:{1C03AB0C-0DF5-4C20-95D8-07FB3B2F19C6}
JKTZ-OBJ-000691,otwor_jaskini,jaskinia,Szczelina nad Korytem,Szczelina nad Korytem,,T.F-09.41,Szczelina nad Korytem,explicit,JKTZ-OBS-000691,TPN,152199.89,564285.43,1408.719313,,,nieokreslona,niezweryfikowane,ok,,{E7799056-8754-4539-9804-8A63D5C251B6},tpn:{E7799056-8754-4539-9804-8A63D5C251B6}
JKTZ-OBJ-000692,otwor_jaskini,jaskinia,Wnęka na Grzędzie,Wnęka na Grzędzie,,T.E-08.55,Wnęka na Grzędzie,explicit,JKTZ-OBS-000692,TPN,153034.15,562316.52,1225.560775,,,nieokreslona,niezweryfikowane,ok,,{C7A19E86-2C28-488A-B836-5BB95454937D},tpn:{C7A19E86-2C28-488A-B836-5BB95454937D}
JKTZ-OBJ-000693,otwor_jaskini,jaskinia,Schron w Skrajnej Giewonckiej Baszcie,Schron w Skrajnej Giewonckiej Baszcie,,,,missing,JKTZ-OBS-000693,TPN,154205.15,567485.78,1682.31052,,,nieokreslona,zweryfikowane,needs_inventory_id,Brak NR_INWENT w zrodle TPN.,{65764152-F017-43E3-83AD-3A672092D0BE},tpn:{65764152-F017-43E3-83AD-3A672092D0BE}
JKTZ-OBJ-000694,otwor_jaskini,jaskinia,Szczelina w Zawraciku Kasprowym I,Szczelina w Zawraciku Kasprowym I,,T.D-17.05,Szczelina w Zawraciku Kasprowym I,explicit,JKTZ-OBS-000694,TPN,154301.46,571587.76,1421.635881,,,nieokreslona,zweryfikowane,ok,,{3D779DB5-2C0A-4ACA-838F-837CB10B92C7},tpn:{3D779DB5-2C0A-4ACA-838F-837CB10B92C7}
JKTZ-OBJ-000695,otwor_jaskini,jaskinia,Nyża Giewontowa,Nyża Giewontowa,,T.C-13.03,Nyża Giewontowa,explicit,JKTZ-OBS-000695,TPN,154529.14,568023.84,1413.226198,,,nieokreslona,zweryfikowane,ok,,{D2E2DC01-2F50-45DA-B8EC-CE874A3C0A46},tpn:{D2E2DC01-2F50-45DA-B8EC-CE874A3C0A46}
JKTZ-OBJ-000696,otwor_jaskini,jaskinia,Schron z Nietoperzami,Schron z Nietoperzami,,T.D-16.10,Schron z Nietoperzami,explicit,JKTZ-OBS-000696,TPN,154405.91,570741.82,1237.210251,,,nieokreslona,zweryfikowane,ok,,{61615B89-B2AE-4F71-9945-2677002204DC},tpn:{61615B89-B2AE-4F71-9945-2677002204DC}
JKTZ-OBJ-000697,otwor_jaskini,jaskinia,Szczelina ze Śniegiem,Szczelina ze Śniegiem,,T.E-06.12,Szczelina ze Śniegiem,explicit,JKTZ-OBS-000697,TPN,153255.74,561246.08,1655.519521,,,nieokreslona,niezweryfikowane,ok,,{F19E1C88-7DD7-442B-ADAC-22E66574977F},tpn:{F19E1C88-7DD7-442B-ADAC-22E66574977F}
JKTZ-OBJ-000698,otwor_jaskini,jaskinia,Schron Partyzantów II,Schron Partyzantów II,,T.D-12.17,Schron Partyzantów II,explicit,JKTZ-OBS-000698,TPN,153857.74,566553.66,1435.492835,,,nieokreslona,zweryfikowane,ok,,{64D10D15-4837-482F-A725-DEBAB397039A},tpn:{64D10D15-4837-482F-A725-DEBAB397039A}
JKTZ-OBJ-000699,otwor_jaskini,jaskinia,Jaskinia Lodowa Miętusia,Jaskinia Lodowa Miętusia,,T.E-11.29,Jaskinia Lodowa Miętusia,explicit,JKTZ-OBS-000699,TPN,152881.34,565615.98,1586.427564,,,nieokreslona,zweryfikowane,ok,,{5FA88085-AACE-43B4-A071-6D20C2C4B1AB},tpn:{5FA88085-AACE-43B4-A071-6D20C2C4B1AB}
JKTZ-OBJ-000700,otwor_jaskini,jaskinia,"Jaskinia Mroźna, wyjscie z trasy turystycznej",Jaskinia Mroźna,wyjscie z trasy turystycznej,T.D-08.07,Jaskinia Mroźna,explicit,JKTZ-OBS-000700,TPN,153950.2,563094.28,1111.121897,,,nieokreslona,zweryfikowane,ok,,{173F7FF9-4243-4A98-994F-090AC19B2905},tpn:{173F7FF9-4243-4A98-994F-090AC19B2905}
JKTZ-OBJ-000701,otwor_jaskini,jaskinia,Schron pod Kufą Zachodni,Schron pod Kufą Zachodni,,T.D-06.12,Schron pod Kufą Zachodni,explicit,JKTZ-OBS-000701,TPN,153403.97,560992.26,1622.435344,,,nieokreslona,niezweryfikowane,ok,,{A9150D50-AFB4-45BC-96AA-F74E1DDDD2EB},tpn:{A9150D50-AFB4-45BC-96AA-F74E1DDDD2EB}
JKTZ-OBJ-000702,otwor_jaskini,jaskinia,Jaskinia Lodowa w Ciemniaku,Jaskinia Lodowa w Ciemniaku,,T.F-10.01,Jaskinia Lodowa w Ciemniaku,explicit,JKTZ-OBS-000702,TPN,152212.64,564952.38,1710.855862,,,nieokreslona,zweryfikowane,ok,,{DC69EA53-9BC8-4686-8D78-6901AA0B3615},tpn:{DC69EA53-9BC8-4686-8D78-6901AA0B3615}
JKTZ-OBJ-000703,otwor_jaskini,jaskinia,Szczelina w Wołowym Żlebie,Szczelina w Wołowym Żlebie,,T.D-10.10,Szczelina w Wołowym Żlebie,explicit,JKTZ-OBS-000703,TPN,153703.41,565132.71,1284.812435,,,nieokreslona,niezweryfikowane,ok,,{26544190-6761-48E5-A785-82C9F8770F08},tpn:{26544190-6761-48E5-A785-82C9F8770F08}
JKTZ-OBJ-000704,otwor_jaskini,jaskinia,Nisza Wschodnia,Nisza Wschodnia,,T.E-07.20,Nisza Wschodnia,explicit,JKTZ-OBS-000704,TPN,153126.19,561941.23,1348.927734,,,nieokreslona,niezweryfikowane,ok,,{EC3D26E8-3EF2-429F-A9E2-9A0EAE769683},tpn:{EC3D26E8-3EF2-429F-A9E2-9A0EAE769683}
JKTZ-OBJ-000705,otwor_jaskini,jaskinia,Chuda Mnichowa Studnia,Chuda Mnichowa Studnia,,T.E-13.06,Chuda Mnichowa Studnia,explicit,JKTZ-OBS-000705,TPN,153595.2,567576.86,1643.968255,,,nieokreslona,zweryfikowane,ok,,{7DE13767-8B01-4844-9360-663713A2AFB2},tpn:{7DE13767-8B01-4844-9360-663713A2AFB2}
JKTZ-OBJ-000706,otwor_jaskini,jaskinia,Jaskinia w Jatkach,Jaskinia w Jatkach,,T.B-12.04,Jaskinia w Jatkach,explicit,JKTZ-OBS-000706,TPN,155591.15,566946.52,1361.759402,,,nieokreslona,zweryfikowane,ok,,{41696577-6EB8-4D71-BDE5-A9CCA5F79FB9},tpn:{41696577-6EB8-4D71-BDE5-A9CCA5F79FB9}
JKTZ-OBJ-000707,otwor_jaskini,jaskinia,Dziura w Żlebku,Dziura w Żlebku,,T.B-09.11,Dziura w Żlebku,explicit,JKTZ-OBS-000707,TPN,155412.89,564112.72,1100.191431,,,nieokreslona,niezweryfikowane,ok,,{83869A78-6375-4F82-BC45-CBED0F9B7236},tpn:{83869A78-6375-4F82-BC45-CBED0F9B7236}
JKTZ-OBJ-000708,otwor_jaskini,jaskinia,Szczelina w Tomanowym Grzbiecie II,Szczelina w Tomanowym Grzbiecie II,,T.F-10.13,Szczelina w Tomanowym Grzbiecie II,explicit,JKTZ-OBS-000708,TPN,151753.84,565158.29,1787.026494,,,nieokreslona,niezweryfikowane,ok,,{EA53B16C-7EFE-4446-B312-53E2EF18A6AE},tpn:{EA53B16C-7EFE-4446-B312-53E2EF18A6AE}
JKTZ-OBJ-000709,otwor_jaskini,jaskinia,Jaskinia Obłazkowa,Jaskinia Obłazkowa,,T.E-08.05,Jaskinia Obłazkowa,explicit,JKTZ-OBS-000709,TPN,152789.25,562735.51,1098.389054,,,nieokreslona,zweryfikowane,ok,,{3D465399-A847-4F89-932C-4EB8A276D32E},tpn:{3D465399-A847-4F89-932C-4EB8A276D32E}
JKTZ-OBJ-000710,otwor_jaskini,jaskinia,Szczelina nad Tomanową I,Szczelina nad Tomanową I,,T.F-11.21,Szczelina nad Tomanową I,explicit,JKTZ-OBS-000710,TPN,151740.21,565753.32,2022.552263,,,nieokreslona,niezweryfikowane,ok,,{B97D332C-9BD6-4D9F-9D91-1B352CC48F65},tpn:{B97D332C-9BD6-4D9F-9D91-1B352CC48F65}
JKTZ-OBJ-000711,otwor_jaskini,jaskinia,Jaskinia pod Wierchem,Jaskinia pod Wierchem,,T.E-11.15,Jaskinia pod Wierchem,explicit,JKTZ-OBS-000711,TPN,152827.17,565450.78,1787.498142,,,nieokreslona,niezweryfikowane,ok,,{D8AC40BD-78E3-43CE-A8AD-D30F91A16A0E},tpn:{D8AC40BD-78E3-43CE-A8AD-D30F91A16A0E}
JKTZ-OBJ-000712,otwor_jaskini,jaskinia,Schron z Watrą,Schron z Watrą,,T.F-09.16,Schron z Watrą,explicit,JKTZ-OBS-000712,TPN,152301.6,563607.4,1248.081707,,,nieokreslona,niezweryfikowane,ok,,{764EEC91-D596-4ABC-968C-5CCB91C00716},tpn:{764EEC91-D596-4ABC-968C-5CCB91C00716}
JKTZ-OBJ-000713,sztolnia,sztolnia,Sztolnia w Dolinie Białego nr 3,Sztolnia w Dolinie Białego nr 3,,,,missing,JKTZ-OBS-000713,TPN,156598.55,569554.93,980.5769926,,,nieokreslona,niezweryfikowane,needs_inventory_id,Brak NR_INWENT w zrodle TPN.,{8393A2D7-0BDE-48E7-AE6E-089C8051B123},tpn:{8393A2D7-0BDE-48E7-AE6E-089C8051B123}
JKTZ-OBJ-000714,otwor_jaskini,jaskinia,Dziura nad Jaskinią Śpiących Rycerzy II,Dziura nad Jaskinią Śpiących Rycerzy II,,T.D-12.21,Dziura nad Jaskinią Śpiących Rycerzy II,explicit,JKTZ-OBS-000714,TPN,154031.52,567183.09,1427.296599,,,nieokreslona,zweryfikowane,ok,,{8113B0C4-79D8-45C3-A506-457B508FE4B7},tpn:{8113B0C4-79D8-45C3-A506-457B508FE4B7}
JKTZ-OBJ-000715,sztolnia,sztolnia,Sztolnia w Ornaczańskim Żlebie nr 1,Sztolnia w Ornaczańskim Żlebie nr 1,,,,missing,JKTZ-OBS-000715,TPN,150644.08,561545.17,1395.61906,,,nieokreslona,niezweryfikowane,needs_inventory_id,Brak NR_INWENT w zrodle TPN.,{2421D669-E136-4ED2-AE27-9BCFE57BC6D7},tpn:{2421D669-E136-4ED2-AE27-9BCFE57BC6D7}
JKTZ-OBJ-000716,otwor_jaskini,jaskinia,Jaskinia Maleńka w Smreczyńskim Wierchu,Jaskinia Maleńka w Smreczyńskim Wierchu,,T.J-09.01,Jaskinia Maleńka w Smreczyńskim Wierchu,explicit,JKTZ-OBS-000716,TPN,149427.41,564661.08,1852.89617,,,nieokreslona,niezweryfikowane,ok,,{C990316E-782B-4DBE-9950-85221E5B8B87},tpn:{C990316E-782B-4DBE-9950-85221E5B8B87}
JKTZ-OBJ-000717,otwor_jaskini,jaskinia,Szczelina w Ciemniaku,Szczelina w Ciemniaku,,T.F-11.13,Szczelina w Ciemniaku,explicit,JKTZ-OBS-000717,TPN,151963.77,565574.58,2063.632651,,,nieokreslona,niezweryfikowane,ok,,{A6E61383-A092-42AE-9DB1-A94025A44F16},tpn:{A6E61383-A092-42AE-9DB1-A94025A44F16}
JKTZ-OBJ-000718,otwor_jaskini,jaskinia,Szczelina przy Mostku,Szczelina przy Mostku,,T.E-08.41,Szczelina przy Mostku,explicit,JKTZ-OBS-000718,TPN,152416.8,562641.18,1057.775768,,,nieokreslona,zweryfikowane,ok,,{C7EB5F79-B585-41E4-B219-7F3C9A810C2F},tpn:{C7EB5F79-B585-41E4-B219-7F3C9A810C2F}
JKTZ-OBJ-000719,otwor_jaskini,jaskinia,Szczelina nad Tomanową II,Szczelina nad Tomanową II,,T.F-11.22,Szczelina nad Tomanową II,explicit,JKTZ-OBS-000719,TPN,151752.44,565742.86,2027.837951,,,nieokreslona,niezweryfikowane,ok,,{91874B53-AFAD-461F-B29C-7C2F0786F69B},tpn:{91874B53-AFAD-461F-B29C-7C2F0786F69B}
JKTZ-OBJ-000720,otwor_jaskini,jaskinia,Kopalnia Maturka,Kopalnia Maturka,,T.D-08.35,Kopalnia Maturka,explicit,JKTZ-OBS-000720,TPN,153562.06,562547.46,1254.939106,,,nieokreslona,niezweryfikowane,ok,,{8E0F8AD4-90C0-4C1A-AFB2-4DF81B3985F5},tpn:{8E0F8AD4-90C0-4C1A-AFB2-4DF81B3985F5}
JKTZ-OBJ-000721,otwor_jaskini,jaskinia,Schron w Wysokim Grzbiecie,Schron w Wysokim Grzbiecie,,,,missing,JKTZ-OBS-000721,TPN,152138.83,564874.31,1700.956808,,,nieokreslona,zweryfikowane,needs_inventory_id,Brak NR_INWENT w zrodle TPN.,{5AB5C041-C89D-4653-B05B-31EA2E8EB461},tpn:{5AB5C041-C89D-4653-B05B-31EA2E8EB461}
JKTZ-OBJ-000722,otwor_jaskini,jaskinia,Dziura nad Żlebem,Dziura nad Żlebem,,T.E-09.31,Dziura nad Żlebem,explicit,JKTZ-OBS-000722,TPN,152590.56,563534.78,1234.895022,,,nieokreslona,niezweryfikowane,ok,,{6028A57D-EF11-4296-BDBA-5DC639D14F39},tpn:{6028A57D-EF11-4296-BDBA-5DC639D14F39}
JKTZ-OBJ-000723,otwor_jaskini,jaskinia,Nyża z Kozicami,Nyża z Kozicami,,T.D-12.16,Nyża z Kozicami,explicit,JKTZ-OBS-000723,TPN,153820.48,566414.09,1518.939249,,,nieokreslona,zweryfikowane,ok,,{2C544599-D64B-4911-8940-973FE33F8F81},tpn:{2C544599-D64B-4911-8940-973FE33F8F81}
JKTZ-OBJ-000724,otwor_jaskini,jaskinia,Schron przed Sową II,Schron przed Sową II,,T.D-08.33,Schron przed Sową II,explicit,JKTZ-OBS-000724,TPN,153858.02,562928.48,991.4190014,,,nieokreslona,niezweryfikowane,ok,,{E1E6FD89-D23C-4B2E-818C-7F16FAF9251A},tpn:{E1E6FD89-D23C-4B2E-818C-7F16FAF9251A}
JKTZ-OBJ-000725,otwor_jaskini,jaskinia,Jaskinia za Siedmiu Progami,Jaskinia za Siedmiu Progami,,T.F-09.13,Jaskinia za Siedmiu Progami,explicit,JKTZ-OBS-000725,TPN,152176.65,564360.41,1460.720658,,,nieokreslona,zweryfikowane,ok,,{9633BE48-B494-4D12-A92D-7A0900CA7D46},tpn:{9633BE48-B494-4D12-A92D-7A0900CA7D46}
JKTZ-OBJ-000726,otwor_jaskini,jaskinia,Schron w Upłazkowej Turni,Schron w Upłazkowej Turni,,T.E-09.36,Schron w Upłazkowej Turni,explicit,JKTZ-OBS-000726,TPN,152583.68,563992.78,1604.235477,,,nieokreslona,niezweryfikowane,ok,,{8957DFC3-DD21-4E3C-94E6-374D9BCB1D9B},tpn:{8957DFC3-DD21-4E3C-94E6-374D9BCB1D9B}
JKTZ-OBJ-000727,otwor_jaskini,jaskinia,Podwójna Szczelina,Podwójna Szczelina,,T.D-10.09,Podwójna Szczelina,explicit,JKTZ-OBS-000727,TPN,153707.75,565107.61,1294.540027,,,nieokreslona,niezweryfikowane,ok,,{3C126795-BABC-4D81-B482-270C24629384},tpn:{3C126795-BABC-4D81-B482-270C24629384}
JKTZ-OBJ-000728,otwor_jaskini,jaskinia,Szczelina w Zawraciku Kasprowym II,Szczelina w Zawraciku Kasprowym II,,T.D-17.07,Szczelina w Zawraciku Kasprowym II,explicit,JKTZ-OBS-000728,TPN,154269.74,571615.12,1447.488057,,,nieokreslona,zweryfikowane,ok,,{CC4B47CE-2FAC-48A4-845F-72491B53A27A},tpn:{CC4B47CE-2FAC-48A4-845F-72491B53A27A}
JKTZ-OBJ-000729,otwor_jaskini,jaskinia,Jaskinia w Zbójnickiej Turni,Jaskinia w Zbójnickiej Turni,,T.E-08.70,Jaskinia w Zbójnickiej Turni,explicit,JKTZ-OBS-000729,TPN,152462.56,562969.45,1277.036537,,,nieokreslona,niezweryfikowane,ok,,{607C3858-E4FD-4470-982E-19DEC353648D},tpn:{607C3858-E4FD-4470-982E-19DEC353648D}
JKTZ-OBJ-000730,otwor_jaskini,jaskinia,Lustrzany Korytarz,Lustrzany Korytarz,,T.E-09.45,Lustrzany Korytarz,explicit,JKTZ-OBS-000730,TPN,152595.77,563919.12,1487.553331,,,nieokreslona,niezweryfikowane,ok,,{50026E60-AAE0-43B5-914D-445812703942},tpn:{50026E60-AAE0-43B5-914D-445812703942}
JKTZ-OBJ-000731,otwor_jaskini,jaskinia,Dziura pod Nosalem,Dziura pod Nosalem,,T.A-17.01,Dziura pod Nosalem,explicit,JKTZ-OBS-000731,TPN,157232.17,571476.94,997.341886,,,nieokreslona,zweryfikowane,ok,,{74D4DC1C-397E-4AB7-9F58-1F8AFBD78271},tpn:{74D4DC1C-397E-4AB7-9F58-1F8AFBD78271}
JKTZ-OBJ-000732,sztolnia,sztolnia,Sztolnia w Żlebie Baniste,Sztolnia w Żlebie Baniste,,,,missing,JKTZ-OBS-000732,TPN,151305.4,560319.75,1581.658575,,,nieokreslona,niezweryfikowane,needs_inventory_id,Brak NR_INWENT w zrodle TPN.,{F3B07F48-0F30-4692-BBCA-96A387DF1FC5},tpn:{F3B07F48-0F30-4692-BBCA-96A387DF1FC5}
JKTZ-OBJ-000733,otwor_jaskini,jaskinia,Kozie Okna,Kozie Okna,,T.D-13.09,Kozie Okna,explicit,JKTZ-OBS-000733,TPN,153921.64,567369.52,1625.485956,,,nieokreslona,zweryfikowane,ok,,{E3C4A1C1-1996-48CB-8DE0-CD005E08AB08},tpn:{E3C4A1C1-1996-48CB-8DE0-CD005E08AB08}
JKTZ-OBJ-000734,otwor_jaskini,jaskinia,Jaskinia Kasprowa Wyżnia,Jaskinia Kasprowa Wyżnia,,T.D-17.01,Jaskinia Kasprowa Wyżnia,explicit,JKTZ-OBS-000734,TPN,154330.35,571595.89,1472.098417,,,nieokreslona,zweryfikowane,ok,,{B8FBBD2C-A9E1-4CFA-AAD4-14B6DC403C0C},tpn:{B8FBBD2C-A9E1-4CFA-AAD4-14B6DC403C0C}
JKTZ-OBJ-000735,otwor_jaskini,jaskinia,Szczelina w Giewoncie I,Szczelina w Giewoncie I,,T.D-14.04,Szczelina w Giewoncie I,explicit,JKTZ-OBS-000735,TPN,154444.02,568693.69,1771.240086,,,nieokreslona,zweryfikowane,ok,,{EFB77251-48CB-43CC-B6BC-9D1D9F6B8F3F},tpn:{EFB77251-48CB-43CC-B6BC-9D1D9F6B8F3F}
JKTZ-OBJ-000736,otwor_jaskini,jaskinia,Litworowa Studnia,Litworowa Studnia,,T.F-12.01,Litworowa Studnia,explicit,JKTZ-OBS-000736,TPN,152229.33,566631.43,2039.507268,,,nieokreslona,niezweryfikowane,ok,,{9B08A3B1-416C-4516-8795-A87062191FD2},tpn:{9B08A3B1-416C-4516-8795-A87062191FD2}
JKTZ-OBJ-000737,otwor_jaskini,jaskinia,Szczelina w Mnichowych Turniach I,Szczelina w Mnichowych Turniach I,,T.E-13.19,Szczelina w Mnichowych Turniach I,explicit,JKTZ-OBS-000737,TPN,153423.95,567497.1,1571.421017,,,nieokreslona,zweryfikowane,ok,,{4596EBA1-798E-4BFD-9811-26A6355E5464},tpn:{4596EBA1-798E-4BFD-9811-26A6355E5464}
JKTZ-OBJ-000738,otwor_jaskini,jaskinia,Jaskinia z Dolomitami,Jaskinia z Dolomitami,,T.E-12.10,Jaskinia z Dolomitami,explicit,JKTZ-OBS-000738,TPN,153089.2,566961.45,1845.387842,,,nieokreslona,zweryfikowane,ok,,{114AF8F2-4DBC-49D0-BED6-F85CAC8FCD7E},tpn:{114AF8F2-4DBC-49D0-BED6-F85CAC8FCD7E}
JKTZ-OBJ-000739,otwor_jaskini,jaskinia,Jaskinia Śnieżna,Jaskinia Śnieżna,,T.E-13.01,Jaskinia Śnieżna,explicit,JKTZ-OBS-000739,TPN,152932.54,567414.24,1699.800044,,,nieokreslona,zweryfikowane,ok,,{4F3D8007-20EB-412A-A46E-FE1721713639},tpn:{4F3D8007-20EB-412A-A46E-FE1721713639}
JKTZ-OBJ-000740,otwor_jaskini,jaskinia,Okno za Kościołem,Okno za Kościołem,,,,missing,JKTZ-OBS-000740,TPN,153582.99,560347.17,1329.569795,,,nieokreslona,zweryfikowane,needs_inventory_id,Brak NR_INWENT w zrodle TPN.,{707B1C99-9EF6-457B-802C-D1B009933612},tpn:{707B1C99-9EF6-457B-802C-D1B009933612}
JKTZ-OBJ-000741,otwor_jaskini,jaskinia,Jaskinia w Kondratowych Basztach,Jaskinia w Kondratowych Basztach,,,,missing,JKTZ-OBS-000741,TPN,153457.93,567991.32,1645.552278,,,nieokreslona,zweryfikowane,needs_inventory_id,Brak NR_INWENT w zrodle TPN.,{35C7E917-A53F-4A9B-AB4A-7D44B6B7915E},tpn:{35C7E917-A53F-4A9B-AB4A-7D44B6B7915E}
JKTZ-OBJ-000742,sztolnia,sztolnia,Sztolnia - Kopalnia w Wantulach I,Sztolnia - Kopalnia w Wantulach I,,,,missing,JKTZ-OBS-000742,TPN,154130.26,565584.66,1299.766751,,,nieokreslona,niezweryfikowane,needs_inventory_id,Brak NR_INWENT w zrodle TPN.,{F44F49D6-8702-477C-99CC-83278DFA8C32},tpn:{F44F49D6-8702-477C-99CC-83278DFA8C32}
JKTZ-OBJ-000743,otwor_jaskini,jaskinia,Nyża nad Ziobrową,Nyża nad Ziobrową,,T.E-08.43,Nyża nad Ziobrową,explicit,JKTZ-OBS-000743,TPN,152697.99,562910.18,1147.685925,,,nieokreslona,niezweryfikowane,ok,,{4E07A949-607F-4A3A-AD34-2921F3660890},tpn:{4E07A949-607F-4A3A-AD34-2921F3660890}
JKTZ-OBJ-000744,otwor_jaskini,jaskinia,Nisza przy Szemrzącym Schronie I,Nisza przy Szemrzącym Schronie I,,T.D-06.15,Nisza przy Szemrzącym Schronie I,explicit,JKTZ-OBS-000744,TPN,153398.73,561172.33,1512.202206,,,nieokreslona,niezweryfikowane,ok,,{1B063C24-A127-41E2-87E8-9C3F271FF79B},tpn:{1B063C24-A127-41E2-87E8-9C3F271FF79B}
JKTZ-OBJ-000745,otwor_jaskini,jaskinia,Jaskinia za Płytą,Jaskinia za Płytą,,T.E-11.21,Jaskinia za Płytą,explicit,JKTZ-OBS-000745,TPN,153282.49,566146.9,1626.928726,,,nieokreslona,zweryfikowane,ok,,{2ABF287A-F4BB-41EE-9481-9347512E18A6},tpn:{2ABF287A-F4BB-41EE-9481-9347512E18A6}
JKTZ-OBJ-000746,otwor_jaskini,jaskinia,Schron nad Przełączką,Schron nad Przełączką,,T.D-18.02,Schron nad Przełączką,explicit,JKTZ-OBS-000746,TPN,154195.38,572294.18,1420.582451,,,nieokreslona,zweryfikowane,ok,,{781BAA2F-37F9-41B5-B9E8-CA37F560E463},tpn:{781BAA2F-37F9-41B5-B9E8-CA37F560E463}
JKTZ-OBJ-000747,otwor_jaskini,jaskinia,Jaskinia Wołoszyńska Wyżnia,Jaskinia Wołoszyńska Wyżnia,,T.E-25.01,Jaskinia Wołoszyńska Wyżnia,explicit,JKTZ-OBS-000747,TPN,153548.27,579231.7,1168.836962,,,nieokreslona,zweryfikowane,ok,,{6B5E19D2-8F06-4BF1-9144-08290C5063AD},tpn:{6B5E19D2-8F06-4BF1-9144-08290C5063AD}
JKTZ-OBJ-000748,otwor_jaskini,jaskinia,Nyża pod Bańdziochem,Nyża pod Bańdziochem,,T.E-07.45,Nyża pod Bańdziochem,explicit,JKTZ-OBS-000748,TPN,153107.17,561864.77,1477.024846,,,nieokreslona,niezweryfikowane,ok,,{069E157B-F7B8-47A9-84D7-BE52ECE92ECF},tpn:{069E157B-F7B8-47A9-84D7-BE52ECE92ECF}
JKTZ-OBJ-000749,otwor_jaskini,jaskinia,Jaskinia Smytnia,Jaskinia Smytnia,,T.E-07.15,Jaskinia Smytnia,explicit,JKTZ-OBS-000749,TPN,153104.58,561286.09,1733.915034,,,nieokreslona,niezweryfikowane,ok,,{3312298E-CAF0-4380-AC6C-35F11D4DB105},tpn:{3312298E-CAF0-4380-AC6C-35F11D4DB105}
JKTZ-OBJ-000750,otwor_jaskini,jaskinia,Kominek Giewontowy,Kominek Giewontowy,,T.C-13.04,Kominek Giewontowy,explicit,JKTZ-OBS-000750,TPN,154521.38,568033.36,1435.602253,,,nieokreslona,zweryfikowane,ok,,{81712475-F2DF-46A3-8337-99E16CBCAD17},tpn:{81712475-F2DF-46A3-8337-99E16CBCAD17}
JKTZ-OBJ-000751,otwor_jaskini,jaskinia,Schron pod Mnichem,Schron pod Mnichem,,T.E-13.32,Schron pod Mnichem,explicit,JKTZ-OBS-000751,TPN,153613.34,567432.31,1503.469018,,,nieokreslona,zweryfikowane,ok,,{33F96199-0B06-403E-BB79-DA2335AE77C4},tpn:{33F96199-0B06-403E-BB79-DA2335AE77C4}
JKTZ-OBJ-000752,otwor_jaskini,jaskinia,Jaskinia przy Jędrusiowej Dziurze,Jaskinia przy Jędrusiowej Dziurze,,T.E-12.45,Jaskinia przy Jędrusiowej Dziurze,explicit,JKTZ-OBS-000752,TPN,153126.78,567232.89,1560.056048,,,nieokreslona,zweryfikowane,ok,,{FC571A5A-9E84-46EF-B4B4-A9B2E1040D08},tpn:{FC571A5A-9E84-46EF-B4B4-A9B2E1040D08}
JKTZ-OBJ-000753,otwor_jaskini,jaskinia,Studnia w Dziurawem,Studnia w Dziurawem,,T.E-11.02,Studnia w Dziurawem,explicit,JKTZ-OBS-000753,TPN,153178.35,565311.54,1528.16973,,,nieokreslona,niezweryfikowane,ok,,{2E4C8A2F-D6D3-4073-8747-DA85E8F3BA3E},tpn:{2E4C8A2F-D6D3-4073-8747-DA85E8F3BA3E}
JKTZ-OBJ-000754,sztolnia,sztolnia,Sztolnia w Bramie Kantaka nr 1,Sztolnia w Bramie Kantaka nr 1,,,,missing,JKTZ-OBS-000754,TPN,156303.95,563206.92,934.3417386,,,nieokreslona,niezweryfikowane,needs_inventory_id,Brak NR_INWENT w zrodle TPN.,{7FD8BAB1-A46D-4ABA-8DEC-683933F2CAFD},tpn:{7FD8BAB1-A46D-4ABA-8DEC-683933F2CAFD}
JKTZ-OBJ-000755,otwor_jaskini,jaskinia,Schron w Depresji Strzebońskiego,Schron w Depresji Strzebońskiego,,,,missing,JKTZ-OBS-000755,TPN,153576.07,566932.4,1618.96432,,,nieokreslona,zweryfikowane,needs_inventory_id,Brak NR_INWENT w zrodle TPN.,{66B3CF2A-364B-4A5A-BCE4-53EA7F74F4CA},tpn:{66B3CF2A-364B-4A5A-BCE4-53EA7F74F4CA}
JKTZ-OBJ-000756,otwor_jaskini,jaskinia,Schrony nad Okapami,Schrony nad Okapami,,T.E-11.42,Schrony nad Okapami,explicit,JKTZ-OBS-000756,TPN,152870,565626.19,1667.233671,,,nieokreslona,zweryfikowane,ok,,{9CD8A8CB-FBD5-447B-842B-2D4C1552B367},tpn:{9CD8A8CB-FBD5-447B-842B-2D4C1552B367}
JKTZ-OBJ-000757,otwor_jaskini,jaskinia,Dziura w Małym Giewoncie,Dziura w Małym Giewoncie,,,,missing,JKTZ-OBS-000757,TPN,154144.43,567509.56,1686.297099,,,nieokreslona,zweryfikowane,needs_inventory_id,Brak NR_INWENT w zrodle TPN.,{5BD9E6E5-330D-45C1-BB5B-27F0A57D8CF0},tpn:{5BD9E6E5-330D-45C1-BB5B-27F0A57D8CF0}
JKTZ-OBJ-000758,otwor_jaskini,jaskinia,Zielone Kominy,Zielone Kominy,,T.E-11.14,Zielone Kominy,explicit,JKTZ-OBS-000758,TPN,152998.83,565516.21,1486.842176,,,nieokreslona,niezweryfikowane,ok,,{7E9C3D95-A09F-4D78-9629-C331F80C637F},tpn:{7E9C3D95-A09F-4D78-9629-C331F80C637F}
JKTZ-OBJ-000759,otwor_jaskini,jaskinia,"Jaskinia Mylna, N",Jaskinia Mylna,N,T.E-08.04,Jaskinia Mylna,explicit,JKTZ-OBS-000759,TPN,152920.16,562797.66,1095.805132,,,nieokreslona,tpn_weryf_4,ok,,{01A58CFE-5670-42A3-ADE1-715CF1F1E7A4},tpn:{01A58CFE-5670-42A3-ADE1-715CF1F1E7A4}
JKTZ-OBJ-000760,otwor_jaskini,jaskinia,Dziura pod Mylną,Dziura pod Mylną,,T.E-08.10,Dziura pod Mylną,explicit,JKTZ-OBS-000760,TPN,152762.86,562722.6,1080.828925,,,nieokreslona,zweryfikowane,ok,,{A7FDBA99-2690-4E5D-9B11-6E4E70EE306B},tpn:{A7FDBA99-2690-4E5D-9B11-6E4E70EE306B}
JKTZ-OBJ-000761,otwor_jaskini,jaskinia,Dziura nad Trawiastym Progiem,Dziura nad Trawiastym Progiem,,T.F-09.21,Dziura nad Trawiastym Progiem,explicit,JKTZ-OBS-000761,TPN,152228.28,563783.27,1248.763645,,,nieokreslona,niezweryfikowane,ok,,{315D798D-E0B0-4952-AC05-93BC41FD6F72},tpn:{315D798D-E0B0-4952-AC05-93BC41FD6F72}
JKTZ-OBJ-000762,otwor_jaskini,jaskinia,Nyża pod Wielką Turnią,Nyża pod Wielką Turnią,,T.E-12.63,Nyża pod Wielką Turnią,explicit,JKTZ-OBS-000762,TPN,153271.08,567023.83,1746.94018,,,nieokreslona,zweryfikowane,ok,,{EE9B7E38-0583-41B5-8830-9F0D3183CC31},tpn:{EE9B7E38-0583-41B5-8830-9F0D3183CC31}
JKTZ-OBJ-000763,otwor_jaskini,jaskinia,Szczelina nad Lodową,Szczelina nad Lodową,,T.F-10.02,Szczelina nad Lodową,explicit,JKTZ-OBS-000763,TPN,151925.32,564692.25,1625.904434,,,nieokreslona,zweryfikowane,ok,,{ECE55B1D-8772-43EB-85B7-F5B1C8D886C6},tpn:{ECE55B1D-8772-43EB-85B7-F5B1C8D886C6}
JKTZ-OBJ-000764,otwor_jaskini,jaskinia,Dziura przy Lodowej Małołąckiej III,Dziura przy Lodowej Małołąckiej III,,T.E-13.22,Dziura przy Lodowej Małołąckiej III,explicit,JKTZ-OBS-000764,TPN,153266.53,567576.86,1669.279678,,,nieokreslona,zweryfikowane,ok,,{444496BC-C16D-492C-AC5B-0FA45E9ADD78},tpn:{444496BC-C16D-492C-AC5B-0FA45E9ADD78}
JKTZ-OBJ-000765,otwor_jaskini,jaskinia,Mokra Szczelina,Mokra Szczelina,,T.F-09.27,Mokra Szczelina,explicit,JKTZ-OBS-000765,TPN,152357.02,563888.82,1367.166961,,,nieokreslona,niezweryfikowane,ok,,{F56EFD6C-15FF-48CE-BF53-A33738E3BDDF},tpn:{F56EFD6C-15FF-48CE-BF53-A33738E3BDDF}
JKTZ-OBJ-000766,otwor_jaskini,jaskinia,Jaskinia Lodowa Litworowa,Jaskinia Lodowa Litworowa,,T.E-11.10,Jaskinia Lodowa Litworowa,explicit,JKTZ-OBS-000766,TPN,152979.93,565891.65,1574.186504,,,nieokreslona,zweryfikowane,ok,,{70F662B2-3D79-4BCA-9C24-971DD57D8DBF},tpn:{70F662B2-3D79-4BCA-9C24-971DD57D8DBF}
JKTZ-OBJ-000767,otwor_jaskini,jaskinia,Korytarz za Kościołem,Korytarz za Kościołem,,,,missing,JKTZ-OBS-000767,TPN,153581.68,560345.62,1331.333995,,,nieokreslona,zweryfikowane,needs_inventory_id,Brak NR_INWENT w zrodle TPN.,{5A05ABCB-F94D-478E-B4F7-EDC0F40B9D69},tpn:{5A05ABCB-F94D-478E-B4F7-EDC0F40B9D69}
JKTZ-OBJ-000768,otwor_jaskini,jaskinia,Schron ze Świeczką,Schron ze Świeczką,,T.D-08.52,Schron ze Świeczką,explicit,JKTZ-OBS-000768,TPN,153981.3,563054.17,1079.99751,,,nieokreslona,niezweryfikowane,ok,,{19484418-EF5D-48EA-92E9-F424A9F7D3A5},tpn:{19484418-EF5D-48EA-92E9-F424A9F7D3A5}
JKTZ-OBJ-000769,otwor_jaskini,jaskinia,Studnia w Giewoncie,Studnia w Giewoncie,,T.D-14.07,Studnia w Giewoncie,explicit,JKTZ-OBS-000769,TPN,154319.88,568336.48,1855.710131,,,nieokreslona,zweryfikowane,ok,,{FB4A2A89-B8BF-4B13-A919-9EA7275B42B0},tpn:{FB4A2A89-B8BF-4B13-A919-9EA7275B42B0}
JKTZ-OBJ-000770,otwor_jaskini,jaskinia,Studnia w Dziurawej Czubie,Studnia w Dziurawej Czubie,,T.K-21.01,Studnia w Dziurawej Czubie,explicit,JKTZ-OBS-000770,TPN,147928.41,576016.5,1976.819139,,,nieokreslona,niezweryfikowane,ok,,{1EA40E28-3959-4489-BE4D-320BB3821154},tpn:{1EA40E28-3959-4489-BE4D-320BB3821154}
JKTZ-OBJ-000771,otwor_jaskini,jaskinia,Żwirowa Dziura Wyżnia,Żwirowa Dziura Wyżnia,,T.D-09.05,Żwirowa Dziura Wyżnia,explicit,JKTZ-OBS-000771,TPN,153828.47,563247.14,1296.789712,,,nieokreslona,niezweryfikowane,ok,,{FF2E3D30-4435-485B-8B52-87596B98961B},tpn:{FF2E3D30-4435-485B-8B52-87596B98961B}
JKTZ-OBJ-000772,otwor_jaskini,jaskinia,Okap z Kurtyną,Okap z Kurtyną,,T.F-09.38,Okap z Kurtyną,explicit,JKTZ-OBS-000772,TPN,152051.38,563940,1339.111516,,,nieokreslona,niezweryfikowane,ok,,{255F6EBD-01AB-4DC0-B4C5-363DC5A6805D},tpn:{255F6EBD-01AB-4DC0-B4C5-363DC5A6805D}
JKTZ-OBJ-000773,otwor_jaskini,jaskinia,Nyża nad Grotą w Jaworzyńskim Żlebie,Nyża nad Grotą w Jaworzyńskim Żlebie,,T.A-24.05,Nyża nad Grotą w Jaworzyńskim Żlebie,explicit,JKTZ-OBS-000773,TPN,157707.42,578096.56,999.4749499,,,nieokreslona,zweryfikowane,ok,,{4DB0090D-4B30-4855-9A30-0E0D5644EC74},tpn:{4DB0090D-4B30-4855-9A30-0E0D5644EC74}
JKTZ-OBJ-000774,otwor_jaskini,jaskinia,Kominek obok Ciasnej w Groniu,Kominek obok Ciasnej w Groniu,,T.E-12.17,Kominek obok Ciasnej w Groniu,explicit,JKTZ-OBS-000774,TPN,153496.88,566697.05,1685.405821,,,nieokreslona,zweryfikowane,ok,,{4CFB2CA8-A771-4734-920B-C7F7AC248655},tpn:{4CFB2CA8-A771-4734-920B-C7F7AC248655}
JKTZ-OBJ-000775,otwor_jaskini,jaskinia,Kalacki Schron,Kalacki Schron,,,,missing,JKTZ-OBS-000775,TPN,154857.52,570259.23,1234.476863,,,nieokreslona,zweryfikowane,needs_inventory_id,Brak NR_INWENT w zrodle TPN.,{96B9A3DD-2F35-400C-A96C-A5B21625EC24},tpn:{96B9A3DD-2F35-400C-A96C-A5B21625EC24}
JKTZ-OBJ-000776,otwor_jaskini,jaskinia,Gawra między Gawrami,Gawra między Gawrami,,T.D-18.11,Gawra między Gawrami,explicit,JKTZ-OBS-000776,TPN,154102.93,572247.95,1524.042014,,,nieokreslona,zweryfikowane,ok,,{88AB16CE-FB30-4055-AD7A-CAF37AC79511},tpn:{88AB16CE-FB30-4055-AD7A-CAF37AC79511}
JKTZ-OBJ-000777,otwor_jaskini,jaskinia,Dziura w Ździarach Wyżnia,Dziura w Ździarach Wyżnia,,T.E-09.47,Dziura w Ździarach Wyżnia,explicit,JKTZ-OBS-000777,TPN,153107.83,563905.9,1548.753316,,,nieokreslona,niezweryfikowane,ok,,{E5D3814D-74F8-4440-B456-1ACF39F570A6},tpn:{E5D3814D-74F8-4440-B456-1ACF39F570A6}
JKTZ-OBJ-000778,otwor_jaskini,jaskinia,Komora w Jatkach,Komora w Jatkach,,T.B-12.08,Komora w Jatkach,explicit,JKTZ-OBS-000778,TPN,155752.66,567089.15,1311.048764,,,nieokreslona,zweryfikowane,ok,,{E5496BE7-4118-4DF8-A370-BC677168CEFB},tpn:{E5496BE7-4118-4DF8-A370-BC677168CEFB}
JKTZ-OBJ-000779,otwor_jaskini,jaskinia,Schron w Żlebie za Skałką,Schron w Żlebie za Skałką,,T.A-24.04,Schron w Żlebie za Skałką,explicit,JKTZ-OBS-000779,TPN,157322.24,578447.73,1068.927122,,,nieokreslona,zweryfikowane,ok,,{0C6BB0DB-F665-418B-ACAB-686DE70912E6},tpn:{0C6BB0DB-F665-418B-ACAB-686DE70912E6}
JKTZ-OBJ-000780,otwor_jaskini,jaskinia,Szczelina nad Wyżniem,Szczelina nad Wyżniem,,T.D-12.14,Szczelina nad Wyżniem,explicit,JKTZ-OBS-000780,TPN,153663.37,566758.6,1458.887462,,,nieokreslona,zweryfikowane,ok,,{A283E1DF-1674-4B26-9B78-3A321272009D},tpn:{A283E1DF-1674-4B26-9B78-3A321272009D}
JKTZ-OBJ-000781,otwor_jaskini,jaskinia,Kozi Korytarz,Kozi Korytarz,,T.D-15.01,Kozi Korytarz,explicit,JKTZ-OBS-000781,TPN,154650.61,570025.51,1400.448043,,,nieokreslona,zweryfikowane,ok,,{BD2B5E3B-74AC-4D67-BEA5-1042034D9453},tpn:{BD2B5E3B-74AC-4D67-BEA5-1042034D9453}
JKTZ-OBJ-000782,otwor_jaskini,jaskinia,Frapująca Nyża,Frapująca Nyża,,T.C-15.07,Frapująca Nyża,explicit,JKTZ-OBS-000782,TPN,154774.06,570170.87,1331.056865,,,nieokreslona,zweryfikowane,ok,,{77B2EB4E-1963-4758-8294-4C47B7C638FD},tpn:{77B2EB4E-1963-4758-8294-4C47B7C638FD}
JKTZ-OBJ-000783,otwor_jaskini,jaskinia,Jaskinia w Cycku,Jaskinia w Cycku,,T.B-17.01,Jaskinia w Cycku,explicit,JKTZ-OBS-000783,TPN,155857.3,571439.05,1108.016489,,,nieokreslona,zweryfikowane,ok,,{15727EBA-3547-418B-A741-4EEF7303A0AD},tpn:{15727EBA-3547-418B-A741-4EEF7303A0AD}
JKTZ-OBJ-000784,otwor_jaskini,jaskinia,Nyża w Smytniej,Nyża w Smytniej,,T.E-08.63,Nyża w Smytniej,explicit,JKTZ-OBS-000784,TPN,152399.48,562508.24,1127.316313,,,nieokreslona,niezweryfikowane,ok,,{B4F296BB-BE0D-4795-AA39-094016CE4391},tpn:{B4F296BB-BE0D-4795-AA39-094016CE4391}
JKTZ-OBJ-000785,otwor_jaskini,jaskinia,Schron w Dolinie Litworowej,Schron w Dolinie Litworowej,,T.E-11.59,Schron w Dolinie Litworowej,explicit,JKTZ-OBS-000785,TPN,152954.38,566292.09,1720.103321,,,nieokreslona,niezweryfikowane,ok,,{A9BD9455-6C88-479A-A94C-ACC54C9618F3},tpn:{A9BD9455-6C88-479A-A94C-ACC54C9618F3}
JKTZ-OBJ-000786,otwor_jaskini,jaskinia,Jaskinia Śpiących Rycerzy,Jaskinia Śpiących Rycerzy,,T.D-12.01,Jaskinia Śpiących Rycerzy,explicit,JKTZ-OBS-000786,TPN,154010.12,567181.88,1409.875774,,,nieokreslona,zweryfikowane,ok,,{417D3F87-6518-4E45-BF90-76F8F56A6891},tpn:{417D3F87-6518-4E45-BF90-76F8F56A6891}
JKTZ-OBJ-000787,otwor_jaskini,jaskinia,"Komora Gwiaździsta, dolny",Komora Gwiaździsta,dolny,T.E-12.33,Komora Gwiaździsta,explicit,JKTZ-OBS-000787,TPN,153487.04,566837.31,1728.827986,,,nieokreslona,zweryfikowane,ok,,{81958D61-ECFF-4A25-A80D-BC8CEA1FC7DF},tpn:{81958D61-ECFF-4A25-A80D-BC8CEA1FC7DF}
JKTZ-OBJ-000788,otwor_jaskini,jaskinia,Znana Studnia,Znana Studnia,,T.E-12.70,Znana Studnia,explicit,JKTZ-OBS-000788,TPN,153159.14,566324.4,1816.353213,,,nieokreslona,zweryfikowane,ok,,{EF904F59-7821-4046-A316-EFCB6779A2A8},tpn:{EF904F59-7821-4046-A316-EFCB6779A2A8}
JKTZ-OBJ-000789,otwor_jaskini,jaskinia,Jaskinia Zawaliskowa w Szerokiem,Jaskinia Zawaliskowa w Szerokiem,,T.F-10.09,Jaskinia Zawaliskowa w Szerokiem,explicit,JKTZ-OBS-000789,TPN,152230.94,565081.81,1807.508002,,,nieokreslona,zweryfikowane,ok,,{6BB8CD77-432C-41B9-B327-E507A43FB2B1},tpn:{6BB8CD77-432C-41B9-B327-E507A43FB2B1}
JKTZ-OBJ-000790,otwor_jaskini,jaskinia,Schronisko Dudowe Górne,Schronisko Dudowe Górne,,T.D-06.04,Schronisko Dudowe Górne,explicit,JKTZ-OBS-000790,TPN,153394.61,560599.29,1502.717824,,,nieokreslona,zweryfikowane,ok,,{5123CDFE-38A4-483D-BA34-296F32DDAC26},tpn:{5123CDFE-38A4-483D-BA34-296F32DDAC26}
JKTZ-OBJ-000791,otwor_jaskini,jaskinia,Ponor Chochołowski,Ponor Chochołowski,,,,missing,JKTZ-OBS-000791,TPN,153468.56,559118.76,1024.945389,,,nieokreslona,zweryfikowane,needs_inventory_id,Brak NR_INWENT w zrodle TPN.,{1A017868-8A43-4087-8959-E696E12E68D0},tpn:{1A017868-8A43-4087-8959-E696E12E68D0}
JKTZ-OBJ-000792,otwor_jaskini,jaskinia,Nyża przy Perci,Nyża przy Perci,,T.E-07.33,Nyża przy Perci,explicit,JKTZ-OBS-000792,TPN,152907.18,562239.91,1351.668217,,,nieokreslona,niezweryfikowane,ok,,{445CD659-54B4-4C12-B5DD-3D75678BD427},tpn:{445CD659-54B4-4C12-B5DD-3D75678BD427}
JKTZ-OBJ-000793,otwor_jaskini,jaskinia,Jaskinia Zawaliskowa Tomanowa,Jaskinia Zawaliskowa Tomanowa,,T.F-10.21,Jaskinia Zawaliskowa Tomanowa,explicit,JKTZ-OBS-000793,TPN,151699.17,565183.8,1758.972022,,,nieokreslona,niezweryfikowane,ok,,{0729F655-7478-4270-A08E-FFC931A7215F},tpn:{0729F655-7478-4270-A08E-FFC931A7215F}
JKTZ-OBJ-000794,otwor_jaskini,jaskinia,Schron w Skale Kmietowicza I,Schron w Skale Kmietowicza I,,T.C-05.04,Schron w Skale Kmietowicza I,explicit,JKTZ-OBS-000794,TPN,154758.01,559317.43,986.2565771,,,nieokreslona,zweryfikowane,ok,,{C25B7F3E-CC78-47C7-9237-8863C5ED5663},tpn:{C25B7F3E-CC78-47C7-9237-8863C5ED5663}
JKTZ-OBJ-000795,otwor_jaskini,jaskinia,Grota nad Korytem,Grota nad Korytem,,T.F-09.42,Grota nad Korytem,explicit,JKTZ-OBS-000795,TPN,152194.43,564293.58,1412.275401,,,nieokreslona,niezweryfikowane,ok,,{EE0F6F13-F675-43B3-8423-4BBB0B263580},tpn:{EE0F6F13-F675-43B3-8423-4BBB0B263580}
JKTZ-OBJ-000796,otwor_jaskini,jaskinia,Druga Krakowska Szczelina,Druga Krakowska Szczelina,,T.F-10.24,Druga Krakowska Szczelina,explicit,JKTZ-OBS-000796,TPN,151864.58,564600.93,1543.794401,,,nieokreslona,niezweryfikowane,ok,,{A976A565-9356-4C2D-9485-31F8F167E5D2},tpn:{A976A565-9356-4C2D-9485-31F8F167E5D2}
JKTZ-OBJ-000797,otwor_jaskini,jaskinia,Jaskinia Psia,Jaskinia Psia,,T.F-09.01,Jaskinia Psia,explicit,JKTZ-OBS-000797,TPN,152096.08,563503.65,1403.356689,,,nieokreslona,zweryfikowane,ok,,{4B7B7082-8D13-4190-A062-BFA884FDB62B},tpn:{4B7B7082-8D13-4190-A062-BFA884FDB62B}
JKTZ-OBJ-000798,otwor_jaskini,jaskinia,Grota nad Małą Przełączką,Grota nad Małą Przełączką,,T.F-11.18,Grota nad Małą Przełączką,explicit,JKTZ-OBS-000798,TPN,151646.19,565791.45,1989.854911,,,nieokreslona,niezweryfikowane,ok,,{42DF76DE-54B3-49CB-A115-A20A09F4F0FE},tpn:{42DF76DE-54B3-49CB-A115-A20A09F4F0FE}
JKTZ-OBJ-000799,otwor_jaskini,jaskinia,Jaskinia nad Lodową Basztą,Jaskinia nad Lodową Basztą,,,,missing,JKTZ-OBS-000799,TPN,152301.41,565015.1,1762.538152,,,nieokreslona,zweryfikowane,needs_inventory_id,Brak NR_INWENT w zrodle TPN.,{02346839-21F2-4D2C-BD00-1C9AD8615175},tpn:{02346839-21F2-4D2C-BD00-1C9AD8615175}
JKTZ-OBJ-000800,otwor_jaskini,jaskinia,Szczelina w Tomanowym Grzbiecie I,Szczelina w Tomanowym Grzbiecie I,,T.F-10.12,Szczelina w Tomanowym Grzbiecie I,explicit,JKTZ-OBS-000800,TPN,151736.93,565217.93,1788.234852,,,nieokreslona,niezweryfikowane,ok,,{49CA1C93-B861-42C0-B6E6-BF67746E362F},tpn:{49CA1C93-B861-42C0-B6E6-BF67746E362F}
JKTZ-OBJ-000801,otwor_jaskini,jaskinia,Schron pod Owczą II,Schron pod Owczą II,,T.E-09.20,Schron pod Owczą II,explicit,JKTZ-OBS-000801,TPN,152478.1,563326.84,1141.090954,,,nieokreslona,niezweryfikowane,ok,,{40BABACA-2961-4151-B400-51D2DD77EF40},tpn:{40BABACA-2961-4151-B400-51D2DD77EF40}
JKTZ-OBJ-000802,otwor_jaskini,jaskinia,Jaskinia za Ratuszem Owalna,Jaskinia za Ratuszem Owalna,,T.E-11.50,Jaskinia za Ratuszem Owalna,explicit,JKTZ-OBS-000802,TPN,153256.54,566189.14,1665.02093,,,nieokreslona,niezweryfikowane,ok,,{2D358179-7FC1-4894-AF4D-EA740E5CD480},tpn:{2D358179-7FC1-4894-AF4D-EA740E5CD480}
JKTZ-OBJ-000803,otwor_jaskini,jaskinia,Schron przed Sową I,Schron przed Sową I,,T.D-08.32,Schron przed Sową I,explicit,JKTZ-OBS-000803,TPN,153721.72,562915.09,1026.144756,,,nieokreslona,niezweryfikowane,ok,,{EE45B18B-1B00-45BC-B655-689834DBF031},tpn:{EE45B18B-1B00-45BC-B655-689834DBF031}
JKTZ-OBJ-000804,sztolnia,sztolnia,Sztolnia na Klinowej Czubie nr 5,Sztolnia na Klinowej Czubie nr 5,,,,missing,JKTZ-OBS-000804,TPN,155083.25,559840.04,1185.124364,,,nieokreslona,niezweryfikowane,needs_inventory_id,Brak NR_INWENT w zrodle TPN.,{08B81C36-6909-4560-B876-9C7A04390725},tpn:{08B81C36-6909-4560-B876-9C7A04390725}
JKTZ-OBJ-000805,otwor_jaskini,jaskinia,Szczelina w Grani I,Szczelina w Grani I,,T.E-06.11,Szczelina w Grani I,explicit,JKTZ-OBS-000805,TPN,153145.2,561224.01,1757.872363,,,nieokreslona,niezweryfikowane,ok,,{F80E3E91-D908-43A5-987D-65E6975D9B6D},tpn:{F80E3E91-D908-43A5-987D-65E6975D9B6D}
JKTZ-OBJ-000806,otwor_jaskini,jaskinia,Jaskinia Harda,Jaskinia Harda,,T.E-11.71,Jaskinia Harda,explicit,JKTZ-OBS-000806,TPN,153201.28,566067.8,1668.907354,,,nieokreslona,zweryfikowane,ok,,{31D459BD-1132-4763-98AE-E6C6299C44F5},tpn:{31D459BD-1132-4763-98AE-E6C6299C44F5}
JKTZ-OBJ-000807,otwor_jaskini,jaskinia,Jasiowa Dziura,Jasiowa Dziura,,T.E-11.25,Jasiowa Dziura,explicit,JKTZ-OBS-000807,TPN,153038.79,565515.15,1472.446242,,,nieokreslona,niezweryfikowane,ok,,{0439D7C5-6300-4945-8025-2A86C81E20DB},tpn:{0439D7C5-6300-4945-8025-2A86C81E20DB}
JKTZ-OBJ-000808,otwor_jaskini,jaskinia,Mnichowa Nyza,Mnichowa Nyza,,,,missing,JKTZ-OBS-000808,TPN,153422.6,567508.94,1590.695346,,,nieokreslona,zweryfikowane,needs_inventory_id,Brak NR_INWENT w zrodle TPN.,{EC925837-5DE2-441A-946A-B65996D0A6A4},tpn:{EC925837-5DE2-441A-946A-B65996D0A6A4}
JKTZ-OBJ-000809,otwor_jaskini,jaskinia,Kalacka Nyża II,Kalacka Nyża II,,T.C-15.11,Kalacka Nyża II,explicit,JKTZ-OBS-000809,TPN,154748.54,570068.3,1324.503618,,,nieokreslona,zweryfikowane,ok,,{F10D0469-BF4E-4F09-9619-17E434E6D204},tpn:{F10D0469-BF4E-4F09-9619-17E434E6D204}
JKTZ-OBJ-000810,otwor_jaskini,jaskinia,Wyżni Okap nad Tomanową,Wyżni Okap nad Tomanową,,T.F-11.17,Wyżni Okap nad Tomanową,explicit,JKTZ-OBS-000810,TPN,151759.45,565579.8,1922.258452,,,nieokreslona,niezweryfikowane,ok,,{F7ED4066-4249-46A1-BD73-0532D43BC278},tpn:{F7ED4066-4249-46A1-BD73-0532D43BC278}
JKTZ-OBJ-000811,otwor_jaskini,jaskinia,Dziura pod Smrekiem,Dziura pod Smrekiem,,T.F-09.05,Dziura pod Smrekiem,explicit,JKTZ-OBS-000811,TPN,152210.84,563690.78,1306.904076,,,nieokreslona,niezweryfikowane,ok,,{56768C10-58D4-4635-9BA6-35F9C835FF1A},tpn:{56768C10-58D4-4635-9BA6-35F9C835FF1A}
JKTZ-OBJ-000812,otwor_jaskini,jaskinia,Jaskinia Trójotworowa,Jaskinia Trójotworowa,,T.D-08.17,Jaskinia Trójotworowa,explicit,JKTZ-OBS-000812,TPN,153857.95,563152.39,1206.987599,,,nieokreslona,niezweryfikowane,ok,,{76410591-1AEE-45D6-8967-EBA6905FCD65},tpn:{76410591-1AEE-45D6-8967-EBA6905FCD65}
JKTZ-OBJ-000813,otwor_jaskini,jaskinia,Szczelina w Iglicy,Szczelina w Iglicy,,T.D-12.08,Szczelina w Iglicy,explicit,JKTZ-OBS-000813,TPN,153755.91,566328.51,1647.446139,,,nieokreslona,zweryfikowane,ok,,{1EE240CA-4B40-4ED9-B76A-EF432184B618},tpn:{1EE240CA-4B40-4ED9-B76A-EF432184B618}
JKTZ-OBJ-000814,otwor_jaskini,jaskinia,Ukryta Dziura,Ukryta Dziura,,T.E-12.25,Ukryta Dziura,explicit,JKTZ-OBS-000814,TPN,153185.64,566945.12,1814.823645,,,nieokreslona,zweryfikowane,ok,,{2FD22324-F388-411B-936F-A9855AE8A907},tpn:{2FD22324-F388-411B-936F-A9855AE8A907}
JKTZ-OBJ-000815,otwor_jaskini,jaskinia,Jaskinia Gankowa,Jaskinia Gankowa,,T.F-09.22,Jaskinia Gankowa,explicit,JKTZ-OBS-000815,TPN,152235.24,563744.1,1266.868822,,,nieokreslona,niezweryfikowane,ok,,{8362EC78-4722-4729-A488-E1F8D32B741F},tpn:{8362EC78-4722-4729-A488-E1F8D32B741F}
JKTZ-OBJ-000816,otwor_jaskini,jaskinia,Schron przy Troistej II,Schron przy Troistej II,,T.E-06.05,Schron przy Troistej II,explicit,JKTZ-OBS-000816,TPN,152854.93,560755.88,1764.104422,,,nieokreslona,niezweryfikowane,ok,,{6CE94674-5AC1-47CA-BE15-F216270A5E9A},tpn:{6CE94674-5AC1-47CA-BE15-F216270A5E9A}
JKTZ-OBJ-000817,otwor_jaskini,jaskinia,Kamienne Mleko,Kamienne Mleko,,T.D-04.03,Kamienne Mleko,explicit,JKTZ-OBS-000817,TPN,153415.67,558997.37,1103.902233,,,nieokreslona,zweryfikowane,ok,,{84BD5A03-8EAF-4617-8EB5-A5A297F25D8F},tpn:{84BD5A03-8EAF-4617-8EB5-A5A297F25D8F}
JKTZ-OBJ-000818,otwor_jaskini,jaskinia,Tunel nad Kominem Flacha,Tunel nad Kominem Flacha,,,,missing,JKTZ-OBS-000818,TPN,153651.35,566849.51,1579.814451,,,nieokreslona,zweryfikowane,needs_inventory_id,Brak NR_INWENT w zrodle TPN.,{717DBA7D-61BC-42EF-8F76-144786FC6700},tpn:{717DBA7D-61BC-42EF-8F76-144786FC6700}
JKTZ-OBJ-000819,otwor_jaskini,jaskinia,Koszowa Dziura,Koszowa Dziura,,T.D-22.03,Koszowa Dziura,explicit,JKTZ-OBS-000819,TPN,154025.84,576984.42,1780.576818,,,nieokreslona,niezweryfikowane,ok,,{0AE8810A-0B9D-4603-AFAA-4B699DAF628B},tpn:{0AE8810A-0B9D-4603-AFAA-4B699DAF628B}
JKTZ-OBJ-000820,otwor_jaskini,jaskinia,Jaskinia Jaszczurowska Wodna,Jaskinia Jaszczurowska Wodna,,T.Z-18.01,Jaskinia Jaszczurowska Wodna,explicit,JKTZ-OBS-000820,TPN,157830.11,572773.65,909.7399765,,,nieokreslona,zweryfikowane,ok,,{DAFFA933-33D7-464B-99E0-1DCEE5E46988},tpn:{DAFFA933-33D7-464B-99E0-1DCEE5E46988}
JKTZ-OBJ-000821,otwor_jaskini,jaskinia,Schron za Irgą,Schron za Irgą,,T.B-13.01,Schron za Irgą,explicit,JKTZ-OBS-000821,TPN,156089.89,567629.94,1091.007778,,,nieokreslona,zweryfikowane,ok,,{5F218182-F7B3-4C5D-9976-3C8D5D0B10D1},tpn:{5F218182-F7B3-4C5D-9976-3C8D5D0B10D1}
JKTZ-OBJ-000822,otwor_jaskini,jaskinia,Jaskinia Świstacza,Jaskinia Świstacza,,T.E-13.30,Jaskinia Świstacza,explicit,JKTZ-OBS-000822,TPN,152839.53,567723.91,1814.340872,,,nieokreslona,zweryfikowane,ok,,{DE04BC2C-8E52-43A7-8881-0677C9A98590},tpn:{DE04BC2C-8E52-43A7-8881-0677C9A98590}
JKTZ-OBJ-000823,otwor_jaskini,jaskinia,Dziurka w Organach,Dziurka w Organach,,T.D-08.64,Dziurka w Organach,explicit,JKTZ-OBS-000823,TPN,153615.25,563008.21,1020.339411,,,nieokreslona,niezweryfikowane,ok,,{222B5960-DC2D-45DA-A3CB-ECFF4B6B0F3D},tpn:{222B5960-DC2D-45DA-A3CB-ECFF4B6B0F3D}
JKTZ-OBJ-000824,otwor_jaskini,jaskinia,Koleba w Zawracie Kasprowym,Koleba w Zawracie Kasprowym,,,,missing,JKTZ-OBS-000824,TPN,154131.45,571853.07,1493.986906,,,nieokreslona,zweryfikowane,needs_inventory_id,Brak NR_INWENT w zrodle TPN.,{8EA8C6EF-B11F-40E9-8D87-239BEBB14CCE},tpn:{8EA8C6EF-B11F-40E9-8D87-239BEBB14CCE}
JKTZ-OBJ-000825,otwor_jaskini,jaskinia,Nyża przy Zagonie,Nyża przy Zagonie,,,,missing,JKTZ-OBS-000825,TPN,153824.92,566571.16,1403.061465,,,nieokreslona,zweryfikowane,needs_inventory_id,Brak NR_INWENT w zrodle TPN.,{E8A95D46-668D-4C6C-81BA-7D7934C67AC9},tpn:{E8A95D46-668D-4C6C-81BA-7D7934C67AC9}
JKTZ-OBJ-000826,otwor_jaskini,jaskinia,Schron nad Zakosistą,Schron nad Zakosistą,,T.F-09.25,Schron nad Zakosistą,explicit,JKTZ-OBS-000826,TPN,152292,563575.71,1276.818313,,,nieokreslona,niezweryfikowane,ok,,{BB1588FD-7C1C-45C8-BF65-2C4F8D461263},tpn:{BB1588FD-7C1C-45C8-BF65-2C4F8D461263}
JKTZ-OBJ-000827,otwor_jaskini,jaskinia,Dziura pod Zawaliskiem,Dziura pod Zawaliskiem,,T.F-10.19,Dziura pod Zawaliskiem,explicit,JKTZ-OBS-000827,TPN,151896.31,565118.98,1802.850138,,,nieokreslona,niezweryfikowane,ok,,{95A15507-01C4-41CB-82DA-858B44498FE4},tpn:{95A15507-01C4-41CB-82DA-858B44498FE4}
JKTZ-OBJ-000828,otwor_jaskini,jaskinia,Zamulona Dziura,Zamulona Dziura,,T.E-08.31,Zamulona Dziura,explicit,JKTZ-OBS-000828,TPN,152781.45,562813.6,1043.419091,,,nieokreslona,niezweryfikowane,ok,,{9FF24BB9-330C-4043-8BEE-46841B9A2DD6},tpn:{9FF24BB9-330C-4043-8BEE-46841B9A2DD6}
JKTZ-OBJ-000829,otwor_jaskini,jaskinia,Dziura w Litworowej,Dziura w Litworowej,,T.E-12.40,Dziura w Litworowej,explicit,JKTZ-OBS-000829,TPN,152986.69,566487.05,1846.585792,,,nieokreslona,zweryfikowane,ok,,{A588E4CA-D489-4EFA-8864-B4DE76CE5344},tpn:{A588E4CA-D489-4EFA-8864-B4DE76CE5344}
JKTZ-OBJ-000830,otwor_jaskini,jaskinia,Schron pod Siwiańskim Oknem,Schron pod Siwiańskim Oknem,,T.A-06.04,Schron pod Siwiańskim Oknem,explicit,JKTZ-OBS-000830,TPN,156899.4,560114.13,992.1199998,,,nieokreslona,zweryfikowane,ok,,{A05BE438-44D2-4692-B8DF-1F4236E6EDAB},tpn:{A05BE438-44D2-4692-B8DF-1F4236E6EDAB}
JKTZ-OBJ-000831,otwor_jaskini,jaskinia,Nyża w Kończystej,Nyża w Kończystej,,T.B-09.09,Nyża w Kończystej,explicit,JKTZ-OBS-000831,TPN,155505.9,563930.48,1175.672529,,,nieokreslona,niezweryfikowane,ok,,{F3AE1E5E-BA6A-4C62-86FE-A4F42892808C},tpn:{F3AE1E5E-BA6A-4C62-86FE-A4F42892808C}
JKTZ-OBJ-000832,otwor_jaskini,jaskinia,Szczelina za Okrętem III,Szczelina za Okrętem III,,T.D-08.48,Szczelina za Okrętem III,explicit,JKTZ-OBS-000832,TPN,154058.64,563068.11,1101.100481,,,nieokreslona,niezweryfikowane,ok,,{F6A2AAA7-477E-4B9F-8807-FC928412DBE2},tpn:{F6A2AAA7-477E-4B9F-8807-FC928412DBE2}
JKTZ-OBJ-000833,otwor_jaskini,jaskinia,Szpara pod Rysami,Szpara pod Rysami,,T.M-24.01,Szpara pod Rysami,explicit,JKTZ-OBS-000833,TPN,146571.18,578751.45,2046.032745,,,nieokreslona,niezweryfikowane,ok,,{527AEE0B-533C-4CB4-BC8B-443DE48EB624},tpn:{527AEE0B-533C-4CB4-BC8B-443DE48EB624}
JKTZ-OBJ-000834,otwor_jaskini,jaskinia,Jaskinia Goryczkowa,Jaskinia Goryczkowa,,T.D-16.01,Jaskinia Goryczkowa,explicit,JKTZ-OBS-000834,TPN,154332.94,570732.65,1234.324535,,,nieokreslona,zweryfikowane,ok,,{4ED006E7-929A-4A1D-AC22-238F6C929BAA},tpn:{4ED006E7-929A-4A1D-AC22-238F6C929BAA}
JKTZ-OBJ-000835,otwor_jaskini,jaskinia,Okap z Rurką,Okap z Rurką,,,,missing,JKTZ-OBS-000835,TPN,154215.04,563115.6,1084.625496,,,nieokreslona,niezweryfikowane,needs_inventory_id,Brak NR_INWENT w zrodle TPN.,{0642CC8D-3C79-4801-A619-542161381FCB},tpn:{0642CC8D-3C79-4801-A619-542161381FCB}
JKTZ-OBJ-000836,otwor_jaskini,jaskinia,Dudowa Studnia,Dudowa Studnia,,T.D-06.02,Dudowa Studnia,explicit,JKTZ-OBS-000836,TPN,153400.1,560589.98,1496.227614,,,nieokreslona,zweryfikowane,ok,,{C242125D-7C9B-42DD-B7CF-35DC6DFD5A38},tpn:{C242125D-7C9B-42DD-B7CF-35DC6DFD5A38}
JKTZ-OBJ-000837,otwor_jaskini,jaskinia,Dziura w Koniu,Dziura w Koniu,,,,missing,JKTZ-OBS-000837,TPN,155723.46,567249.68,1215.579703,,,nieokreslona,zweryfikowane,needs_inventory_id,Brak NR_INWENT w zrodle TPN.,{E958E9F6-70D1-4D6E-8A7A-9A19C3C9229B},tpn:{E958E9F6-70D1-4D6E-8A7A-9A19C3C9229B}
JKTZ-OBJ-000838,otwor_jaskini,jaskinia,Dmuchająca Szczelina,Dmuchająca Szczelina,,T.D-05.11,Dmuchająca Szczelina,explicit,JKTZ-OBS-000838,TPN,153659.33,559679.08,1218.981458,,,nieokreslona,zweryfikowane,ok,,{71535F4A-4012-4FF2-852F-459D09D48E49},tpn:{71535F4A-4012-4FF2-852F-459D09D48E49}
JKTZ-OBJ-000839,otwor_jaskini,jaskinia,Piwnica,Piwnica,,T.D-04.06,Piwnica,explicit,JKTZ-OBS-000839,TPN,153490.66,559105.7,1039.752131,,,nieokreslona,zweryfikowane,ok,,{E507331B-4EF5-461F-9336-C3D783C42A27},tpn:{E507331B-4EF5-461F-9336-C3D783C42A27}
JKTZ-OBJ-000840,otwor_jaskini,jaskinia,Dziura nad Zachodem Wyżnia,Dziura nad Zachodem Wyżnia,,T.E-09.18,Dziura nad Zachodem Wyżnia,explicit,JKTZ-OBS-000840,TPN,152446.96,563736.5,1318.045938,,,nieokreslona,niezweryfikowane,ok,,{66FF6CC1-710B-4226-B424-08A8B1EE4C7B},tpn:{66FF6CC1-710B-4226-B424-08A8B1EE4C7B}
JKTZ-OBJ-000841,otwor_jaskini,jaskinia,Dziura w Grzędzie I,Dziura w Grzędzie I,,T.E-12.14,Dziura w Grzędzie I,explicit,JKTZ-OBS-000841,TPN,152820.82,566605.29,1926.954825,,,nieokreslona,zweryfikowane,ok,,{F6542EAD-9776-4622-A7F3-EB6446DEC297},tpn:{F6542EAD-9776-4622-A7F3-EB6446DEC297}
JKTZ-OBJ-000842,otwor_jaskini,jaskinia,Dziura w Progu Litworowym,Dziura w Progu Litworowym,,T.E-11.20,Dziura w Progu Litworowym,explicit,JKTZ-OBS-000842,TPN,153111.44,565924.88,1510.121436,,,nieokreslona,zweryfikowane,ok,,{6F81C3B2-6C09-4BB1-BFC3-F16ACFBCE01D},tpn:{6F81C3B2-6C09-4BB1-BFC3-F16ACFBCE01D}
JKTZ-OBJ-000843,otwor_jaskini,jaskinia,Jaskinia nad Kotlinami,Jaskinia nad Kotlinami,,T.E-12.06,Jaskinia nad Kotlinami,explicit,JKTZ-OBS-000843,TPN,152855.22,567010.95,1873.705619,,,nieokreslona,zweryfikowane,ok,,{76F1665B-2CEE-418E-BC2D-DC2CBE253E2A},tpn:{76F1665B-2CEE-418E-BC2D-DC2CBE253E2A}
JKTZ-OBJ-000844,otwor_jaskini,jaskinia,Okap w Ździarach,Okap w Ździarach,,T.E-09.48,Okap w Ździarach,explicit,JKTZ-OBS-000844,TPN,153116.46,563851.22,1464.385911,,,nieokreslona,niezweryfikowane,ok,,{F3936194-5679-46D0-A5B9-442EF199D660},tpn:{F3936194-5679-46D0-A5B9-442EF199D660}
JKTZ-OBJ-000845,otwor_jaskini,jaskinia,Szczelina pod Głazem,Szczelina pod Głazem,,T.D-14.06,Szczelina pod Głazem,explicit,JKTZ-OBS-000845,TPN,154242.25,568320.93,1778.904329,,,nieokreslona,zweryfikowane,ok,,{1F5A419E-5C9B-4EF1-9F33-942525FB2574},tpn:{1F5A419E-5C9B-4EF1-9F33-942525FB2574}
JKTZ-OBJ-000846,otwor_jaskini,jaskinia,Schron pod Kończystą,Schron pod Kończystą,,T.B-09.08,Schron pod Kończystą,explicit,JKTZ-OBS-000846,TPN,155465.02,563896.57,1130.652996,,,nieokreslona,niezweryfikowane,ok,,{0C34F113-D6D5-4E57-9DB1-B240ED3533B5},tpn:{0C34F113-D6D5-4E57-9DB1-B240ED3533B5}
JKTZ-OBJ-000847,otwor_jaskini,jaskinia,Krakowska Piwnica,Krakowska Piwnica,,T.F-09.02,Krakowska Piwnica,explicit,JKTZ-OBS-000847,TPN,152111.86,563879.31,1299.876418,,,nieokreslona,niezweryfikowane,ok,,{3E61D26B-9233-4844-BA9E-AD834E0FB23F},tpn:{3E61D26B-9233-4844-BA9E-AD834E0FB23F}
JKTZ-OBJ-000848,otwor_jaskini,jaskinia,Schron w Wielkich Koryciskach,Schron w Wielkich Koryciskach,,T.B-04.01,Schron w Wielkich Koryciskach,explicit,JKTZ-OBS-000848,TPN,156072.92,558396.33,1083.157362,,,nieokreslona,zweryfikowane,ok,,{6CEBFB02-ACA8-45A8-B8C3-AA2D76FC9791},tpn:{6CEBFB02-ACA8-45A8-B8C3-AA2D76FC9791}
JKTZ-OBJ-000849,otwor_jaskini,jaskinia,Kominek w Jatkach,Kominek w Jatkach,,T.B-12.05,Kominek w Jatkach,explicit,JKTZ-OBS-000849,TPN,155593.33,566945.79,1375.244094,,,nieokreslona,zweryfikowane,ok,,{DEB1B012-A67B-4E46-99D3-3D2774436A65},tpn:{DEB1B012-A67B-4E46-99D3-3D2774436A65}
JKTZ-OBJ-000850,otwor_jaskini,jaskinia,Jaskinia Niespodzianka,Jaskinia Niespodzianka,,T.E-11.66,Jaskinia Niespodzianka,explicit,JKTZ-OBS-000850,TPN,152949.99,565450.19,1691.280916,,,nieokreslona,niezweryfikowane,ok,,{45251C42-3EB2-461E-9B1E-9CD0032AD20D},tpn:{45251C42-3EB2-461E-9B1E-9CD0032AD20D}
JKTZ-OBJ-000851,otwor_jaskini,jaskinia,Jaskinia Małołącka,Jaskinia Małołącka,,T.E-12.07,Jaskinia Małołącka,explicit,JKTZ-OBS-000851,TPN,152807.21,567052.39,1871.759178,,,nieokreslona,zweryfikowane,ok,,{9E822967-3F19-45E0-AC2C-EFEC1A5C7B5D},tpn:{9E822967-3F19-45E0-AC2C-EFEC1A5C7B5D}
JKTZ-OBJ-000852,otwor_jaskini,jaskinia,Niebieska Studnia,Niebieska Studnia,,T.E-12.02,Niebieska Studnia,explicit,JKTZ-OBS-000852,TPN,153252.41,566478.97,1851.119024,,,nieokreslona,zweryfikowane,ok,,{89420AE8-EB72-4145-B5F7-A9ABC06D6828},tpn:{89420AE8-EB72-4145-B5F7-A9ABC06D6828}
JKTZ-OBJ-000853,otwor_jaskini,jaskinia,Nyża pod Schronem w Dolinie Litworowej,Nyża pod Schronem w Dolinie Litworowej,,T.E-11.60,Nyża pod Schronem w Dolinie Litworowej,explicit,JKTZ-OBS-000853,TPN,152959.11,566281.97,1714.939025,,,nieokreslona,niezweryfikowane,ok,,{5703F7A0-5171-4CDC-BBD0-AC730BD6FB56},tpn:{5703F7A0-5171-4CDC-BBD0-AC730BD6FB56}
JKTZ-OBJ-000854,otwor_jaskini,jaskinia,Krakowskie Okno,Krakowskie Okno,,T.E-09.09,Krakowskie Okno,explicit,JKTZ-OBS-000854,TPN,152448.14,563378.77,1208.105554,,,nieokreslona,zweryfikowane,ok,,{A768083A-68F2-4366-BD54-BE1A197D02EF},tpn:{A768083A-68F2-4366-BD54-BE1A197D02EF}
JKTZ-OBJ-000855,otwor_jaskini,jaskinia,Tunel Wiatru,Tunel Wiatru,,T.E-07.23,Tunel Wiatru,explicit,JKTZ-OBS-000855,TPN,152808.33,562017.61,1531.460857,,,nieokreslona,niezweryfikowane,ok,,{986ECD98-049A-4271-9529-3BBD02230F1A},tpn:{986ECD98-049A-4271-9529-3BBD02230F1A}
JKTZ-OBJ-000856,otwor_jaskini,jaskinia,Studzienka w Ciemniaku,Studzienka w Ciemniaku,,T.F-11.01,Studzienka w Ciemniaku,explicit,JKTZ-OBS-000856,TPN,151908.58,565743.89,2092.244893,,,nieokreslona,zweryfikowane,ok,,{C5DD5458-A292-4B7B-BC9B-95AAC5392A0A},tpn:{C5DD5458-A292-4B7B-BC9B-95AAC5392A0A}
JKTZ-OBJ-000857,otwor_jaskini,jaskinia,Schron pod Kazalnicą,Schron pod Kazalnicą,,T.D-08.30,Schron pod Kazalnicą,explicit,JKTZ-OBS-000857,TPN,153590.13,562701.66,1164.764716,,,nieokreslona,niezweryfikowane,ok,,{F8E1EC45-65D1-440F-9947-78B4AB6B08BD},tpn:{F8E1EC45-65D1-440F-9947-78B4AB6B08BD}
JKTZ-OBJ-000858,otwor_jaskini,jaskinia,Drugi Krakowski Okap,Drugi Krakowski Okap,,T.F-10.23,Drugi Krakowski Okap,explicit,JKTZ-OBS-000858,TPN,152023.4,564585.31,1618.406075,,,nieokreslona,zweryfikowane,ok,,{0A4409F4-A34E-42E9-8A6A-08FEC73C811B},tpn:{0A4409F4-A34E-42E9-8A6A-08FEC73C811B}
JKTZ-OBJ-000859,otwor_jaskini,jaskinia,Szpara w Zagonnej Turni,Szpara w Zagonnej Turni,,T.D-12.24,Szpara w Zagonnej Turni,explicit,JKTZ-OBS-000859,TPN,153762.68,566391.86,1623.61139,,,nieokreslona,zweryfikowane,ok,,{DD196884-584B-43A5-BC4D-B97A1988B4DD},tpn:{DD196884-584B-43A5-BC4D-B97A1988B4DD}
JKTZ-OBJ-000860,otwor_jaskini,jaskinia,Nisza Zachodnia,Nisza Zachodnia,,T.E-07.19,Nisza Zachodnia,explicit,JKTZ-OBS-000860,TPN,153151.55,561879.59,1378.853142,,,nieokreslona,niezweryfikowane,ok,,{5DDCEC2F-0FB7-4366-8A30-363A20E70F16},tpn:{5DDCEC2F-0FB7-4366-8A30-363A20E70F16}
JKTZ-OBJ-000861,otwor_jaskini,jaskinia,Szczelina w Tomanowym Grzbiecie V,Szczelina w Tomanowym Grzbiecie V,,T.F-10.16,Szczelina w Tomanowym Grzbiecie V,explicit,JKTZ-OBS-000861,TPN,151833.05,565205.18,1852.113115,,,nieokreslona,niezweryfikowane,ok,,{A3403B9C-5A95-435E-B2D1-EE1CDE1107B4},tpn:{A3403B9C-5A95-435E-B2D1-EE1CDE1107B4}
JKTZ-OBJ-000862,otwor_jaskini,jaskinia,Nyża pod Jaskinią Magurską I,Nyża pod Jaskinią Magurską I,,T.D-18.03,Nyża pod Jaskinią Magurską I,explicit,JKTZ-OBS-000862,TPN,154191.85,572456.41,1377.721947,,,nieokreslona,zweryfikowane,ok,,{750497D3-46CE-4335-924E-8E89FEE9C6A7},tpn:{750497D3-46CE-4335-924E-8E89FEE9C6A7}
JKTZ-OBJ-000863,otwor_jaskini,jaskinia,Szczelina Mnichowa,Szczelina Mnichowa,,T.E-13.17,Szczelina Mnichowa,explicit,JKTZ-OBS-000863,TPN,153535.4,567471.07,1544.462154,,,nieokreslona,zweryfikowane,ok,,{59DD17DB-C05F-4AE3-A6EB-1930159B64AD},tpn:{59DD17DB-C05F-4AE3-A6EB-1930159B64AD}
JKTZ-OBJ-000864,otwor_jaskini,jaskinia,Studnia przy Mnichowym Kominie,Studnia przy Mnichowym Kominie,,T.L-22.02,Studnia przy Mnichowym Kominie,explicit,JKTZ-OBS-000864,TPN,147866.08,576872.85,1888.331003,,,nieokreslona,niezweryfikowane,ok,,{49CE04D4-881E-4D94-BA4A-02CA600FAE88},tpn:{49CE04D4-881E-4D94-BA4A-02CA600FAE88}
JKTZ-OBJ-000865,otwor_jaskini,jaskinia,Trzyotworowy Kominek przy Bańdziochu,Trzyotworowy Kominek przy Bańdziochu,,T.E-07.43,Trzyotworowy Kominek przy Bańdziochu,explicit,JKTZ-OBS-000865,TPN,153106.17,561826.81,1501.043509,,,nieokreslona,niezweryfikowane,ok,,{366DB31C-D355-4E7A-AE28-9CEE64B0FC4E},tpn:{366DB31C-D355-4E7A-AE28-9CEE64B0FC4E}
JKTZ-OBJ-000866,otwor_jaskini,jaskinia,Gruzowa Dziura,Gruzowa Dziura,,T.F-09.24,Gruzowa Dziura,explicit,JKTZ-OBS-000866,TPN,152229.96,563809.21,1275.078745,,,nieokreslona,niezweryfikowane,ok,,{70A167A1-5F4F-4D61-BAB5-331259D29F0E},tpn:{70A167A1-5F4F-4D61-BAB5-331259D29F0E}
JKTZ-OBJ-000867,otwor_jaskini,jaskinia,Szczelina w Zadnim Kościelcu,Szczelina w Zadnim Kościelcu,,T.G-19.02,Szczelina w Zadnim Kościelcu,explicit,JKTZ-OBS-000867,TPN,151089.05,573813.68,2009.996079,,,nieokreslona,niezweryfikowane,ok,,{B44A0859-1B37-4E14-AC6F-96782B89CB48},tpn:{B44A0859-1B37-4E14-AC6F-96782B89CB48}
JKTZ-OBJ-000868,otwor_jaskini,jaskinia,Schron przy Studni Kuturniańskiej,Schron przy Studni Kuturniańskiej,,T.F-10.08,Schron przy Studni Kuturniańskiej,explicit,JKTZ-OBS-000868,TPN,152120.11,564606.81,1681.727561,,,nieokreslona,niezweryfikowane,ok,,{0913D064-7520-486F-9224-225F22C2654A},tpn:{0913D064-7520-486F-9224-225F22C2654A}
JKTZ-OBJ-000869,otwor_jaskini,jaskinia,Jaskinia Bańdzioch Kominiarski,Jaskinia Bańdzioch Kominiarski,,T.E-07.07,Jaskinia Bańdzioch Kominiarski,explicit,JKTZ-OBS-000869,TPN,153189.25,561377.79,1650.307419,,,nieokreslona,niezweryfikowane,ok,,{E41C4554-66C1-4346-96BA-4C33D499D0C4},tpn:{E41C4554-66C1-4346-96BA-4C33D499D0C4}
JKTZ-OBJ-000870,otwor_jaskini,jaskinia,Awen z Korkiem Śnieżnym,Awen z Korkiem Śnieżnym,,T.E-12.30,Awen z Korkiem Śnieżnym,explicit,JKTZ-OBS-000870,TPN,153533.15,566762.3,1618.6135,,,nieokreslona,zweryfikowane,ok,,{ECB59793-6CEB-4C35-B5DB-3B587E065B65},tpn:{ECB59793-6CEB-4C35-B5DB-3B587E065B65}
JKTZ-OBJ-000871,otwor_jaskini,jaskinia,Kozi Schron,Kozi Schron,,T.F-10.06,Kozi Schron,explicit,JKTZ-OBS-000871,TPN,151830.05,564600.49,1579.241438,,,nieokreslona,niezweryfikowane,ok,,{41BC4040-43BC-4B5B-9254-F22882835C7E},tpn:{41BC4040-43BC-4B5B-9254-F22882835C7E}
JKTZ-OBJ-000872,otwor_jaskini,jaskinia,Jaskinia Zośka,Jaskinia Zośka,,T.E-12.58,Jaskinia Zośka,explicit,JKTZ-OBS-000872,TPN,153445.69,566568.04,1779.503338,,,nieokreslona,zweryfikowane,ok,,{CDB29F70-DBA3-45E2-BAAA-AE1EBBC9156C},tpn:{CDB29F70-DBA3-45E2-BAAA-AE1EBBC9156C}
JKTZ-OBJ-000873,obiekt_terenowy,,"tunel w Skrajnej Giewonckiej Baszcie, S",tunel w Skrajnej Giewonckiej Baszcie,S,,,missing,JKTZ-OBS-000873,TPN,154170.22,567545.12,1649.736398,,,nieokreslona,zweryfikowane,needs_inventory_id,Brak NR_INWENT w zrodle TPN.,{9B566416-3888-4900-B351-CF81FC2A387E},tpn:{9B566416-3888-4900-B351-CF81FC2A387E}
JKTZ-OBJ-000874,otwor_jaskini,jaskinia,Dziura w Kończystej Turni,Dziura w Kończystej Turni,,T.B-09.01,Dziura w Kończystej Turni,explicit,JKTZ-OBS-000874,TPN,155535.07,563899.71,1196.999356,,,nieokreslona,niezweryfikowane,ok,,{7033EB52-9352-4F35-9ADF-89490FBB5F1F},tpn:{7033EB52-9352-4F35-9ADF-89490FBB5F1F}
JKTZ-OBJ-000875,otwor_jaskini,jaskinia,Szczelina w Niżniej Świstówce IV,Szczelina w Niżniej Świstówce IV,,,,missing,JKTZ-OBS-000875,TPN,153315.39,567348.98,1527.60687,,,nieokreslona,zweryfikowane,needs_inventory_id,Brak NR_INWENT w zrodle TPN.,{868AEFFA-E2BD-400D-A8BA-DF71A36172B4},tpn:{868AEFFA-E2BD-400D-A8BA-DF71A36172B4}
JKTZ-OBJ-000876,otwor_jaskini,jaskinia,Szczelina w Kondratowych Basztach,Szczelina w Kondratowych Basztach,,,,missing,JKTZ-OBS-000876,TPN,153356.01,568182.55,1610.872024,,,nieokreslona,zweryfikowane,needs_inventory_id,Brak NR_INWENT w zrodle TPN.,{C33E3764-68A6-4841-BDBC-5CB4916E5B2E},tpn:{C33E3764-68A6-4841-BDBC-5CB4916E5B2E}
JKTZ-OBJ-000877,otwor_jaskini,jaskinia,Szczelina przy Gładkim Żlebie,Szczelina przy Gładkim Żlebie,,T.E-07.47,Szczelina przy Gładkim Żlebie,explicit,JKTZ-OBS-000877,TPN,152444.24,562122.2,1266.974718,,,nieokreslona,niezweryfikowane,ok,,{9D075CDD-FE40-48CB-BAA5-F122FA171B14},tpn:{9D075CDD-FE40-48CB-BAA5-F122FA171B14}
JKTZ-OBJ-000878,otwor_jaskini,jaskinia,Koziarska Dziura,Koziarska Dziura,,T.A-22.01,Koziarska Dziura,explicit,JKTZ-OBS-000878,TPN,157872.12,576716.88,1028.366137,,,nieokreslona,zweryfikowane,ok,,{AC811CC8-66CD-4944-9662-4B324D4FEA19},tpn:{AC811CC8-66CD-4944-9662-4B324D4FEA19}
JKTZ-OBJ-000879,otwor_jaskini,jaskinia,Nyża nad Jaworzyńskim Żlebem,Nyża nad Jaworzyńskim Żlebem,,T.A-24.01,Nyża nad Jaworzyńskim Żlebem,explicit,JKTZ-OBS-000879,TPN,157772.03,578100.09,969.9597314,,,nieokreslona,zweryfikowane,ok,,{29A48ED1-82D6-41EF-AC0B-C999E915E5CF},tpn:{29A48ED1-82D6-41EF-AC0B-C999E915E5CF}
JKTZ-OBJ-000880,otwor_jaskini,jaskinia,Pasterski Schron,Pasterski Schron,,T.A-06.01,Pasterski Schron,explicit,JKTZ-OBS-000880,TPN,156976.46,560354.14,933.718783,,,nieokreslona,zweryfikowane,ok,,{6C0DE8A2-EA97-4281-B0F1-D2719A69C6D3},tpn:{6C0DE8A2-EA97-4281-B0F1-D2719A69C6D3}
JKTZ-OBJ-000881,otwor_jaskini,jaskinia,Koprowa Studnia,Koprowa Studnia,,T.E-13.08,Koprowa Studnia,explicit,JKTZ-OBS-000881,TPN,152842.82,567693.31,1808.930858,,,nieokreslona,zweryfikowane,ok,,{B605E5EA-F1A5-43A2-803C-030B412B7415},tpn:{B605E5EA-F1A5-43A2-803C-030B412B7415}
JKTZ-OBJ-000882,otwor_jaskini,jaskinia,Korytarzyk pod Zamkiem,Korytarzyk pod Zamkiem,,T.E-08.34,Korytarzyk pod Zamkiem,explicit,JKTZ-OBS-000882,TPN,152599,562946.79,1199.214341,,,nieokreslona,niezweryfikowane,ok,,{A6E27103-8D20-4BA4-BEE8-3080F1DE9CEC},tpn:{A6E27103-8D20-4BA4-BEE8-3080F1DE9CEC}
JKTZ-OBJ-000883,otwor_jaskini,jaskinia,Jaskinia Kondracka,Jaskinia Kondracka,,T.E-13.27,Jaskinia Kondracka,explicit,JKTZ-OBS-000883,TPN,153264.08,567896.91,1818.78149,,,nieokreslona,zweryfikowane,ok,,{56439DA4-9F5E-4D0A-AEB7-8F66A5ECF3FD},tpn:{56439DA4-9F5E-4D0A-AEB7-8F66A5ECF3FD}
JKTZ-OBJ-000884,otwor_jaskini,jaskinia,Nyża pod Zachodem Pilotów,Nyża pod Zachodem Pilotów,,,,missing,JKTZ-OBS-000884,TPN,154325.24,567596.39,1501.89126,,,nieokreslona,zweryfikowane,needs_inventory_id,Brak NR_INWENT w zrodle TPN.,{E6BA5010-45F5-4769-9026-229423DDF3CB},tpn:{E6BA5010-45F5-4769-9026-229423DDF3CB}
JKTZ-OBJ-000885,otwor_jaskini,jaskinia,Schronisko w Międzyścianach II,Schronisko w Międzyścianach II,,T.C-05.02,Schronisko w Międzyścianach II,explicit,JKTZ-OBS-000885,TPN,154226.09,559672.09,1050.709531,,,nieokreslona,zweryfikowane,ok,,{1437971C-CA3C-4667-8C4E-B7952D6D4370},tpn:{1437971C-CA3C-4667-8C4E-B7952D6D4370}
JKTZ-OBJ-000886,otwor_jaskini,jaskinia,Mnichowy Korytarz,Mnichowy Korytarz,,T.E-13.31,Mnichowy Korytarz,explicit,JKTZ-OBS-000886,TPN,153481.48,567455.16,1522.02118,,,nieokreslona,zweryfikowane,ok,,{034C2EC9-9373-4E6C-81EB-0CE62B34F865},tpn:{034C2EC9-9373-4E6C-81EB-0CE62B34F865}
JKTZ-OBJ-000887,otwor_jaskini,jaskinia,Schron przy Troistej I,Schron przy Troistej I,,T.E-06.04,Schron przy Troistej I,explicit,JKTZ-OBS-000887,TPN,152844.04,560722.18,1745.908609,,,nieokreslona,niezweryfikowane,ok,,{79D0B793-3F93-4FA0-93B4-E825C73EA1E7},tpn:{79D0B793-3F93-4FA0-93B4-E825C73EA1E7}
JKTZ-OBJ-000888,otwor_jaskini,jaskinia,Jaskinia Krwawego Nosa,Jaskinia Krwawego Nosa,,T.D-08.18,Jaskinia Krwawego Nosa,explicit,JKTZ-OBS-000888,TPN,153831.09,563195.09,1289.907893,,,nieokreslona,niezweryfikowane,ok,,{8CBFACD0-CFF5-482C-A4CA-FBD837CC2EDE},tpn:{8CBFACD0-CFF5-482C-A4CA-FBD837CC2EDE}
JKTZ-OBJ-000889,otwor_jaskini,jaskinia,Schron w Skale Kmietowicza II,Schron w Skale Kmietowicza II,,T.C-05.05,Schron w Skale Kmietowicza II,explicit,JKTZ-OBS-000889,TPN,154743.43,559321.75,986.0514,,,nieokreslona,zweryfikowane,ok,,{802BEAB0-6B83-45CA-B739-5547857CD0A0},tpn:{802BEAB0-6B83-45CA-B739-5547857CD0A0}
JKTZ-OBJ-000890,otwor_jaskini,jaskinia,Szczelina w Dudzińcu,Szczelina w Dudzińcu,,T.D-05.07,Szczelina w Dudzińcu,explicit,JKTZ-OBS-000890,TPN,153666.05,559665.3,1228.011372,,,nieokreslona,niezweryfikowane,ok,,{08743E0E-F81B-45E6-9C91-F1216680287B},tpn:{08743E0E-F81B-45E6-9C91-F1216680287B}
JKTZ-OBJ-000891,otwor_jaskini,jaskinia,Jaskinia Kalacka,Jaskinia Kalacka,,T.C-16.01,Jaskinia Kalacka,explicit,JKTZ-OBS-000891,TPN,154770.71,570397.74,1225.250995,,,nieokreslona,zweryfikowane,ok,,{F4D9BB88-749F-4E64-95A9-D3F18A425B75},tpn:{F4D9BB88-749F-4E64-95A9-D3F18A425B75}
JKTZ-OBJ-000892,otwor_jaskini,jaskinia,Łężna Dziura,Łężna Dziura,,T.A-24.06,Łężna Dziura,explicit,JKTZ-OBS-000892,TPN,157718.24,578068.38,985.6995285,,,nieokreslona,zweryfikowane,ok,,{49F29685-D540-4112-B8E6-6C0534C50593},tpn:{49F29685-D540-4112-B8E6-6C0534C50593}
JKTZ-OBJ-000893,otwor_jaskini,jaskinia,Mnichowa Studnia,Mnichowa Studnia,,T.E-13.10,Mnichowa Studnia,explicit,JKTZ-OBS-000893,TPN,153276.53,567560.97,1639.631883,,,nieokreslona,zweryfikowane,ok,,{FEFAD91A-E4B5-4320-8E0E-FFD5056797B5},tpn:{FEFAD91A-E4B5-4320-8E0E-FFD5056797B5}
JKTZ-OBJ-000894,otwor_jaskini,jaskinia,Zimny Aven,Zimny Aven,,T.E-11.51,Zimny Aven,explicit,JKTZ-OBS-000894,TPN,153030.89,565405.41,1612.541704,,,nieokreslona,niezweryfikowane,ok,,{D9F42427-2B5E-4F7F-8231-8E2D27F7ED45},tpn:{D9F42427-2B5E-4F7F-8231-8E2D27F7ED45}
JKTZ-OBJ-000895,otwor_jaskini,jaskinia,Schronisko w Międzyścianach III,Schronisko w Międzyścianach III,,T.C-05.03,Schronisko w Międzyścianach III,explicit,JKTZ-OBS-000895,TPN,154213.04,559683.67,1053.715841,,,nieokreslona,zweryfikowane,ok,,{24AB652D-52B8-4C16-9B53-A406166EA7A8},tpn:{24AB652D-52B8-4C16-9B53-A406166EA7A8}
JKTZ-OBJ-000896,otwor_jaskini,jaskinia,Jaskinia Piarżysta,Jaskinia Piarżysta,,T.F-09.03,Jaskinia Piarżysta,explicit,JKTZ-OBS-000896,TPN,152252.18,563628.71,1292.583424,,,nieokreslona,niezweryfikowane,ok,,{4A5F7D4E-8063-41AF-BF87-8ED372D14D56},tpn:{4A5F7D4E-8063-41AF-BF87-8ED372D14D56}
JKTZ-OBJ-000897,otwor_jaskini,jaskinia,Jasny Aven,Jasny Aven,,T.E-12.05,Jasny Aven,explicit,JKTZ-OBS-000897,TPN,152864.51,567044.44,1849.461862,,,nieokreslona,zweryfikowane,ok,,{A7FDEFB6-483A-4622-8243-C0F2AD7295C2},tpn:{A7FDEFB6-483A-4622-8243-C0F2AD7295C2}
JKTZ-OBJ-000898,otwor_jaskini,jaskinia,Arkada,Arkada,,T.E-09.07,Arkada,explicit,JKTZ-OBS-000898,TPN,152520.33,563562.63,1202.405253,,,nieokreslona,niezweryfikowane,ok,,{92311241-9EFF-4428-AC24-FBE8BE1E3564},tpn:{92311241-9EFF-4428-AC24-FBE8BE1E3564}
JKTZ-OBJ-000899,otwor_jaskini,jaskinia,Szczelina przy Lodowej nad Kufą,Szczelina przy Lodowej nad Kufą,,T.D-06.09,Szczelina przy Lodowej nad Kufą,explicit,JKTZ-OBS-000899,TPN,153300.8,561059.96,1644.381594,,,nieokreslona,niezweryfikowane,ok,,{AF3F0FD7-6A99-45B7-BEBC-AA898E6642F0},tpn:{AF3F0FD7-6A99-45B7-BEBC-AA898E6642F0}
JKTZ-OBJ-000900,obiekt_terenowy,,Nyża w Kondratowych Basztach,Nyża w Kondratowych Basztach,,,,missing,JKTZ-OBS-000900,TPN,153353.86,568200.32,1631.908632,,,nieokreslona,zweryfikowane,needs_inventory_id,Brak NR_INWENT w zrodle TPN.,{F9C94562-FC14-4560-A452-5735CBD6F611},tpn:{F9C94562-FC14-4560-A452-5735CBD6F611}
JKTZ-OBJ-000901,otwor_jaskini,jaskinia,Szczelina w Smytniej,Szczelina w Smytniej,,T.E-07.10,Szczelina w Smytniej,explicit,JKTZ-OBS-000901,TPN,152390.41,561522.87,1403.899832,,,nieokreslona,niezweryfikowane,ok,,{8BA5CCCC-853A-4869-A9B6-0B3683CE65D1},tpn:{8BA5CCCC-853A-4869-A9B6-0B3683CE65D1}
JKTZ-OBJ-000902,otwor_jaskini,jaskinia,Jaskinia Balkonowa,Jaskinia Balkonowa,,T.D-08.13,Jaskinia Balkonowa,explicit,JKTZ-OBS-000902,TPN,153870.76,563221.03,1274.082239,,,nieokreslona,niezweryfikowane,ok,,{2485B351-01D1-48A7-A37D-209BE0407F2C},tpn:{2485B351-01D1-48A7-A37D-209BE0407F2C}
JKTZ-OBJ-000903,otwor_jaskini,jaskinia,Schron w Piecach,Schron w Piecach,,T.E-06.14,Schron w Piecach,explicit,JKTZ-OBS-000903,TPN,153237.93,560389.12,1595.32734,,,nieokreslona,niezweryfikowane,ok,,{63CE8B66-47F2-4B2B-BAC3-BD01B2127446},tpn:{63CE8B66-47F2-4B2B-BAC3-BD01B2127446}
JKTZ-OBJ-000904,otwor_jaskini,jaskinia,Schron z Napisami,Schron z Napisami,,T.E-09.24,Schron z Napisami,explicit,JKTZ-OBS-000904,TPN,152392.76,563426.06,1270.72079,,,nieokreslona,niezweryfikowane,ok,,{F7E6368C-23CE-42CC-A0F2-533A9D18B1AF},tpn:{F7E6368C-23CE-42CC-A0F2-533A9D18B1AF}
JKTZ-OBJ-000905,otwor_jaskini,jaskinia,Nyża pod Jaskinią Magurską II,Nyża pod Jaskinią Magurską II,,T.D-18.04,Nyża pod Jaskinią Magurską II,explicit,JKTZ-OBS-000905,TPN,154214.34,572486.17,1360.513197,,,nieokreslona,zweryfikowane,ok,,{2A560E84-EEF0-485B-9284-1ADEF6B33C56},tpn:{2A560E84-EEF0-485B-9284-1ADEF6B33C56}
JKTZ-OBJ-000906,otwor_jaskini,jaskinia,Dziura Wyżnia,Dziura Wyżnia,,T.B-14.02,Dziura Wyżnia,explicit,JKTZ-OBS-000906,TPN,156434.15,568597.03,1030.271021,,,nieokreslona,zweryfikowane,ok,,{B73C1283-B3F4-4EA7-86DE-F322B3F26C9E},tpn:{B73C1283-B3F4-4EA7-86DE-F322B3F26C9E}
JKTZ-OBJ-000907,otwor_jaskini,jaskinia,Zbójnicki Korytarzyk,Zbójnicki Korytarzyk,,T.E-08.39,Zbójnicki Korytarzyk,explicit,JKTZ-OBS-000907,TPN,152641.42,562887.69,1155.059445,,,nieokreslona,niezweryfikowane,ok,,{85C47996-EFD6-465E-B51C-078860771AB7},tpn:{85C47996-EFD6-465E-B51C-078860771AB7}
JKTZ-OBJ-000908,otwor_jaskini,jaskinia,Dziura,Dziura,,T.B-14.01,Dziura,explicit,JKTZ-OBS-000908,TPN,156489.84,568567.82,1008.043065,,,nieokreslona,zweryfikowane,ok,,{A6422BC9-98C6-431C-B6A0-063F8921B17D},tpn:{A6422BC9-98C6-431C-B6A0-063F8921B17D}
JKTZ-OBJ-000909,otwor_jaskini,jaskinia,Mokra Koleba,Mokra Koleba,,T.C-15.06,Mokra Koleba,explicit,JKTZ-OBS-000909,TPN,154713.37,570179.65,1352.341226,,,nieokreslona,zweryfikowane,ok,,{E39722F0-2730-4CB2-B2AB-D7130A65FDE1},tpn:{E39722F0-2730-4CB2-B2AB-D7130A65FDE1}
JKTZ-OBJ-000910,otwor_jaskini,jaskinia,Jaskinia Niska,Jaskinia Niska,,T.B-09.14,Jaskinia Niska,explicit,JKTZ-OBS-000910,TPN,155548.47,563839.38,1183.945286,,,nieokreslona,niezweryfikowane,ok,,{CDE95846-F436-4079-8594-4268E6048A6D},tpn:{CDE95846-F436-4079-8594-4268E6048A6D}
JKTZ-OBJ-000911,otwor_jaskini,jaskinia,Schron w Małym Żlebku,Schron w Małym Żlebku,,T.A-12.03,Schron w Małym Żlebku,explicit,JKTZ-OBS-000911,TPN,156929.38,566470.29,957.7479544,,,nieokreslona,zweryfikowane,ok,,{F898C332-6F34-4AB4-8465-C4741039C54C},tpn:{F898C332-6F34-4AB4-8465-C4741039C54C}
JKTZ-OBJ-000912,otwor_jaskini,jaskinia,Mała Dziura w Kończystej Turni,Mała Dziura w Kończystej Turni,,T.B-09.06,Mała Dziura w Kończystej Turni,explicit,JKTZ-OBS-000912,TPN,155554.52,563879.21,1204.025547,,,nieokreslona,niezweryfikowane,ok,,{C4A17714-5976-4B41-A6A6-9EACAE7E9421},tpn:{C4A17714-5976-4B41-A6A6-9EACAE7E9421}
JKTZ-OBJ-000913,otwor_jaskini,jaskinia,Tunel w Jatkach,Tunel w Jatkach,,T.B-12.01,Tunel w Jatkach,explicit,JKTZ-OBS-000913,TPN,155595.17,566937.54,1378.724898,,,nieokreslona,zweryfikowane,ok,,{927D159C-AA85-4154-AEEB-C1BFA8C2D016},tpn:{927D159C-AA85-4154-AEEB-C1BFA8C2D016}
JKTZ-OBJ-000914,otwor_jaskini,jaskinia,Jaskinia Wodna przy Pisanej,Jaskinia Wodna przy Pisanej,,T.E-08.30,Jaskinia Wodna przy Pisanej,explicit,JKTZ-OBS-000914,TPN,152781.71,562866.45,1028.921942,,,nieokreslona,zweryfikowane,ok,,{491A6172-0D2D-4DDE-A930-B479A87591AD},tpn:{491A6172-0D2D-4DDE-A930-B479A87591AD}
JKTZ-OBJ-000915,otwor_jaskini,jaskinia,Nyża nad Olczyską II,Nyża nad Olczyską II,,T.B-18.01,Nyża nad Olczyską II,explicit,JKTZ-OBS-000915,TPN,155809.83,572886.44,1118.706827,,,nieokreslona,zweryfikowane,ok,,{10A056BA-DBB4-41D6-A936-981113FC9627},tpn:{10A056BA-DBB4-41D6-A936-981113FC9627}
JKTZ-OBJ-000916,otwor_jaskini,jaskinia,Jaskinia nad Wielką Równią,Jaskinia nad Wielką Równią,,,,missing,JKTZ-OBS-000916,TPN,154591.67,568100.2,1360.428221,,,nieokreslona,zweryfikowane,needs_inventory_id,Brak NR_INWENT w zrodle TPN.,{B3202807-F363-428A-B8F0-0E22A2FA66DA},tpn:{B3202807-F363-428A-B8F0-0E22A2FA66DA}
JKTZ-OBJ-000917,otwor_jaskini,jaskinia,Szczelina w Baranich Schodach,Szczelina w Baranich Schodach,,,,missing,JKTZ-OBS-000917,TPN,153240.57,567008.5,1774.647166,,,nieokreslona,zweryfikowane,needs_inventory_id,Brak NR_INWENT w zrodle TPN.,{690FC059-791F-46EE-969D-CDD1F0BA3460},tpn:{690FC059-791F-46EE-969D-CDD1F0BA3460}
JKTZ-OBJ-000918,otwor_jaskini,jaskinia,Dziura w Organach IV,Dziura w Organach IV,,T.D-09.08,Dziura w Organach IV,explicit,JKTZ-OBS-000918,TPN,153641.23,563273.08,1251.520582,,,nieokreslona,niezweryfikowane,ok,,{A6D3CBF7-D5DC-4D30-ABEA-215346B8A88C},tpn:{A6D3CBF7-D5DC-4D30-ABEA-215346B8A88C}
JKTZ-OBJ-000919,otwor_jaskini,jaskinia,Szczelina w Małych Koryciskach,Szczelina w Małych Koryciskach,,T.A-04.01,Szczelina w Małych Koryciskach,explicit,JKTZ-OBS-000919,TPN,156377.51,559007.35,1033.982896,,,nieokreslona,zweryfikowane,ok,,{F27AB91C-A18F-4CA4-8276-EB6D29BCBAC7},tpn:{F27AB91C-A18F-4CA4-8276-EB6D29BCBAC7}
JKTZ-OBJ-000920,otwor_jaskini,jaskinia,Dziura przy Piargu,Dziura przy Piargu,,T.E-13.28,Dziura przy Piargu,explicit,JKTZ-OBS-000920,TPN,152788.81,568135.35,1800.446396,,,nieokreslona,zweryfikowane,ok,,{23A7C5CA-18B1-4339-9C1F-66F00EF7566A},tpn:{23A7C5CA-18B1-4339-9C1F-66F00EF7566A}
JKTZ-OBJ-000921,otwor_jaskini,jaskinia,Nyża w Wielkich Koryciskach,Nyża w Wielkich Koryciskach,,T.B-04.04,Nyża w Wielkich Koryciskach,explicit,JKTZ-OBS-000921,TPN,155984.67,558657.42,1042.741865,,,nieokreslona,zweryfikowane,ok,,{3557333F-8DBC-42A2-B931-EC1404519DFD},tpn:{3557333F-8DBC-42A2-B931-EC1404519DFD}
JKTZ-OBJ-000922,otwor_jaskini,jaskinia,Tunel Małołącki,Tunel Małołącki,,T.D-12.12,Tunel Małołącki,explicit,JKTZ-OBS-000922,TPN,153732.39,566761.3,1442.792478,,,nieokreslona,zweryfikowane,ok,,{2FEA4961-31E2-427F-8FFE-6A7BB42EED0D},tpn:{2FEA4961-31E2-427F-8FFE-6A7BB42EED0D}
JKTZ-OBJ-000923,otwor_jaskini,jaskinia,Dziura w Kominie,Dziura w Kominie,,T.E-11.22,Dziura w Kominie,explicit,JKTZ-OBS-000923,TPN,153102.9,565293.54,1581.263758,,,nieokreslona,niezweryfikowane,ok,,{1F4770BC-5CE0-4C5F-BB7F-0D120C193B62},tpn:{1F4770BC-5CE0-4C5F-BB7F-0D120C193B62}
JKTZ-OBJ-000924,otwor_jaskini,jaskinia,Schron z Kołem,Schron z Kołem,,T.E-07.30,Schron z Kołem,explicit,JKTZ-OBS-000924,TPN,153017.29,562057.07,1395.221319,,,nieokreslona,niezweryfikowane,ok,,{6EC33AEC-4B9E-4E47-82FA-3C49A2D401EE},tpn:{6EC33AEC-4B9E-4E47-82FA-3C49A2D401EE}
JKTZ-OBJ-000925,otwor_jaskini,jaskinia,Zimna Szczelina III,Zimna Szczelina III,,T.D-08.40,Zimna Szczelina III,explicit,JKTZ-OBS-000925,TPN,153536.73,562729.76,1109.837579,,,nieokreslona,niezweryfikowane,ok,,{368F5025-3B22-4381-AC16-3FCAA21035DD},tpn:{368F5025-3B22-4381-AC16-3FCAA21035DD}
JKTZ-OBJ-000926,otwor_jaskini,jaskinia,Jasiowa Nyża,Jasiowa Nyża,,T.A-12.04,Jasiowa Nyża,explicit,JKTZ-OBS-000926,TPN,156559.25,566475.97,1092.703407,,,nieokreslona,zweryfikowane,ok,,{7715722F-DB8D-40A7-B889-6EE83425F4D2},tpn:{7715722F-DB8D-40A7-B889-6EE83425F4D2}
JKTZ-OBJ-000927,otwor_jaskini,jaskinia,Jaskinia w Smreczyńskim Wierchu,Jaskinia w Smreczyńskim Wierchu,,T.J-10.01,Jaskinia w Smreczyńskim Wierchu,explicit,JKTZ-OBS-000927,TPN,149068.68,564479.98,2002.152763,,,nieokreslona,niezweryfikowane,ok,,{78D37AF0-178C-446D-963E-95094F9EB1E1},tpn:{78D37AF0-178C-446D-963E-95094F9EB1E1}
JKTZ-OBJ-000928,otwor_jaskini,jaskinia,Jaskinia w Kociołku pod Bańdziochem,Jaskinia w Kociołku pod Bańdziochem,,T.E-07.46,Jaskinia w Kociołku pod Bańdziochem,explicit,JKTZ-OBS-000928,TPN,153122.55,561879.35,1454.842295,,,nieokreslona,niezweryfikowane,ok,,{B6DBF7A1-8DEE-4BAE-BB45-D1C9470BBA1D},tpn:{B6DBF7A1-8DEE-4BAE-BB45-D1C9470BBA1D}
JKTZ-OBJ-000929,otwor_jaskini,jaskinia,Dziura pod Żródłem Ratusz,Dziura pod Żródłem Ratusz,,T.E-12.19,Dziura pod Żródłem Ratusz,explicit,JKTZ-OBS-000929,TPN,153443.43,566702.9,1733.486322,,,nieokreslona,zweryfikowane,ok,,{54B22F5F-6623-4B87-B34F-21C7AC39EAFA},tpn:{54B22F5F-6623-4B87-B34F-21C7AC39EAFA}
JKTZ-OBJ-000930,otwor_jaskini,jaskinia,Jaskinia Siwy Kocioł,Jaskinia Siwy Kocioł,,T.E-12.71,Jaskinia Siwy Kocioł,explicit,JKTZ-OBS-000930,TPN,153153.69,566958.44,1827.335669,,,nieokreslona,zweryfikowane,ok,,{18C04DD7-99E7-446E-9969-63A01AD90F8D},tpn:{18C04DD7-99E7-446E-9969-63A01AD90F8D}
JKTZ-OBJ-000931,otwor_jaskini,jaskinia,Szczelina w Pośredniej Turni,Szczelina w Pośredniej Turni,,T.E-12.51,Szczelina w Pośredniej Turni,explicit,JKTZ-OBS-000931,TPN,153435.28,566656.37,1758.037772,,,nieokreslona,zweryfikowane,ok,,{54C9E6C1-5224-4113-B866-B3EC8D19E0A5},tpn:{54C9E6C1-5224-4113-B866-B3EC8D19E0A5}
JKTZ-OBJ-000932,otwor_jaskini,jaskinia,Jaskinia Zawaliskowa w Długim Giewoncie,Jaskinia Zawaliskowa w Długim Giewoncie,,T.D-14.03,Jaskinia Zawaliskowa w Długim Giewoncie,explicit,JKTZ-OBS-000932,TPN,154437.21,568681.55,1770.002727,,,nieokreslona,zweryfikowane,ok,,{0E35D5B3-4CA4-45ED-B3FA-36A966F11037},tpn:{0E35D5B3-4CA4-45ED-B3FA-36A966F11037}
JKTZ-OBJ-000933,otwor_jaskini,jaskinia,Szczelina w Osmętnicy,Szczelina w Osmętnicy,,T.D-05.04,Szczelina w Osmętnicy,explicit,JKTZ-OBS-000933,TPN,153579.15,559690.83,1236.809441,,,nieokreslona,zweryfikowane,ok,,{38B35A66-1709-47A3-9C85-1919D6D7526D},tpn:{38B35A66-1709-47A3-9C85-1919D6D7526D}
JKTZ-OBJ-000934,otwor_jaskini,jaskinia,Śnieżna Szczelina,Śnieżna Szczelina,,T.F-10.04,Śnieżna Szczelina,explicit,JKTZ-OBS-000934,TPN,151897,564712.68,1622.434618,,,nieokreslona,niezweryfikowane,ok,,{48C7400B-EADC-459E-A231-E3889A364E3B},tpn:{48C7400B-EADC-459E-A231-E3889A364E3B}
JKTZ-OBJ-000935,otwor_jaskini,jaskinia,Nyża przy Jatkach,Nyża przy Jatkach,,T.B-12.09,Nyża przy Jatkach,explicit,JKTZ-OBS-000935,TPN,155795.38,567058.67,1335.727234,,,nieokreslona,zweryfikowane,ok,,{ED41B242-A73F-4C14-9A6F-B647BE52C242},tpn:{ED41B242-A73F-4C14-9A6F-B647BE52C242}
JKTZ-OBJ-000936,otwor_jaskini,jaskinia,Schron przy Szczelinie,Schron przy Szczelinie,,T.D-04.07,Schron przy Szczelinie,explicit,JKTZ-OBS-000936,TPN,153476.56,559087.08,1071.995289,,,nieokreslona,zweryfikowane,ok,,{64AED179-2FC5-4503-9D2A-BF122CD47630},tpn:{64AED179-2FC5-4503-9D2A-BF122CD47630}
JKTZ-OBJ-000937,otwor_jaskini,jaskinia,"Schronisko w Międzyścianach ""nad II""","Schronisko w Międzyścianach ""nad II""",,T.C-05.07,"Schronisko w Międzyścianach ""nad II""",explicit,JKTZ-OBS-000937,TPN,154226.48,559673.36,1051.88415,,,nieokreslona,zweryfikowane,ok,,{F095821B-3E9E-4BF8-ACC0-E6478E3D94D1},tpn:{F095821B-3E9E-4BF8-ACC0-E6478E3D94D1}
JKTZ-OBJ-000938,otwor_jaskini,jaskinia,Korytarz nad Zagonem,Korytarz nad Zagonem,,T.D-12.26,Korytarz nad Zagonem,explicit,JKTZ-OBS-000938,TPN,153706.9,566430.16,1612.083453,,,nieokreslona,zweryfikowane,ok,,{6F307AD5-8B24-44CF-B955-17E57647F095},tpn:{6F307AD5-8B24-44CF-B955-17E57647F095}
JKTZ-OBJ-000939,otwor_jaskini,jaskinia,Schron w Żlebie Goryckiego,Schron w Żlebie Goryckiego,,T.D-08.63,Schron w Żlebie Goryckiego,explicit,JKTZ-OBS-000939,TPN,154042.31,563013.83,1045.004996,,,nieokreslona,niezweryfikowane,ok,,{0F0A4F22-D9A3-4F22-8099-259457B49CDE},tpn:{0F0A4F22-D9A3-4F22-8099-259457B49CDE}
JKTZ-OBJ-000940,otwor_jaskini,jaskinia,Dziura w Stołach,Dziura w Stołach,,T.D-08.23,Dziura w Stołach,explicit,JKTZ-OBS-000940,TPN,153616.52,562301.12,1369.616888,,,nieokreslona,niezweryfikowane,ok,,{D90AADC9-9E6C-4020-A409-4B4FFAEEDBFF},tpn:{D90AADC9-9E6C-4020-A409-4B4FFAEEDBFF}
JKTZ-OBJ-000941,sztolnia,sztolnia,Sztolnia na Klinowej Czubie nr 4,Sztolnia na Klinowej Czubie nr 4,,,,missing,JKTZ-OBS-000941,TPN,155076.1,559826.37,1184.065443,,,nieokreslona,niezweryfikowane,needs_inventory_id,Brak NR_INWENT w zrodle TPN.,{DA201294-463E-4F4D-8A60-D2F88FB17C1A},tpn:{DA201294-463E-4F4D-8A60-D2F88FB17C1A}
JKTZ-OBJ-000942,otwor_jaskini,jaskinia,Jaskinia Barania,Jaskinia Barania,,T.E-11.41,Jaskinia Barania,explicit,JKTZ-OBS-000942,TPN,153030.7,566071.51,1620.285578,,,nieokreslona,zweryfikowane,ok,,{1ED1AF27-2694-4ADB-8BCE-67CBC4981033},tpn:{1ED1AF27-2694-4ADB-8BCE-67CBC4981033}
JKTZ-OBJ-000943,otwor_jaskini,jaskinia,Szczelina nad Partyzancką,Szczelina nad Partyzancką,,T.D-17.10,Szczelina nad Partyzancką,explicit,JKTZ-OBS-000943,TPN,154289.22,572104.69,1396.121486,,,nieokreslona,zweryfikowane,ok,,{90E56D14-17C1-4683-BBA1-7DE28EC4CC4F},tpn:{90E56D14-17C1-4683-BBA1-7DE28EC4CC4F}
JKTZ-OBJ-000944,otwor_jaskini,jaskinia,Nisza z Jaworem,Nisza z Jaworem,,T.D-08.49,Nisza z Jaworem,explicit,JKTZ-OBS-000944,TPN,154137.03,563046.05,1062.646656,,,nieokreslona,niezweryfikowane,ok,,{521EA98B-14D4-4581-9388-E9C79E0A46CF},tpn:{521EA98B-14D4-4581-9388-E9C79E0A46CF}
JKTZ-OBJ-000945,otwor_jaskini,jaskinia,Płaska Nyża,Płaska Nyża,,T.C-15.02,Płaska Nyża,explicit,JKTZ-OBS-000945,TPN,154731.01,569996.32,1335.171981,,,nieokreslona,zweryfikowane,ok,,{13BDEBA6-4CCC-46F4-A787-F34D7CA227A6},tpn:{13BDEBA6-4CCC-46F4-A787-F34D7CA227A6}
JKTZ-OBJ-000946,otwor_jaskini,jaskinia,Schron w Zawraciku,Schron w Zawraciku,,,,missing,JKTZ-OBS-000946,TPN,154358.68,571544.11,1443.635617,,,nieokreslona,zweryfikowane,needs_inventory_id,Brak NR_INWENT w zrodle TPN.,{DB9A3AD7-6249-4DAE-8C11-D37C5D5B78BD},tpn:{DB9A3AD7-6249-4DAE-8C11-D37C5D5B78BD}
JKTZ-OBJ-000947,otwor_jaskini,jaskinia,Schronisko w Międzyścianach I,Schronisko w Międzyścianach I,,T.C-05.01,Schronisko w Międzyścianach I,explicit,JKTZ-OBS-000947,TPN,154262.51,559651.02,1060.482031,,,nieokreslona,zweryfikowane,ok,,{0A7AF2B1-323A-40AB-9D4D-57708D297026},tpn:{0A7AF2B1-323A-40AB-9D4D-57708D297026}
JKTZ-OBJ-000948,otwor_jaskini,jaskinia,Myślenicki Meanderek,Myślenicki Meanderek,,,,missing,JKTZ-OBS-000948,TPN,154278.02,570805.86,1316.723681,,,nieokreslona,zweryfikowane,needs_inventory_id,Brak NR_INWENT w zrodle TPN.,{6C6683BC-DE94-4DAA-8716-64C86939974B},tpn:{6C6683BC-DE94-4DAA-8716-64C86939974B}
JKTZ-OBJ-000949,otwor_jaskini,jaskinia,Jaskinia pod Żebrem,Jaskinia pod Żebrem,,T.D-12.25,Jaskinia pod Żebrem,explicit,JKTZ-OBS-000949,TPN,153707.13,566431.47,1610.505763,,,nieokreslona,zweryfikowane,ok,,{08B68A7A-8E97-4CBB-A0B0-942DE66A475E},tpn:{08B68A7A-8E97-4CBB-A0B0-942DE66A475E}
JKTZ-OBJ-000950,otwor_jaskini,jaskinia,Szczelina przy Nyży z Kozicami,Szczelina przy Nyży z Kozicami,,T.D-12.23,Szczelina przy Nyży z Kozicami,explicit,JKTZ-OBS-000950,TPN,153817.41,566415.34,1529.42502,,,nieokreslona,zweryfikowane,ok,,{45B795AF-C173-450D-BE67-C35C90838094},tpn:{45B795AF-C173-450D-BE67-C35C90838094}
JKTZ-OBJ-000951,otwor_jaskini,jaskinia,Jaskinia Pośrednia,Jaskinia Pośrednia,,T.F-09.14,Jaskinia Pośrednia,explicit,JKTZ-OBS-000951,TPN,152166.25,564370.45,1471.854856,,,nieokreslona,zweryfikowane,ok,,{DB52B34B-B408-408F-9073-4C18141A9053},tpn:{DB52B34B-B408-408F-9073-4C18141A9053}
JKTZ-OBJ-000952,otwor_jaskini,jaskinia,Dziura w Jatkach,Dziura w Jatkach,,T.B-12.10,Dziura w Jatkach,explicit,JKTZ-OBS-000952,TPN,155778.51,567017.83,1315.209907,,,nieokreslona,zweryfikowane,ok,,{CDB87DD3-E756-49FC-92D6-8440095B0F19},tpn:{CDB87DD3-E756-49FC-92D6-8440095B0F19}
JKTZ-OBJ-000953,otwor_jaskini,jaskinia,Szczelina w Krzesanicy I,Szczelina w Krzesanicy I,,T.F-11.03,Szczelina w Krzesanicy I,explicit,JKTZ-OBS-000953,TPN,151962.52,566018.44,2006.217434,,,nieokreslona,niezweryfikowane,ok,,{F0C21DD8-6A0B-46A9-AFCE-1C3B4F668F8E},tpn:{F0C21DD8-6A0B-46A9-AFCE-1C3B4F668F8E}
JKTZ-OBJ-000954,otwor_jaskini,jaskinia,Korytarzyk w Żlebie Niedźwiedź,Korytarzyk w Żlebie Niedźwiedź,,T.F-09.30,Korytarzyk w Żlebie Niedźwiedź,explicit,JKTZ-OBS-000954,TPN,152039.67,564022.17,1333.227656,,,nieokreslona,niezweryfikowane,ok,,{788286A6-E1AD-4823-94E1-D398E379C89E},tpn:{788286A6-E1AD-4823-94E1-D398E379C89E}
JKTZ-OBJ-000955,otwor_jaskini,jaskinia,Koliba w Smytniej,Koliba w Smytniej,,T.E-07.24,Koliba w Smytniej,explicit,JKTZ-OBS-000955,TPN,152902.98,561703.23,1597.758153,,,nieokreslona,niezweryfikowane,ok,,{A9E23154-C63F-4925-A768-BA1C38776DAB},tpn:{A9E23154-C63F-4925-A768-BA1C38776DAB}
JKTZ-OBJ-000956,otwor_jaskini,jaskinia,Dziurawiec,Dziurawiec,,T.D-08.01,Dziurawiec,explicit,JKTZ-OBS-000956,TPN,154322.39,562949.18,1036.081464,,,nieokreslona,niezweryfikowane,ok,,{F056190D-1BE8-4376-9B80-75370F3D0B4C},tpn:{F056190D-1BE8-4376-9B80-75370F3D0B4C}
JKTZ-OBJ-000957,otwor_jaskini,jaskinia,Korytarz do Naciekowej,Korytarz do Naciekowej,,T.D-08.04,Korytarz do Naciekowej,explicit,JKTZ-OBS-000957,TPN,153939.83,563111.24,1128.284663,,,nieokreslona,niezweryfikowane,ok,,{F471728A-5BF9-4F10-A72D-F29FDA6D4D0F},tpn:{F471728A-5BF9-4F10-A72D-F29FDA6D4D0F}
JKTZ-OBJ-000958,otwor_jaskini,jaskinia,Szczelina nad Zimną,Szczelina nad Zimną,,T.D-08.19,Szczelina nad Zimną,explicit,JKTZ-OBS-000958,TPN,153856.82,563147.43,1203.604966,,,nieokreslona,niezweryfikowane,ok,,{7A00AB50-FC9A-4C01-B7CC-5315AC461DEB},tpn:{7A00AB50-FC9A-4C01-B7CC-5315AC461DEB}
JKTZ-OBJ-000959,otwor_jaskini,jaskinia,Jaskinia Lodowa w Twardych Spadach,Jaskinia Lodowa w Twardych Spadach,,T.E-11.44,Jaskinia Lodowa w Twardych Spadach,explicit,JKTZ-OBS-000959,TPN,152963.91,565543.81,1494.491539,,,nieokreslona,zweryfikowane,ok,,{2E358A4E-0E5A-4C53-8741-5B600187AF74},tpn:{2E358A4E-0E5A-4C53-8741-5B600187AF74}
JKTZ-OBJ-000960,otwor_jaskini,jaskinia,Schron za Smoczą Jamą,Schron za Smoczą Jamą,,T.E-08.72,Schron za Smoczą Jamą,explicit,JKTZ-OBS-000960,TPN,152631.99,563125,1112.546244,,,nieokreslona,niezweryfikowane,ok,,{FCC7A4D6-7779-45D7-B594-AF18F1EBB840},tpn:{FCC7A4D6-7779-45D7-B594-AF18F1EBB840}
JKTZ-OBJ-000961,otwor_jaskini,jaskinia,Filipczańska Szczelina,Filipczańska Szczelina,,T.B-24.02,Filipczańska Szczelina,explicit,JKTZ-OBS-000961,TPN,156755.43,578540.67,1093.625307,,,nieokreslona,zweryfikowane,ok,,{9C9CC0E8-06A3-40BA-B151-52C9570B5AD3},tpn:{9C9CC0E8-06A3-40BA-B151-52C9570B5AD3}
JKTZ-OBJ-000962,otwor_jaskini,jaskinia,Dziura w Organach II,Dziura w Organach II,,T.D-09.10,Dziura w Organach II,explicit,JKTZ-OBS-000962,TPN,153625.49,563320.48,1292.695509,,,nieokreslona,niezweryfikowane,ok,,{C334F817-A3EB-4A25-A18D-D32F83914A97},tpn:{C334F817-A3EB-4A25-A18D-D32F83914A97}
JKTZ-OBJ-000963,otwor_jaskini,jaskinia,Szuflada Górna,Szuflada Górna,,T.E-12.53,Szuflada Górna,explicit,JKTZ-OBS-000963,TPN,153423.66,566700.25,1764.234374,,,nieokreslona,zweryfikowane,ok,,{AE4692C9-7EAB-49BE-A0E6-8414F3E282C0},tpn:{AE4692C9-7EAB-49BE-A0E6-8414F3E282C0}
JKTZ-OBJ-000964,otwor_jaskini,jaskinia,Kamienista Szczelina,Kamienista Szczelina,,T.F-10.10,Kamienista Szczelina,explicit,JKTZ-OBS-000964,TPN,152237.33,565040.9,1782.093464,,,nieokreslona,zweryfikowane,ok,,{351A058B-B529-46D8-82DE-EA6496AA3F0D},tpn:{351A058B-B529-46D8-82DE-EA6496AA3F0D}
JKTZ-OBJ-000965,otwor_jaskini,jaskinia,Jaskinia przy Żlebie,Jaskinia przy Żlebie,,T.E-08.11,Jaskinia przy Żlebie,explicit,JKTZ-OBS-000965,TPN,152693.65,562632.41,1123.257129,,,nieokreslona,niezweryfikowane,ok,,{DCA7BDC2-40F1-426B-95C8-3F7790F9EC0A},tpn:{DCA7BDC2-40F1-426B-95C8-3F7790F9EC0A}
JKTZ-OBJ-000966,otwor_jaskini,jaskinia,Jaskinia nad Piargiem,Jaskinia nad Piargiem,,T.E-11.07,Jaskinia nad Piargiem,explicit,JKTZ-OBS-000966,TPN,152996.36,565854.48,1479.095283,,,nieokreslona,zweryfikowane,ok,,{35A33CC1-FFFF-4A8F-9D5B-4F77880D9563},tpn:{35A33CC1-FFFF-4A8F-9D5B-4F77880D9563}
JKTZ-OBJ-000967,otwor_jaskini,jaskinia,"Jaskinia pod Dachem, górny",Jaskinia pod Dachem,górny,T.E-11.08,Jaskinia pod Dachem,explicit,JKTZ-OBS-000967,TPN,152999.65,565882.8,1525.078492,,,nieokreslona,zweryfikowane,ok,,{273C4EE6-2362-47EA-A8A1-FCAF3658C6E5},tpn:{273C4EE6-2362-47EA-A8A1-FCAF3658C6E5}
JKTZ-OBJ-000968,otwor_jaskini,jaskinia,Nyża w Białym Grzbiecie,Nyża w Białym Grzbiecie,,,,missing,JKTZ-OBS-000968,TPN,154938.9,569584.91,1401.420114,,,nieokreslona,zweryfikowane,needs_inventory_id,Brak NR_INWENT w zrodle TPN.,{0AD65DEC-21FD-49ED-9416-5CDFAEB34D29},tpn:{0AD65DEC-21FD-49ED-9416-5CDFAEB34D29}
JKTZ-OBJ-000969,otwor_jaskini,jaskinia,Jaskinia nad Wyżniem,Jaskinia nad Wyżniem,,T.D-12.13,Jaskinia nad Wyżniem,explicit,JKTZ-OBS-000969,TPN,153697.71,566765.1,1455.397129,,,nieokreslona,zweryfikowane,ok,,{ACA83324-7B5B-468A-A8A9-24D36AFF313E},tpn:{ACA83324-7B5B-468A-A8A9-24D36AFF313E}
JKTZ-OBJ-000970,otwor_jaskini,jaskinia,Jaskinia przy Wymytem,Jaskinia przy Wymytem,,,,missing,JKTZ-OBS-000970,TPN,155971.56,568495.84,1192.387516,,,nieokreslona,zweryfikowane,needs_inventory_id,Brak NR_INWENT w zrodle TPN.,{F4458B31-FE66-4983-91C6-5D0CD1A11BC7},tpn:{F4458B31-FE66-4983-91C6-5D0CD1A11BC7}
JKTZ-OBJ-000971,otwor_jaskini,jaskinia,Dziura nad Zawaliskiem,Dziura nad Zawaliskiem,,T.F-10.18,Dziura nad Zawaliskiem,explicit,JKTZ-OBS-000971,TPN,151896.31,565118.98,1802.850138,,,nieokreslona,niezweryfikowane,ok,,{C7AA36ED-BD41-433F-95C9-19DE153C6BD7},tpn:{C7AA36ED-BD41-433F-95C9-19DE153C6BD7}
JKTZ-OBJ-000972,otwor_jaskini,jaskinia,Kominki w Panienkach Smytniańskich,Kominki w Panienkach Smytniańskich,,T.F-07.01,Kominki w Panienkach Smytniańskich,explicit,JKTZ-OBS-000972,TPN,152121.45,562200.71,1193.056978,,,nieokreslona,niezweryfikowane,ok,,{5AAB57A3-CC95-4AE0-ADF1-C335F1DB7601},tpn:{5AAB57A3-CC95-4AE0-ADF1-C335F1DB7601}
JKTZ-OBJ-000973,otwor_jaskini,jaskinia,Jasiowy Schron,Jasiowy Schron,,T.A-12.02,Jasiowy Schron,explicit,JKTZ-OBS-000973,TPN,156704.69,566502.5,1051.093261,,,nieokreslona,zweryfikowane,ok,,{865E0BA1-D61B-482A-B8FB-EBF7250C1926},tpn:{865E0BA1-D61B-482A-B8FB-EBF7250C1926}
JKTZ-OBJ-000974,otwor_jaskini,jaskinia,Studnia w Mnichu,Studnia w Mnichu,,T.L-22.04,Studnia w Mnichu,explicit,JKTZ-OBS-000974,TPN,147851.36,576883.24,1862.112246,,,nieokreslona,niezweryfikowane,ok,,{F40A4977-A74C-4C64-8D83-4908CE641CA0},tpn:{F40A4977-A74C-4C64-8D83-4908CE641CA0}
JKTZ-OBJ-000975,otwor_jaskini,jaskinia,Dziurka od Klucza,Dziurka od Klucza,,T.E-07.34,Dziurka od Klucza,explicit,JKTZ-OBS-000975,TPN,153148,561518.82,1610.380248,,,nieokreslona,niezweryfikowane,ok,,{EFD78893-DFFA-45AB-B283-DA40ADBBCCC0},tpn:{EFD78893-DFFA-45AB-B283-DA40ADBBCCC0}
JKTZ-OBJ-000976,otwor_jaskini,jaskinia,Schron za Smrekiem,Schron za Smrekiem,,T.E-05.05,Schron za Smrekiem,explicit,JKTZ-OBS-000976,TPN,153040.87,559849.32,1439.717255,,,nieokreslona,niezweryfikowane,ok,,{455D8919-51F3-4745-B0AE-C8455F437A5E},tpn:{455D8919-51F3-4745-B0AE-C8455F437A5E}
JKTZ-OBJ-000977,otwor_jaskini,jaskinia,Awen w Ratuszu,Awen w Ratuszu,,T.E-12.24,Awen w Ratuszu,explicit,JKTZ-OBS-000977,TPN,153245,566740,1859.308427,,,nieokreslona,zweryfikowane,ok,,{20C4681B-95FB-429D-8879-6ABC0A688F4E},tpn:{20C4681B-95FB-429D-8879-6ABC0A688F4E}
JKTZ-OBJ-000978,otwor_jaskini,jaskinia,Jaskinia Kasprowa Niżnia,Jaskinia Kasprowa Niżnia,,T.D-16.03,Jaskinia Kasprowa Niżnia,explicit,JKTZ-OBS-000978,TPN,154530.43,571181.83,1216.555032,,,nieokreslona,zweryfikowane,ok,,{87AEB6FC-4A62-4EF4-A1F2-255E6E33C54A},tpn:{87AEB6FC-4A62-4EF4-A1F2-255E6E33C54A}
JKTZ-OBJ-000979,otwor_jaskini,jaskinia,Ukryty Schron,Ukryty Schron,,T.E-09.22,Ukryty Schron,explicit,JKTZ-OBS-000979,TPN,152445.54,563569.6,1184.057367,,,nieokreslona,niezweryfikowane,ok,,{B143E13B-7FAE-4E0F-A6DA-0C2BE556D604},tpn:{B143E13B-7FAE-4E0F-A6DA-0C2BE556D604}
JKTZ-OBJ-000980,otwor_jaskini,jaskinia,Szczelina w Koprowym Żlebie,Szczelina w Koprowym Żlebie,,,,missing,JKTZ-OBS-000980,TPN,152782.42,567735.93,1870.064746,,,nieokreslona,zweryfikowane,needs_inventory_id,Brak NR_INWENT w zrodle TPN.,{FC5F97CD-C35E-4A49-8D19-4A40A0767A88},tpn:{FC5F97CD-C35E-4A49-8D19-4A40A0767A88}
JKTZ-OBJ-000981,otwor_jaskini,jaskinia,Meander nad Kominem Flacha,Meander nad Kominem Flacha,,,,missing,JKTZ-OBS-000981,TPN,153657.05,566838.12,1569.445644,,,nieokreslona,zweryfikowane,needs_inventory_id,Brak NR_INWENT w zrodle TPN.,{77C43DE2-6B32-42CD-AB72-BDBE4D57DD49},tpn:{77C43DE2-6B32-42CD-AB72-BDBE4D57DD49}
JKTZ-OBJ-000982,otwor_jaskini,jaskinia,"Jaskinia Mroźna, wejście na trasę turystyczną",Jaskinia Mroźna,wejście na trasę turystyczną,T.D-08.07,Jaskinia Mroźna,explicit,JKTZ-OBS-000982,TPN,154220.9,563322.65,1092.549975,,,nieokreslona,zweryfikowane,ok,,{71432220-CA17-4420-ACC8-394596EDF79F},tpn:{71432220-CA17-4420-ACC8-394596EDF79F}
JKTZ-OBJ-000983,otwor_jaskini,jaskinia,Jaskinia Mała,Jaskinia Mała,,T.D-04.04,Jaskinia Mała,explicit,JKTZ-OBS-000983,TPN,153492.82,559100.32,1046.834814,,,nieokreslona,zweryfikowane,ok,,{68C5B676-CB19-4F69-8A10-38C6458CDCE1},tpn:{68C5B676-CB19-4F69-8A10-38C6458CDCE1}
JKTZ-OBJ-000984,otwor_jaskini,jaskinia,Ziobrowy Schron,Ziobrowy Schron,,T.E-08.65,Ziobrowy Schron,explicit,JKTZ-OBS-000984,TPN,152681.05,562744.16,1039.034335,,,nieokreslona,niezweryfikowane,ok,,{F412698D-1B79-42B1-BC65-3C2917E7877B},tpn:{F412698D-1B79-42B1-BC65-3C2917E7877B}
JKTZ-OBJ-000985,otwor_jaskini,jaskinia,Nyża z Mostem,Nyża z Mostem,,T.C-15.04,Nyża z Mostem,explicit,JKTZ-OBS-000985,TPN,154661.18,569995.07,1378.266565,,,nieokreslona,zweryfikowane,ok,,{792E7D4A-02EC-4EE5-B409-34CF9018F530},tpn:{792E7D4A-02EC-4EE5-B409-34CF9018F530}
JKTZ-OBJ-000986,otwor_jaskini,jaskinia,Studnia z Kosówką,Studnia z Kosówką,,T.E-12.26,Studnia z Kosówką,explicit,JKTZ-OBS-000986,TPN,152864.03,567080.64,1833.839881,,,nieokreslona,zweryfikowane,ok,,{A1BCA871-572E-4186-AC4F-34A1C8EC1AB5},tpn:{A1BCA871-572E-4186-AC4F-34A1C8EC1AB5}
JKTZ-OBJ-000987,otwor_jaskini,jaskinia,Korytarz nad Mroźną,Korytarz nad Mroźną,,,,missing,JKTZ-OBS-000987,TPN,153950.95,563107.04,1127.8469,,,nieokreslona,zweryfikowane,needs_inventory_id,Brak NR_INWENT w zrodle TPN.,{F275B71F-8034-4305-8ECF-95EF2F9B4AE0},tpn:{F275B71F-8034-4305-8ECF-95EF2F9B4AE0}
JKTZ-OBJ-000988,otwor_jaskini,jaskinia,Piwniczka,Piwniczka,,T.E-10.04,Piwniczka,explicit,JKTZ-OBS-000988,TPN,153422.79,565105.15,1390.873148,,,nieokreslona,niezweryfikowane,ok,,{45DB9DC6-2CA9-448A-A2A1-D0A3BB4C1F16},tpn:{45DB9DC6-2CA9-448A-A2A1-D0A3BB4C1F16}
JKTZ-OBJ-000989,otwor_jaskini,jaskinia,Schron nad Kominami,Schron nad Kominami,,T.E-11.40,Schron nad Kominami,explicit,JKTZ-OBS-000989,TPN,152957.29,565457.33,1677.935522,,,nieokreslona,niezweryfikowane,ok,,{05F4E7B0-CB85-4581-9801-3F728EBB1EE6},tpn:{05F4E7B0-CB85-4581-9801-3F728EBB1EE6}
JKTZ-OBJ-000990,otwor_jaskini,jaskinia,Gawra przy Zagonie,Gawra przy Zagonie,,T.D-12.27,Gawra przy Zagonie,explicit,JKTZ-OBS-000990,TPN,153849.19,566567.15,1409.86473,,,nieokreslona,zweryfikowane,ok,,{DB66AF9F-1408-4677-AA62-889486645567},tpn:{DB66AF9F-1408-4677-AA62-889486645567}
JKTZ-OBJ-000991,otwor_jaskini,jaskinia,Jaskinia pod Progiem,Jaskinia pod Progiem,,T.E-12.54,Jaskinia pod Progiem,explicit,JKTZ-OBS-000991,TPN,153472.78,566637.07,1760.029097,,,nieokreslona,zweryfikowane,ok,,{397888B8-8D89-4FE6-8539-3CC5D04C0220},tpn:{397888B8-8D89-4FE6-8539-3CC5D04C0220}
JKTZ-OBJ-000992,otwor_jaskini,jaskinia,Zielona Szczelina,Zielona Szczelina,,,,missing,JKTZ-OBS-000992,TPN,152526.61,563387.58,1138.477099,,,nieokreslona,zweryfikowane,needs_inventory_id,Brak NR_INWENT w zrodle TPN.,{5085400E-9C55-4BDE-89C7-740A8F6190B6},tpn:{5085400E-9C55-4BDE-89C7-740A8F6190B6}
JKTZ-OBJ-000993,otwor_jaskini,jaskinia,Jaskinia Błotna,Jaskinia Błotna,,T.D-12.05,Jaskinia Błotna,explicit,JKTZ-OBS-000993,TPN,153752.33,566450.51,1543.747007,,,nieokreslona,zweryfikowane,ok,,{E0EE1630-F20D-4FB6-BAEC-F5C9906B4DF6},tpn:{E0EE1630-F20D-4FB6-BAEC-F5C9906B4DF6}
JKTZ-OBJ-000994,otwor_jaskini,jaskinia,Zaspałkowa Szczelina,Zaspałkowa Szczelina,,T.E-13.04,Zaspałkowa Szczelina,explicit,JKTZ-OBS-000994,TPN,152759.66,567509.69,1742.045049,,,nieokreslona,zweryfikowane,ok,,{CA9EF295-4FB4-43D5-9D7E-005DAC6FF8B4},tpn:{CA9EF295-4FB4-43D5-9D7E-005DAC6FF8B4}
JKTZ-OBJ-000995,otwor_jaskini,jaskinia,Ptasia Studnia dolny otwór,Ptasia Studnia dolny otwór,,,,missing,JKTZ-OBS-000995,TPN,152961.77,565810.77,1481.389212,,,nieokreslona,zweryfikowane,needs_inventory_id,Brak NR_INWENT w zrodle TPN.,{964DB8E1-2BE8-4126-A9D2-2DA687C5CD0D},tpn:{964DB8E1-2BE8-4126-A9D2-2DA687C5CD0D}
JKTZ-OBJ-000996,otwor_jaskini,jaskinia,Jaskinia pod Szczytem,Jaskinia pod Szczytem,,T.D-17.04,Jaskinia pod Szczytem,explicit,JKTZ-OBS-000996,TPN,154367.76,571504.17,1392.602471,,,nieokreslona,zweryfikowane,ok,,{7D9BC151-841B-4688-8811-967984B4AABD},tpn:{7D9BC151-841B-4688-8811-967984B4AABD}
JKTZ-OBJ-000997,otwor_jaskini,jaskinia,Dziura za Głazami,Dziura za Głazami,,T.C-15.01,Dziura za Głazami,explicit,JKTZ-OBS-000997,TPN,154718.98,569991.19,1340.670351,,,nieokreslona,zweryfikowane,ok,,{680A5D85-75B2-482B-9A94-D904A39945B6},tpn:{680A5D85-75B2-482B-9A94-D904A39945B6}
JKTZ-OBJ-000998,otwor_jaskini,jaskinia,Dziura nad Wapiennikiem,Dziura nad Wapiennikiem,,T.D-08.37,Dziura nad Wapiennikiem,explicit,JKTZ-OBS-000998,TPN,154151.2,562901.74,1005.279674,,,nieokreslona,niezweryfikowane,ok,,{169E7850-6009-4B5F-AE5C-16CC56890B97},tpn:{169E7850-6009-4B5F-AE5C-16CC56890B97}
JKTZ-OBJ-000999,otwor_jaskini,jaskinia,Rura nad Okapami,Rura nad Okapami,,,,missing,JKTZ-OBS-000999,TPN,153688.32,566880.68,1506.34965,,,nieokreslona,zweryfikowane,needs_inventory_id,Brak NR_INWENT w zrodle TPN.,{72C1A44A-0423-4C26-A336-2B5CB36B3FDA},tpn:{72C1A44A-0423-4C26-A336-2B5CB36B3FDA}
JKTZ-OBJ-001000,otwor_jaskini,jaskinia,Szczelina za Ratuszem,Szczelina za Ratuszem,,T.E-11.72,Szczelina za Ratuszem,explicit,JKTZ-OBS-001000,TPN,153222.29,566120.51,1683.996585,,,nieokreslona,zweryfikowane,ok,,{E565B1F6-5FC8-48E9-9ED9-E11F218C8B04},tpn:{E565B1F6-5FC8-48E9-9ED9-E11F218C8B04}
JKTZ-OBJ-001001,otwor_jaskini,jaskinia,Schron w Małym szerokiem II,Schron w Małym szerokiem II,,,,missing,JKTZ-OBS-001001,TPN,153288.8,568121.25,1731.44577,,,nieokreslona,zweryfikowane,needs_inventory_id,Brak NR_INWENT w zrodle TPN.,{B8BC1EDD-8A32-4819-974B-7B55CA77221A},tpn:{B8BC1EDD-8A32-4819-974B-7B55CA77221A}
JKTZ-OBJ-001002,otwor_jaskini,jaskinia,Komora nad Kobylarzem,Komora nad Kobylarzem,,,,missing,JKTZ-OBS-001002,TPN,153604.21,565956.69,1541.85404,,,nieokreslona,zweryfikowane,needs_inventory_id,Brak NR_INWENT w zrodle TPN.,{245D9CE7-7EA0-430E-8BD7-CB5BCB2A365B},tpn:{245D9CE7-7EA0-430E-8BD7-CB5BCB2A365B}
JKTZ-OBJ-001003,otwor_jaskini,jaskinia,Gawra w Żabim,Gawra w Żabim,,,,missing,JKTZ-OBS-001003,TPN,149226.73,578705.58,1488.415164,,,nieokreslona,zweryfikowane,needs_inventory_id,Brak NR_INWENT w zrodle TPN.,{1EC639A6-0C1C-4522-B7A4-6423E7FA3AC0},tpn:{1EC639A6-0C1C-4522-B7A4-6423E7FA3AC0}
JKTZ-OBJ-001004,otwor_jaskini,jaskinia,Szczelina na Drodze Steckiego,Szczelina na Drodze Steckiego,,T.E-11.53,Szczelina na Drodze Steckiego,explicit,JKTZ-OBS-001004,TPN,153126.39,565992.65,1642.779896,,,nieokreslona,niezweryfikowane,ok,,{766D6D08-D9FD-492C-95DE-6CC01A2EFD24},tpn:{766D6D08-D9FD-492C-95DE-6CC01A2EFD24}
JKTZ-OBJ-001005,otwor_jaskini,jaskinia,Szczelina w Niżniej Świstówce III,Szczelina w Niżniej Świstówce III,,,,missing,JKTZ-OBS-001005,TPN,153285.2,567378.93,1538.054134,,,nieokreslona,zweryfikowane,needs_inventory_id,Brak NR_INWENT w zrodle TPN.,{89FC0421-8243-453B-B724-DAC2C28E9BF8},tpn:{89FC0421-8243-453B-B724-DAC2C28E9BF8}
